employee_id,department_id,department_name,role,salary,start_date,end_date,is_current
E000001,1,Engineering,Product Manager,804161.05,2023-01-04,2024-12-31,False
E000002,2,Finance,Business Analyst,780784.64,2021-05-27,2024-12-31,False
E000003,3,Human Resources,Product Manager,1455440.81,2019-07-26,2024-12-31,False
E000004,5,Marketing,Business Analyst,677584.04,2020-11-27,2024-12-31,False
E000005,2,Finance,Software Engineer,1782060.5,2023-01-20,2024-12-31,False
E000006,5,Marketing,Project Manager,1027855.16,2023-11-15,2024-12-31,False
E000007,2,Finance,Marketing Specialist,487910.39,2024-06-01,2024-12-31,False
E000008,1,Engineering,Software Engineer,1320247.89,2016-02-15,2024-12-31,False
E000009,6,Operations,Product Manager,1370176.34,2023-04-29,2024-12-31,False
E000010,2,Finance,HR Specialist,1164504.95,2018-06-06,2024-12-31,False
E000011,3,Human Resources,Senior Software Engineer,2123242.17,2019-01-28,2024-12-31,False
E000012,1,Engineering,Product Manager,1965636.03,2022-01-17,2024-12-31,False
E000013,3,Human Resources,Software Engineer,410466.95,2021-08-07,2024-12-31,False
E000014,2,Finance,Project Manager,1940807.18,2003-07-15,2024-12-31,False
E000015,1,Engineering,Operations Analyst,1578458.61,2023-07-08,2024-12-31,False
E000016,3,Human Resources,Data Scientist,2077894.8,2018-12-18,2024-12-31,False
E000017,1,Engineering,Marketing Specialist,1662739.4,2020-10-16,2024-12-31,False
E000018,3,Human Resources,Financial Analyst,1211910.23,2014-05-18,2024-12-31,False
E000019,4,Sales,Data Analyst,867525.09,2013-10-16,2024-12-31,False
E000020,6,Operations,HR Specialist,1982574.69,2024-06-01,2024-12-31,False
E000021,6,Operations,Data Analyst,1597812.42,2024-03-26,2024-12-31,False
E000022,6,Operations,Data Scientist,965590.84,2021-12-09,2024-12-31,False
E000023,6,Operations,Software Engineer,892755.08,2023-08-08,2024-12-31,False
E000024,2,Finance,Data Analyst,1555299.33,2022-12-30,2024-12-31,False
E000025,1,Engineering,Product Manager,1517660.14,2024-06-01,2024-12-31,False
E000026,4,Sales,Software Engineer,1524632.83,2018-09-02,2024-12-31,False
E000027,4,Sales,Project Manager,818428.85,2007-05-07,2024-12-31,False
E000028,3,Human Resources,Software Engineer,970356.86,2022-07-11,2024-12-31,False
E000029,1,Engineering,Operations Analyst,849386.06,2023-01-20,2024-12-31,False
E000030,5,Marketing,Data Analyst,1180359.84,2022-05-06,2024-12-31,False
E000031,5,Marketing,Data Analyst,708230.28,2016-06-15,2024-12-31,False
E000032,6,Operations,Financial Analyst,1008421.28,2012-04-28,2024-12-31,False
E000033,6,Operations,Financial Analyst,1741974.12,2023-10-23,2024-12-31,False
E000034,1,Engineering,Financial Analyst,539704.28,2024-06-01,2024-12-31,False
E000035,6,Operations,Product Manager,2025146.21,2023-12-08,2024-12-31,False
E000036,3,Human Resources,Data Analyst,913280.71,2016-10-06,2024-12-31,False
E000037,2,Finance,Software Engineer,2052270.11,2015-12-07,2024-12-31,False
E000038,6,Operations,Software Engineer,1259232.48,2023-07-18,2024-12-31,False
E000039,5,Marketing,Marketing Specialist,2050196.12,2017-09-08,2024-12-31,False
E000040,2,Finance,Data Analyst,529921.67,2017-09-01,2024-12-31,False
E000041,6,Operations,Sales Executive,1101395.17,2023-08-18,2024-12-31,False
E000042,2,Finance,Operations Analyst,1370490.02,2022-05-03,2024-12-31,False
E000043,3,Human Resources,Product Manager,2287514.13,2004-08-03,2024-12-31,False
E000044,2,Finance,Data Scientist,679927.19,2024-06-01,2024-12-31,False
E000045,3,Human Resources,Project Manager,345542.47,2024-06-01,2024-12-31,False
E000046,1,Engineering,Operations Analyst,486410.52,2021-03-27,2024-12-31,False
E000047,3,Human Resources,Marketing Specialist,732213.4,2014-04-26,2024-12-31,False
E000048,1,Engineering,Product Manager,664679.61,2019-04-06,2024-12-31,False
E000049,3,Human Resources,Data Scientist,1017208.45,2023-07-04,2024-12-31,False
E000050,4,Sales,Business Analyst,925677.07,2024-01-30,2024-12-31,False
E000051,2,Finance,HR Specialist,735260.58,2019-12-09,2024-12-31,False
E000052,5,Marketing,Sales Executive,1015771.91,2017-10-13,2024-12-31,False
E000053,6,Operations,Business Analyst,399163.35,2024-02-13,2024-12-31,False
E000054,1,Engineering,Software Engineer,1396816.05,2018-01-15,2024-12-31,False
E000055,2,Finance,Business Analyst,1117034.19,2022-11-25,2024-12-31,False
E000056,3,Human Resources,Business Analyst,1965505.57,2022-08-02,2024-12-31,False
E000057,5,Marketing,Project Manager,1019943.46,2016-03-26,2024-12-31,False
E000058,4,Sales,Sales Executive,1453226.84,2015-08-31,2024-12-31,False
E000059,2,Finance,HR Specialist,1970480.38,2024-06-01,2024-12-31,False
E000060,3,Human Resources,Sales Executive,317192.68,2018-04-12,2024-12-31,False
E000061,2,Finance,Product Manager,1988955.63,2012-01-04,2024-12-31,False
E000062,3,Human Resources,Business Analyst,1937228.16,2013-05-20,2024-12-31,False
E000063,1,Engineering,Data Analyst,1680056.58,2020-12-19,2024-12-31,False
E000064,1,Engineering,Senior Software Engineer,1802121.82,2020-04-20,2024-12-31,False
E000065,1,Engineering,Senior Software Engineer,1018535.72,2023-11-07,2024-12-31,False
E000066,3,Human Resources,HR Specialist,453731.56,2011-02-21,2024-12-31,False
E000067,6,Operations,Marketing Specialist,605452.08,2011-11-08,2024-12-31,False
E000068,5,Marketing,Operations Analyst,1830287.23,2020-09-10,2024-12-31,False
E000069,5,Marketing,Data Analyst,1309818.47,2022-08-28,2024-12-31,False
E000070,5,Marketing,Sales Executive,872068.39,2023-03-23,2024-12-31,False
E000071,4,Sales,Project Manager,682763.75,2022-10-03,2024-12-31,False
E000072,5,Marketing,Business Analyst,1909527.49,2023-08-08,2024-12-31,False
E000073,4,Sales,HR Specialist,776936.37,2024-06-01,2024-12-31,False
E000074,5,Marketing,Marketing Specialist,1389243.55,2021-05-31,2024-12-31,False
E000075,1,Engineering,Operations Analyst,383556.48,2022-09-06,2024-12-31,False
E000076,3,Human Resources,Data Analyst,1591384.97,2023-04-15,2024-12-31,False
E000077,4,Sales,Data Analyst,1730513.66,2023-04-26,2024-12-31,False
E000078,6,Operations,Software Engineer,1893257.89,2023-07-01,2024-12-31,False
E000079,2,Finance,Software Engineer,1874824.41,2023-07-31,2024-12-31,False
E000080,5,Marketing,Project Manager,1589869.26,2011-01-01,2024-12-31,False
E000081,5,Marketing,Data Scientist,1516073.21,2019-07-19,2024-12-31,False
E000082,4,Sales,Financial Analyst,1416703.55,2010-11-03,2024-12-31,False
E000083,4,Sales,Financial Analyst,1434475.98,2022-10-18,2024-12-31,False
E000084,5,Marketing,Financial Analyst,1570691.18,2023-11-07,2024-12-31,False
E000085,6,Operations,Data Scientist,275541.77,2019-03-03,2024-12-31,False
E000086,5,Marketing,Project Manager,1459965.9,2017-11-07,2024-12-31,False
E000087,3,Human Resources,Operations Analyst,978505.89,2024-06-01,2024-12-31,False
E000088,6,Operations,HR Specialist,1804925.17,2018-09-21,2024-12-31,False
E000089,4,Sales,Software Engineer,2274823.14,2018-04-11,2024-12-31,False
E000090,1,Engineering,Senior Software Engineer,796485.34,2017-01-12,2024-12-31,False
E000091,4,Sales,Operations Analyst,1116513.03,2004-06-09,2024-12-31,False
E000092,1,Engineering,Product Manager,364407.95,2023-03-01,2024-12-31,False
E000093,5,Marketing,Operations Analyst,1913592.55,2020-06-29,2024-12-31,False
E000094,3,Human Resources,Product Manager,1433920.3,2023-04-02,2024-12-31,False
E000095,6,Operations,Marketing Specialist,699038.79,2022-12-04,2024-12-31,False
E000096,6,Operations,Data Analyst,1782020.37,2021-05-09,2024-12-31,False
E000097,5,Marketing,Data Analyst,1337059.04,2022-11-14,2024-12-31,False
E000098,1,Engineering,Operations Analyst,2034668.06,2021-11-11,2024-12-31,False
E000099,3,Human Resources,Product Manager,272563.41,2024-02-25,2024-12-31,False
E000100,2,Finance,Sales Executive,2088647.62,2023-03-01,2024-12-31,False
E000101,1,Engineering,Project Manager,527540.33,2023-06-18,2024-12-31,False
E000102,2,Finance,HR Specialist,1039388.8,2022-03-23,2024-12-31,False
E000103,5,Marketing,Project Manager,1265861.46,2020-12-25,2024-12-31,False
E000104,2,Finance,Software Engineer,2127588.86,2015-01-25,2024-12-31,False
E000105,3,Human Resources,HR Specialist,971458.27,2024-06-01,2024-12-31,False
E000106,1,Engineering,Project Manager,773405.8,2020-02-09,2024-12-31,False
E000107,4,Sales,Financial Analyst,1050710.77,2021-01-26,2024-12-31,False
E000108,5,Marketing,Product Manager,1351181.5,2023-01-20,2024-12-31,False
E000109,4,Sales,Operations Analyst,1291591.74,2024-03-17,2024-12-31,False
E000110,2,Finance,Financial Analyst,1138729.29,2022-01-12,2024-12-31,False
E000111,4,Sales,Data Scientist,1422638.91,2022-09-04,2024-12-31,False
E000112,3,Human Resources,Product Manager,1617476.94,2019-09-07,2024-12-31,False
E000113,2,Finance,HR Specialist,1901229.79,2023-07-21,2024-12-31,False
E000114,4,Sales,HR Specialist,1640975.07,2024-06-01,2024-12-31,False
E000115,3,Human Resources,Project Manager,1053709.36,2022-07-19,2024-12-31,False
E000116,4,Sales,Senior Software Engineer,1943706.5,2023-11-15,2024-12-31,False
E000117,4,Sales,Product Manager,1830536.28,2024-06-01,2024-12-31,False
E000118,6,Operations,Financial Analyst,1425132.88,2023-08-04,2024-12-31,False
E000119,1,Engineering,Project Manager,334962.43,2019-08-03,2024-12-31,False
E000120,5,Marketing,Data Analyst,1502625.07,2022-05-30,2024-12-31,False
E000121,5,Marketing,Product Manager,1985709.5,2023-08-26,2024-12-31,False
E000122,4,Sales,HR Specialist,338219.28,2022-07-20,2024-12-31,False
E000123,1,Engineering,Senior Software Engineer,553042.84,2023-06-30,2024-12-31,False
E000124,2,Finance,Sales Executive,990504.83,2022-02-18,2024-12-31,False
E000125,6,Operations,Data Scientist,2034113.13,2020-06-25,2024-12-31,False
E000126,6,Operations,Product Manager,1822136.17,2020-12-22,2024-12-31,False
E000127,4,Sales,Financial Analyst,1045664.04,2014-11-14,2024-12-31,False
E000128,6,Operations,Operations Analyst,1335833.67,2018-03-06,2024-12-31,False
E000129,5,Marketing,Senior Software Engineer,1378040.96,2015-05-31,2024-12-31,False
E000130,2,Finance,Software Engineer,265813.46,2023-01-06,2024-12-31,False
E000131,3,Human Resources,Product Manager,1874946.03,2020-04-27,2024-12-31,False
E000132,2,Finance,Senior Software Engineer,1321393.02,2018-05-01,2024-12-31,False
E000133,4,Sales,Sales Executive,1310196.27,2023-12-03,2024-12-31,False
E000134,6,Operations,Data Scientist,874862.75,2012-04-29,2024-12-31,False
E000135,2,Finance,HR Specialist,2149698.4,2021-02-17,2024-12-31,False
E000136,2,Finance,Business Analyst,569563.3,2022-08-22,2024-12-31,False
E000137,1,Engineering,Data Scientist,2179006.35,2023-02-23,2024-12-31,False
E000138,4,Sales,Data Scientist,446035.94,2019-05-21,2024-12-31,False
E000139,2,Finance,Data Analyst,1490463.34,2024-06-01,2024-12-31,False
E000140,5,Marketing,Sales Executive,1935062.12,2021-12-14,2024-12-31,False
E000141,1,Engineering,Senior Software Engineer,2056108.39,2022-05-31,2024-12-31,False
E000142,5,Marketing,HR Specialist,1223036.12,2023-12-04,2024-12-31,False
E000143,5,Marketing,Software Engineer,626167.54,2022-12-30,2024-12-31,False
E000144,2,Finance,Project Manager,545258.22,2024-04-24,2024-12-31,False
E000145,6,Operations,Operations Analyst,1069356.74,2018-08-15,2024-12-31,False
E000146,3,Human Resources,Financial Analyst,579306.65,2023-10-08,2024-12-31,False
E000147,3,Human Resources,Data Analyst,748586.1,2018-03-14,2024-12-31,False
E000148,2,Finance,Senior Software Engineer,1533774.36,2013-04-22,2024-12-31,False
E000149,6,Operations,Software Engineer,377356.79,2015-11-19,2024-12-31,False
E000150,5,Marketing,Product Manager,2237280.62,2023-07-12,2024-12-31,False
E000151,4,Sales,Senior Software Engineer,609554.7,2022-11-18,2024-12-31,False
E000152,4,Sales,Senior Software Engineer,1713948.62,2015-12-04,2024-12-31,False
E000153,2,Finance,Data Scientist,2022095.17,2015-01-27,2024-12-31,False
E000154,5,Marketing,Project Manager,1258801.96,2021-08-28,2024-12-31,False
E000155,1,Engineering,Senior Software Engineer,645708.33,2019-10-05,2024-12-31,False
E000156,5,Marketing,Financial Analyst,2306449.48,2024-06-01,2024-12-31,False
E000157,6,Operations,Data Analyst,593511.61,2024-03-07,2024-12-31,False
E000158,6,Operations,HR Specialist,521882.57,2023-09-26,2024-12-31,False
E000159,5,Marketing,Project Manager,1226917.27,2019-02-02,2024-12-31,False
E000160,3,Human Resources,Operations Analyst,2029881.92,2009-06-18,2024-12-31,False
E000161,1,Engineering,Business Analyst,748057.5,2010-06-04,2024-12-31,False
E000162,3,Human Resources,Business Analyst,1984957.43,2024-06-01,2024-12-31,False
E000163,1,Engineering,Senior Software Engineer,1371852.77,2023-06-10,2024-12-31,False
E000164,1,Engineering,Business Analyst,1759932.33,2016-03-26,2024-12-31,False
E000165,6,Operations,HR Specialist,494337.21,2023-03-04,2024-12-31,False
E000166,5,Marketing,Data Scientist,765073.24,2019-01-16,2024-12-31,False
E000167,4,Sales,Business Analyst,2055442.98,2019-12-21,2024-12-31,False
E000168,2,Finance,Business Analyst,1092654.15,2018-11-30,2024-12-31,False
E000169,2,Finance,HR Specialist,1391914.51,2023-09-30,2024-12-31,False
E000170,3,Human Resources,Sales Executive,1395233.4,2016-08-01,2024-12-31,False
E000171,4,Sales,Product Manager,1322952.06,2024-06-01,2024-12-31,False
E000172,4,Sales,Financial Analyst,1462466.45,2023-11-04,2024-12-31,False
E000173,5,Marketing,Financial Analyst,435985.2,2024-06-01,2024-12-31,False
E000174,3,Human Resources,Data Scientist,1925504.71,2013-12-20,2024-12-31,False
E000175,4,Sales,HR Specialist,543115.86,2023-01-24,2024-12-31,False
E000176,3,Human Resources,Data Analyst,1783493.91,2015-11-22,2024-12-31,False
E000177,1,Engineering,Sales Executive,1101326.48,2024-06-01,2024-12-31,False
E000178,1,Engineering,Data Analyst,1973040.31,2018-04-07,2024-12-31,False
E000179,5,Marketing,Software Engineer,439222.88,2024-06-01,2024-12-31,False
E000180,5,Marketing,Sales Executive,1618376.48,2023-02-26,2024-12-31,False
E000181,6,Operations,Business Analyst,674019.99,2020-09-04,2024-12-31,False
E000182,2,Finance,Financial Analyst,883127.92,2014-10-20,2024-12-31,False
E000183,3,Human Resources,Financial Analyst,946436.91,2023-01-11,2024-12-31,False
E000184,1,Engineering,Operations Analyst,1158329.06,2024-06-01,2024-12-31,False
E000185,1,Engineering,Project Manager,448570.78,2021-09-10,2024-12-31,False
E000186,1,Engineering,Product Manager,1971749.86,2015-07-08,2024-12-31,False
E000187,4,Sales,Senior Software Engineer,2119854.75,2015-03-01,2024-12-31,False
E000188,2,Finance,HR Specialist,738073.16,2022-09-14,2024-12-31,False
E000189,3,Human Resources,Operations Analyst,966943.02,2023-11-22,2024-12-31,False
E000190,1,Engineering,Project Manager,580911.02,2024-04-24,2024-12-31,False
E000191,1,Engineering,Business Analyst,1459179.52,2022-08-25,2024-12-31,False
E000192,6,Operations,Project Manager,1442630.17,2016-01-20,2024-12-31,False
E000193,3,Human Resources,Sales Executive,1827400.5,2020-04-27,2024-12-31,False
E000194,6,Operations,Sales Executive,733500.13,2009-08-21,2024-12-31,False
E000195,5,Marketing,Business Analyst,557263.26,2021-11-03,2024-12-31,False
E000196,4,Sales,Marketing Specialist,624530.06,2024-01-12,2024-12-31,False
E000197,2,Finance,Operations Analyst,1375318.63,2024-05-20,2024-12-31,False
E000198,4,Sales,Project Manager,1034453.71,2024-06-01,2024-12-31,False
E000199,4,Sales,Senior Software Engineer,588807.57,2024-02-20,2024-12-31,False
E000200,2,Finance,Sales Executive,636540.17,2023-02-11,2024-12-31,False
E000201,4,Sales,Product Manager,618535.31,2023-10-20,2024-12-31,False
E000202,2,Finance,Business Analyst,1874319.84,2013-09-04,2024-12-31,False
E000203,1,Engineering,Data Analyst,1452393.75,2024-02-23,2024-12-31,False
E000204,5,Marketing,Software Engineer,1955874.65,2010-03-03,2024-12-31,False
E000205,5,Marketing,Operations Analyst,1861330.29,2024-06-01,2024-12-31,False
E000206,2,Finance,Product Manager,2295507.04,2024-03-01,2024-12-31,False
E000207,4,Sales,Data Analyst,716043.41,2024-06-01,2024-12-31,False
E000208,1,Engineering,Operations Analyst,1063830.57,2024-06-01,2024-12-31,False
E000209,4,Sales,Data Scientist,1645118.87,2021-08-09,2024-12-31,False
E000210,2,Finance,Data Analyst,593765.01,2016-10-18,2024-12-31,False
E000211,4,Sales,Product Manager,2249998.89,2014-10-16,2024-12-31,False
E000212,1,Engineering,Data Scientist,1366245.63,2023-12-30,2024-12-31,False
E000213,2,Finance,Marketing Specialist,1861922.09,2016-08-20,2024-12-31,False
E000214,5,Marketing,Data Scientist,1433752.03,2018-10-10,2024-12-31,False
E000215,5,Marketing,Product Manager,411043.6,2019-08-02,2024-12-31,False
E000216,1,Engineering,Business Analyst,657345.23,2010-11-21,2024-12-31,False
E000217,3,Human Resources,Sales Executive,1303159.14,2022-09-18,2024-12-31,False
E000218,5,Marketing,Operations Analyst,1496512.92,2017-08-05,2024-12-31,False
E000219,5,Marketing,Sales Executive,951627.55,2023-08-06,2024-12-31,False
E000220,6,Operations,HR Specialist,549991.13,2024-02-19,2024-12-31,False
E000221,1,Engineering,Financial Analyst,595799.43,2020-03-03,2024-12-31,False
E000222,1,Engineering,Senior Software Engineer,1990432.57,2012-02-05,2024-12-31,False
E000223,4,Sales,Business Analyst,2041521.02,2020-07-27,2024-12-31,False
E000224,3,Human Resources,Sales Executive,1486209.2,2024-06-01,2024-12-31,False
E000225,5,Marketing,Sales Executive,486493.37,2024-06-01,2024-12-31,False
E000226,5,Marketing,Financial Analyst,464399.09,2009-02-09,2024-12-31,False
E000227,1,Engineering,Data Scientist,1786297.02,2013-04-08,2024-12-31,False
E000228,2,Finance,Marketing Specialist,671375.24,2016-01-23,2024-12-31,False
E000229,3,Human Resources,Marketing Specialist,938306.83,2021-12-05,2024-12-31,False
E000230,3,Human Resources,Business Analyst,1635588.77,2023-11-01,2024-12-31,False
E000231,3,Human Resources,Marketing Specialist,2009221.42,2008-11-04,2024-12-31,False
E000232,2,Finance,Marketing Specialist,1908556.42,2024-02-12,2024-12-31,False
E000233,1,Engineering,Sales Executive,2028923.97,2021-10-31,2024-12-31,False
E000234,1,Engineering,HR Specialist,1524134.15,2023-02-09,2024-12-31,False
E000235,5,Marketing,Business Analyst,1182467.49,2014-06-02,2024-12-31,False
E000236,4,Sales,Senior Software Engineer,1306612.9,2009-06-27,2024-12-31,False
E000237,5,Marketing,Data Analyst,1342752.38,2022-05-19,2024-12-31,False
E000238,5,Marketing,Senior Software Engineer,724099.51,2024-06-01,2024-12-31,False
E000239,5,Marketing,Data Scientist,1041745.97,2023-04-02,2024-12-31,False
E000240,5,Marketing,Operations Analyst,1766950.93,2013-07-23,2024-12-31,False
E000241,6,Operations,Sales Executive,1566857.06,2011-12-14,2024-12-31,False
E000242,1,Engineering,Senior Software Engineer,1334133.92,2021-03-01,2024-12-31,False
E000243,3,Human Resources,Data Scientist,1066365.72,2005-10-16,2024-12-31,False
E000244,6,Operations,Project Manager,2156175.36,2005-02-08,2024-12-31,False
E000245,4,Sales,Software Engineer,1318114.03,2021-05-18,2024-12-31,False
E000246,6,Operations,Sales Executive,388323.75,2017-07-15,2024-12-31,False
E000247,3,Human Resources,Marketing Specialist,1950849.96,2012-12-05,2024-12-31,False
E000248,4,Sales,Marketing Specialist,1650460.01,2012-05-11,2024-12-31,False
E000249,2,Finance,HR Specialist,2165649.56,2013-05-27,2024-12-31,False
E000250,1,Engineering,Project Manager,1572621.91,2003-09-29,2024-12-31,False
E000251,6,Operations,Sales Executive,1552181.81,2024-06-01,2024-12-31,False
E000252,6,Operations,Senior Software Engineer,318687.68,2022-09-18,2024-12-31,False
E000253,1,Engineering,Software Engineer,1647073.01,2020-10-30,2024-12-31,False
E000254,3,Human Resources,Business Analyst,1548389.3,2017-09-19,2024-12-31,False
E000255,6,Operations,Product Manager,1133832.53,2015-12-20,2024-12-31,False
E000256,4,Sales,HR Specialist,1019898.29,2020-04-29,2024-12-31,False
E000257,4,Sales,Data Scientist,583391.86,2020-01-22,2024-12-31,False
E000258,3,Human Resources,Senior Software Engineer,1016343.35,2021-02-25,2024-12-31,False
E000259,3,Human Resources,HR Specialist,905587.51,2014-10-23,2024-12-31,False
E000260,1,Engineering,Sales Executive,389346.07,2016-01-14,2024-12-31,False
E000261,5,Marketing,Sales Executive,1574732.54,2023-01-28,2024-12-31,False
E000262,5,Marketing,Data Scientist,1930814.16,2023-01-04,2024-12-31,False
E000263,2,Finance,Data Analyst,1748916.51,2020-12-19,2024-12-31,False
E000264,3,Human Resources,HR Specialist,1680034.32,2021-11-02,2024-12-31,False
E000265,6,Operations,Sales Executive,937115.91,2024-06-01,2024-12-31,False
E000266,6,Operations,Operations Analyst,756638.39,2020-09-09,2024-12-31,False
E000267,4,Sales,Product Manager,2264798.62,2023-03-07,2024-12-31,False
E000268,6,Operations,Marketing Specialist,1638967.46,2020-06-10,2024-12-31,False
E000269,3,Human Resources,Product Manager,920530.59,2023-08-05,2024-12-31,False
E000270,4,Sales,Data Analyst,1759710.33,2022-01-24,2024-12-31,False
E000271,3,Human Resources,Software Engineer,595311.34,2005-08-25,2024-12-31,False
E000272,6,Operations,Data Analyst,545910.74,2024-03-05,2024-12-31,False
E000273,3,Human Resources,Software Engineer,1464474.97,2021-03-18,2024-12-31,False
E000274,6,Operations,Marketing Specialist,2169002.64,2019-11-19,2024-12-31,False
E000275,1,Engineering,Software Engineer,1888134.85,2011-09-10,2024-12-31,False
E000276,6,Operations,Project Manager,1092793.33,2023-01-29,2024-12-31,False
E000277,2,Finance,Operations Analyst,1527890.18,2014-04-07,2024-12-31,False
E000278,2,Finance,HR Specialist,1077295.13,2013-07-18,2024-12-31,False
E000279,6,Operations,Marketing Specialist,1424615.37,2024-06-01,2024-12-31,False
E000280,5,Marketing,Data Analyst,1441883.71,2024-03-22,2024-12-31,False
E000281,5,Marketing,Sales Executive,438377.55,2021-04-07,2024-12-31,False
E000282,6,Operations,Product Manager,619524.65,2024-06-01,2024-12-31,False
E000283,1,Engineering,Financial Analyst,1283452.67,2011-08-12,2024-12-31,False
E000284,4,Sales,Senior Software Engineer,522811.21,2023-04-04,2024-12-31,False
E000285,3,Human Resources,Product Manager,1716389.28,2023-08-08,2024-12-31,False
E000286,1,Engineering,Business Analyst,1365978.31,2024-06-01,2024-12-31,False
E000287,6,Operations,Marketing Specialist,2087387.32,2021-09-30,2024-12-31,False
E000288,1,Engineering,Product Manager,1075252.72,2000-06-28,2024-12-31,False
E000289,4,Sales,Senior Software Engineer,1901458.86,2021-11-27,2024-12-31,False
E000290,4,Sales,Senior Software Engineer,1070460.24,2024-06-01,2024-12-31,False
E000291,3,Human Resources,Senior Software Engineer,839903.23,2013-10-19,2024-12-31,False
E000292,5,Marketing,Operations Analyst,1615119.85,2023-05-11,2024-12-31,False
E000293,4,Sales,HR Specialist,1343512.8,2020-06-10,2024-12-31,False
E000294,5,Marketing,HR Specialist,707463.93,2024-06-01,2024-12-31,False
E000295,4,Sales,Project Manager,775115.32,2023-12-30,2024-12-31,False
E000296,5,Marketing,Financial Analyst,1092756.12,2024-06-01,2024-12-31,False
E000297,4,Sales,Data Analyst,1157605.55,2011-10-12,2024-12-31,False
E000298,4,Sales,Software Engineer,1095531.64,2019-06-20,2024-12-31,False
E000299,2,Finance,HR Specialist,1789445.1,2023-06-10,2024-12-31,False
E000300,4,Sales,Data Analyst,1744579.73,2024-06-01,2024-12-31,False
E000301,5,Marketing,Financial Analyst,686602.11,2020-01-11,2024-12-31,False
E000302,3,Human Resources,HR Specialist,334526.7,2024-06-01,2024-12-31,False
E000303,1,Engineering,Senior Software Engineer,2102507.9,2020-03-23,2024-12-31,False
E000304,4,Sales,Software Engineer,1980248.58,2008-06-16,2024-12-31,False
E000305,6,Operations,Operations Analyst,314554.07,2022-12-27,2024-12-31,False
E000306,6,Operations,Marketing Specialist,549794.7,2024-02-25,2024-12-31,False
E000307,6,Operations,HR Specialist,934865.74,2018-11-09,2024-12-31,False
E000308,6,Operations,Senior Software Engineer,921069.35,2015-01-19,2024-12-31,False
E000309,5,Marketing,Financial Analyst,1486945.13,2024-03-13,2024-12-31,False
E000310,5,Marketing,Project Manager,504975.17,2024-04-02,2024-12-31,False
E000311,4,Sales,Product Manager,2141747.42,2014-05-11,2024-12-31,False
E000312,4,Sales,HR Specialist,1698443.08,2024-06-01,2024-12-31,False
E000313,6,Operations,Data Analyst,1263784.76,2024-06-01,2024-12-31,False
E000314,1,Engineering,Project Manager,1156530.55,2018-10-10,2024-12-31,False
E000315,4,Sales,Operations Analyst,308700.23,2021-04-02,2024-12-31,False
E000316,6,Operations,Financial Analyst,783188.59,2017-03-14,2024-12-31,False
E000317,3,Human Resources,Operations Analyst,945106.85,2018-07-19,2024-12-31,False
E000318,4,Sales,Financial Analyst,266544.64,2017-03-21,2024-12-31,False
E000319,3,Human Resources,Senior Software Engineer,1294120.96,2022-05-10,2024-12-31,False
E000320,2,Finance,Operations Analyst,1145623.46,2019-07-14,2024-12-31,False
E000321,4,Sales,Sales Executive,1039553.0,2002-01-20,2024-12-31,False
E000322,6,Operations,Sales Executive,1262366.35,2022-03-01,2024-12-31,False
E000323,5,Marketing,Sales Executive,652968.65,2022-08-19,2024-12-31,False
E000324,2,Finance,Project Manager,887575.37,2017-04-30,2024-12-31,False
E000325,2,Finance,Product Manager,287622.32,2014-09-02,2024-12-31,False
E000326,4,Sales,Product Manager,1353325.92,2006-01-01,2024-12-31,False
E000327,1,Engineering,Marketing Specialist,1156842.28,2008-01-10,2024-12-31,False
E000328,5,Marketing,HR Specialist,1194440.04,2016-11-20,2024-12-31,False
E000329,3,Human Resources,Financial Analyst,1702616.39,2022-09-15,2024-12-31,False
E000330,4,Sales,Product Manager,1887959.18,2017-03-31,2024-12-31,False
E000331,1,Engineering,Financial Analyst,1485023.19,2017-05-20,2024-12-31,False
E000332,6,Operations,Business Analyst,1717259.62,2021-09-26,2024-12-31,False
E000333,6,Operations,Operations Analyst,961660.91,2012-03-24,2024-12-31,False
E000334,1,Engineering,HR Specialist,1446756.53,2019-05-20,2024-12-31,False
E000335,6,Operations,Software Engineer,1286891.17,2022-06-04,2024-12-31,False
E000336,4,Sales,Data Scientist,556789.29,2021-10-16,2024-12-31,False
E000337,4,Sales,Marketing Specialist,1452838.76,2024-06-01,2024-12-31,False
E000338,2,Finance,Business Analyst,2109303.95,2012-07-06,2024-12-31,False
E000339,1,Engineering,Financial Analyst,1152704.34,2024-06-01,2024-12-31,False
E000340,6,Operations,Software Engineer,1882990.15,2022-07-04,2024-12-31,False
E000341,3,Human Resources,Marketing Specialist,1957694.03,2008-08-09,2024-12-31,False
E000342,5,Marketing,Senior Software Engineer,288817.79,2024-03-01,2024-12-31,False
E000343,6,Operations,Project Manager,1171136.28,2023-04-06,2024-12-31,False
E000344,6,Operations,Data Scientist,1304493.64,2018-01-02,2024-12-31,False
E000345,4,Sales,Data Scientist,728368.49,2022-06-06,2024-12-31,False
E000346,4,Sales,Business Analyst,1098346.26,2024-06-01,2024-12-31,False
E000347,5,Marketing,Data Scientist,644593.89,2024-06-01,2024-12-31,False
E000348,1,Engineering,Product Manager,646942.46,2020-09-27,2024-12-31,False
E000349,5,Marketing,HR Specialist,298738.51,2022-10-19,2024-12-31,False
E000350,6,Operations,Product Manager,1976999.25,2013-12-06,2024-12-31,False
E000351,2,Finance,Software Engineer,1117557.31,2024-03-19,2024-12-31,False
E000352,3,Human Resources,Product Manager,2251050.61,2020-12-05,2024-12-31,False
E000353,2,Finance,Data Analyst,1303021.83,2023-01-09,2024-12-31,False
E000354,5,Marketing,Operations Analyst,1899050.73,2022-02-04,2024-12-31,False
E000355,4,Sales,Operations Analyst,550038.5,2024-06-01,2024-12-31,False
E000356,6,Operations,Project Manager,1977211.01,2017-06-07,2024-12-31,False
E000357,4,Sales,Software Engineer,1748651.46,2023-05-18,2024-12-31,False
E000358,4,Sales,Operations Analyst,1420189.65,2019-07-01,2024-12-31,False
E000359,3,Human Resources,Financial Analyst,2054964.27,2021-09-14,2024-12-31,False
E000360,4,Sales,Product Manager,1377968.13,2015-10-18,2024-12-31,False
E000361,4,Sales,Marketing Specialist,1592439.26,2022-01-06,2024-12-31,False
E000362,1,Engineering,Software Engineer,1579068.16,2023-08-25,2024-12-31,False
E000363,4,Sales,Project Manager,1119807.85,2014-09-13,2024-12-31,False
E000364,4,Sales,Software Engineer,552496.9,2012-04-29,2024-12-31,False
E000365,5,Marketing,Business Analyst,849349.78,2023-02-17,2024-12-31,False
E000366,1,Engineering,Marketing Specialist,514210.84,2020-06-04,2024-12-31,False
E000367,4,Sales,Marketing Specialist,2157472.15,2021-03-12,2024-12-31,False
E000368,2,Finance,Data Analyst,878118.28,2015-06-06,2024-12-31,False
E000369,2,Finance,Business Analyst,624176.28,2024-04-04,2024-12-31,False
E000370,1,Engineering,Sales Executive,1059418.57,2024-04-04,2024-12-31,False
E000371,3,Human Resources,Business Analyst,1750642.17,2012-09-16,2024-12-31,False
E000372,4,Sales,Sales Executive,679999.41,2023-05-06,2024-12-31,False
E000373,2,Finance,HR Specialist,1889092.46,2024-06-01,2024-12-31,False
E000374,3,Human Resources,Marketing Specialist,452572.53,2021-05-29,2024-12-31,False
E000375,6,Operations,Data Analyst,320104.33,2002-08-29,2024-12-31,False
E000376,3,Human Resources,Product Manager,1849368.61,2012-04-02,2024-12-31,False
E000377,3,Human Resources,Data Scientist,1763489.59,2024-04-10,2024-12-31,False
E000378,3,Human Resources,Data Scientist,1406538.64,2018-12-29,2024-12-31,False
E000379,2,Finance,Financial Analyst,407406.07,2010-12-31,2024-12-31,False
E000380,5,Marketing,HR Specialist,2101557.95,2023-02-16,2024-12-31,False
E000381,1,Engineering,Software Engineer,482301.44,2020-11-20,2024-12-31,False
E000382,6,Operations,Data Scientist,1692267.16,2024-03-31,2024-12-31,False
E000383,3,Human Resources,Software Engineer,602239.55,2023-11-04,2024-12-31,False
E000384,1,Engineering,Software Engineer,312466.0,2023-06-23,2024-12-31,False
E000385,6,Operations,Business Analyst,1276614.55,2013-12-03,2024-12-31,False
E000386,5,Marketing,Financial Analyst,443513.98,2024-06-01,2024-12-31,False
E000387,6,Operations,HR Specialist,1546849.02,2024-04-20,2024-12-31,False
E000388,2,Finance,Senior Software Engineer,2065328.34,2019-04-05,2024-12-31,False
E000389,2,Finance,Operations Analyst,1291912.09,2023-07-04,2024-12-31,False
E000390,1,Engineering,Product Manager,1165313.26,2011-04-13,2024-12-31,False
E000391,6,Operations,Marketing Specialist,1505305.6,2022-10-21,2024-12-31,False
E000392,5,Marketing,Data Scientist,1080977.9,2024-06-01,2024-12-31,False
E000393,2,Finance,Project Manager,1012449.32,2019-04-16,2024-12-31,False
E000394,4,Sales,Sales Executive,2209824.85,2022-08-15,2024-12-31,False
E000395,2,Finance,Business Analyst,1227063.07,2021-08-16,2024-12-31,False
E000396,1,Engineering,Senior Software Engineer,765681.35,2001-02-19,2024-12-31,False
E000397,3,Human Resources,Financial Analyst,394352.39,2024-01-16,2024-12-31,False
E000398,1,Engineering,Project Manager,494560.25,2010-09-30,2024-12-31,False
E000399,5,Marketing,Operations Analyst,1089472.6,2023-05-19,2024-12-31,False
E000400,5,Marketing,Financial Analyst,435354.32,2023-06-08,2024-12-31,False
E000401,2,Finance,Data Scientist,1526685.14,2020-12-04,2024-12-31,False
E000402,3,Human Resources,Operations Analyst,1396409.92,2023-01-11,2024-12-31,False
E000403,1,Engineering,Data Scientist,2095702.28,2013-02-13,2024-12-31,False
E000404,2,Finance,Sales Executive,1381910.38,2024-06-01,2024-12-31,False
E000405,2,Finance,Data Analyst,1747136.48,2021-11-19,2024-12-31,False
E000406,3,Human Resources,Financial Analyst,404720.77,2024-06-01,2024-12-31,False
E000407,1,Engineering,Senior Software Engineer,1970892.06,2020-08-07,2024-12-31,False
E000408,1,Engineering,Financial Analyst,499549.99,2023-05-12,2024-12-31,False
E000409,3,Human Resources,Senior Software Engineer,1285271.07,2022-09-11,2024-12-31,False
E000410,4,Sales,Product Manager,924019.03,2023-03-26,2024-12-31,False
E000411,6,Operations,Project Manager,980317.25,2020-02-04,2024-12-31,False
E000412,2,Finance,Product Manager,605109.48,2024-03-20,2024-12-31,False
E000413,2,Finance,Data Analyst,1289399.28,2008-03-13,2024-12-31,False
E000414,6,Operations,HR Specialist,1004736.87,2015-01-01,2024-12-31,False
E000415,2,Finance,Senior Software Engineer,1457357.88,2024-06-01,2024-12-31,False
E000416,2,Finance,Software Engineer,961562.88,2018-12-06,2024-12-31,False
E000417,4,Sales,Software Engineer,937125.92,2021-11-27,2024-12-31,False
E000418,1,Engineering,Senior Software Engineer,1623312.49,2024-06-01,2024-12-31,False
E000419,4,Sales,Data Analyst,356769.31,2011-07-30,2024-12-31,False
E000420,2,Finance,Operations Analyst,1150735.81,2022-08-14,2024-12-31,False
E000421,3,Human Resources,Senior Software Engineer,316377.3,2006-02-21,2024-12-31,False
E000422,4,Sales,Senior Software Engineer,2101577.1,2022-08-01,2024-12-31,False
E000423,4,Sales,Software Engineer,2236382.21,2023-12-25,2024-12-31,False
E000424,6,Operations,Business Analyst,2096404.43,2020-01-31,2024-12-31,False
E000425,4,Sales,HR Specialist,2027771.9,2018-05-01,2024-12-31,False
E000426,3,Human Resources,Product Manager,812869.99,2023-05-05,2024-12-31,False
E000427,1,Engineering,Project Manager,1111041.96,2024-06-01,2024-12-31,False
E000428,2,Finance,Data Scientist,960730.92,2021-05-04,2024-12-31,False
E000429,2,Finance,Financial Analyst,2293100.57,2023-06-15,2024-12-31,False
E000430,4,Sales,Senior Software Engineer,1531331.36,2022-04-05,2024-12-31,False
E000431,2,Finance,Sales Executive,1160310.07,2022-06-14,2024-12-31,False
E000432,5,Marketing,Business Analyst,430264.07,2024-05-29,2024-12-31,False
E000433,5,Marketing,Marketing Specialist,1871373.94,2018-04-30,2024-12-31,False
E000434,2,Finance,Software Engineer,806016.0,2023-11-23,2024-12-31,False
E000435,4,Sales,Financial Analyst,409558.28,2013-04-27,2024-12-31,False
E000436,2,Finance,Data Analyst,1440163.94,2024-06-01,2024-12-31,False
E000437,2,Finance,Sales Executive,684742.29,2018-07-26,2024-12-31,False
E000438,5,Marketing,Marketing Specialist,1880054.62,2018-09-15,2024-12-31,False
E000439,4,Sales,Financial Analyst,713963.21,2020-08-28,2024-12-31,False
E000440,4,Sales,Product Manager,1831581.35,2016-04-07,2024-12-31,False
E000441,6,Operations,Operations Analyst,911398.89,2017-07-06,2024-12-31,False
E000442,6,Operations,Project Manager,910779.58,2017-01-07,2024-12-31,False
E000443,2,Finance,Project Manager,1541600.69,2002-07-24,2024-12-31,False
E000444,2,Finance,Product Manager,2127544.24,2020-11-26,2024-12-31,False
E000445,4,Sales,Data Scientist,1356102.04,2023-09-12,2024-12-31,False
E000446,6,Operations,Financial Analyst,2094241.9,2021-04-28,2024-12-31,False
E000447,5,Marketing,Financial Analyst,1806801.53,2024-02-07,2024-12-31,False
E000448,2,Finance,Data Scientist,1195513.79,2019-09-01,2024-12-31,False
E000449,6,Operations,Business Analyst,731265.99,2011-10-04,2024-12-31,False
E000450,1,Engineering,Financial Analyst,1389746.21,2007-09-24,2024-12-31,False
E000451,4,Sales,HR Specialist,1091316.29,2021-05-31,2024-12-31,False
E000452,3,Human Resources,Financial Analyst,1366969.88,2024-06-01,2024-12-31,False
E000453,2,Finance,Financial Analyst,841360.38,2010-01-15,2024-12-31,False
E000454,6,Operations,Data Scientist,1160393.61,2024-04-02,2024-12-31,False
E000455,2,Finance,Marketing Specialist,771555.63,2011-06-15,2024-12-31,False
E000456,4,Sales,Operations Analyst,1287099.27,2023-07-27,2024-12-31,False
E000457,2,Finance,Data Scientist,1583483.37,2020-01-28,2024-12-31,False
E000458,6,Operations,Sales Executive,677949.18,2015-10-28,2024-12-31,False
E000459,2,Finance,Data Scientist,852831.93,2024-04-14,2024-12-31,False
E000460,5,Marketing,Software Engineer,268650.85,2015-07-29,2024-12-31,False
E000461,2,Finance,Operations Analyst,1810201.63,2019-08-03,2024-12-31,False
E000462,5,Marketing,Operations Analyst,1434349.95,2022-09-06,2024-12-31,False
E000463,2,Finance,Data Analyst,1947069.06,2023-06-12,2024-12-31,False
E000464,4,Sales,Project Manager,443383.54,2017-07-12,2024-12-31,False
E000465,1,Engineering,Sales Executive,681336.83,2019-09-30,2024-12-31,False
E000466,1,Engineering,Marketing Specialist,581806.02,2020-04-05,2024-12-31,False
E000467,5,Marketing,Senior Software Engineer,343674.04,2018-05-10,2024-12-31,False
E000468,1,Engineering,Operations Analyst,1789552.41,2012-11-05,2024-12-31,False
E000469,1,Engineering,Marketing Specialist,523616.61,2023-05-09,2024-12-31,False
E000470,3,Human Resources,Operations Analyst,498848.9,2020-07-12,2024-12-31,False
E000471,4,Sales,Data Scientist,1932312.33,2017-06-20,2024-12-31,False
E000472,1,Engineering,Project Manager,776581.68,2023-02-20,2024-12-31,False
E000473,5,Marketing,Senior Software Engineer,655510.27,2014-10-30,2024-12-31,False
E000474,3,Human Resources,Software Engineer,679943.82,2024-06-01,2024-12-31,False
E000475,1,Engineering,Senior Software Engineer,1347258.21,2024-06-01,2024-12-31,False
E000476,3,Human Resources,HR Specialist,621680.81,2006-02-16,2024-12-31,False
E000477,5,Marketing,Business Analyst,340600.31,2024-06-01,2024-12-31,False
E000478,6,Operations,Product Manager,1942400.66,2023-05-11,2024-12-31,False
E000479,3,Human Resources,Data Scientist,1631446.35,2018-01-06,2024-12-31,False
E000480,4,Sales,Product Manager,2092207.61,2023-10-16,2024-12-31,False
E000481,1,Engineering,Product Manager,1574040.42,2017-07-12,2024-12-31,False
E000482,3,Human Resources,Data Scientist,643898.11,2024-06-01,2024-12-31,False
E000483,2,Finance,Software Engineer,1864833.07,2024-06-01,2024-12-31,False
E000484,2,Finance,Marketing Specialist,543264.49,2009-04-08,2024-12-31,False
E000485,5,Marketing,Marketing Specialist,903552.75,2012-07-10,2024-12-31,False
E000486,5,Marketing,Sales Executive,1758772.83,2022-07-22,2024-12-31,False
E000487,2,Finance,Software Engineer,584233.37,2018-05-31,2024-12-31,False
E000488,4,Sales,Senior Software Engineer,1980520.11,2021-11-11,2024-12-31,False
E000489,5,Marketing,Senior Software Engineer,1490242.36,2023-01-31,2024-12-31,False
E000490,2,Finance,Software Engineer,494035.78,2022-06-30,2024-12-31,False
E000491,5,Marketing,Senior Software Engineer,1395382.81,2024-02-15,2024-12-31,False
E000492,4,Sales,Product Manager,2059503.86,2023-07-15,2024-12-31,False
E000493,1,Engineering,Senior Software Engineer,1238459.7,2024-06-01,2024-12-31,False
E000494,4,Sales,Senior Software Engineer,1370012.04,2022-07-26,2024-12-31,False
E000495,5,Marketing,Data Analyst,659095.9,2011-04-16,2024-12-31,False
E000496,5,Marketing,Product Manager,1920602.01,2023-10-25,2024-12-31,False
E000497,4,Sales,Business Analyst,2025975.3,2013-11-23,2024-12-31,False
E000498,5,Marketing,Operations Analyst,894435.5,2022-09-20,2024-12-31,False
E000499,6,Operations,Senior Software Engineer,1163824.57,2003-04-01,2024-12-31,False
E000500,1,Engineering,HR Specialist,1103217.81,2016-09-01,2024-12-31,False
E000501,2,Finance,Marketing Specialist,1507654.4,2023-03-11,2024-12-31,False
E000502,3,Human Resources,Software Engineer,378093.84,2023-08-18,2024-12-31,False
E000503,3,Human Resources,Data Scientist,1529622.29,2020-06-04,2024-12-31,False
E000504,4,Sales,Operations Analyst,1900516.15,2015-12-08,2024-12-31,False
E000505,6,Operations,Financial Analyst,1724668.78,2020-04-20,2024-12-31,False
E000506,1,Engineering,Data Scientist,1298248.97,2021-12-07,2024-12-31,False
E000507,6,Operations,Data Scientist,1855514.71,2011-03-26,2024-12-31,False
E000508,2,Finance,Sales Executive,1906508.76,2024-04-05,2024-12-31,False
E000509,2,Finance,Financial Analyst,1673066.96,2017-02-09,2024-12-31,False
E000510,3,Human Resources,Project Manager,1208004.45,2014-03-29,2024-12-31,False
E000511,5,Marketing,Financial Analyst,2126074.59,2023-03-14,2024-12-31,False
E000512,6,Operations,Data Analyst,260821.06,2013-01-08,2024-12-31,False
E000513,5,Marketing,Business Analyst,1664503.43,2022-04-08,2024-12-31,False
E000514,6,Operations,Business Analyst,1253407.84,2023-07-30,2024-12-31,False
E000515,4,Sales,Data Analyst,568294.62,2016-08-02,2024-12-31,False
E000516,1,Engineering,Product Manager,2083166.97,2014-02-13,2024-12-31,False
E000517,1,Engineering,Project Manager,609759.1,2018-06-12,2024-12-31,False
E000518,2,Finance,Sales Executive,1506152.61,2007-12-28,2024-12-31,False
E000519,5,Marketing,Business Analyst,503858.58,2021-07-24,2024-12-31,False
E000520,2,Finance,Project Manager,683045.46,2024-05-27,2024-12-31,False
E000521,4,Sales,Data Analyst,339361.97,2019-11-03,2024-12-31,False
E000522,1,Engineering,Product Manager,1862592.68,2007-10-11,2024-12-31,False
E000523,1,Engineering,Project Manager,2004006.17,2016-11-19,2024-12-31,False
E000524,1,Engineering,Product Manager,399127.8,2018-03-30,2024-12-31,False
E000525,5,Marketing,Project Manager,2160333.33,2006-02-14,2024-12-31,False
E000526,1,Engineering,Data Analyst,1364396.34,2023-05-27,2024-12-31,False
E000527,6,Operations,Sales Executive,372884.95,2018-05-30,2024-12-31,False
E000528,3,Human Resources,Senior Software Engineer,1084661.39,2024-06-01,2024-12-31,False
E000529,6,Operations,Data Scientist,1911964.92,2020-02-06,2024-12-31,False
E000530,2,Finance,Project Manager,785149.26,2023-11-23,2024-12-31,False
E000531,5,Marketing,HR Specialist,1169795.58,2022-06-22,2024-12-31,False
E000532,4,Sales,Sales Executive,1779660.34,2020-01-16,2024-12-31,False
E000533,4,Sales,Marketing Specialist,2112814.73,2019-04-21,2024-12-31,False
E000534,4,Sales,Marketing Specialist,1255524.83,2021-05-17,2024-12-31,False
E000535,4,Sales,Product Manager,376523.91,2024-06-01,2024-12-31,False
E000536,2,Finance,Software Engineer,1704935.4,2024-01-16,2024-12-31,False
E000537,2,Finance,Software Engineer,2175470.21,2024-03-23,2024-12-31,False
E000538,1,Engineering,Data Analyst,462484.82,2023-04-02,2024-12-31,False
E000539,2,Finance,Product Manager,1359873.5,2023-02-22,2024-12-31,False
E000540,2,Finance,Operations Analyst,589987.59,2021-08-28,2024-12-31,False
E000541,1,Engineering,Senior Software Engineer,1568873.9,2024-01-26,2024-12-31,False
E000542,4,Sales,Marketing Specialist,1359015.66,2023-07-05,2024-12-31,False
E000543,3,Human Resources,Data Scientist,1047903.86,2018-06-29,2024-12-31,False
E000544,2,Finance,Software Engineer,1814524.43,2024-06-01,2024-12-31,False
E000545,4,Sales,HR Specialist,2181937.01,2020-08-12,2024-12-31,False
E000546,3,Human Resources,Project Manager,1884443.65,2020-07-01,2024-12-31,False
E000547,6,Operations,Senior Software Engineer,1406222.66,2017-02-16,2024-12-31,False
E000548,2,Finance,Data Scientist,1675495.91,2023-10-18,2024-12-31,False
E000549,1,Engineering,Data Analyst,1041329.65,2022-07-27,2024-12-31,False
E000550,5,Marketing,Operations Analyst,2125700.15,2011-04-26,2024-12-31,False
E000551,4,Sales,Marketing Specialist,654885.9,2008-08-07,2024-12-31,False
E000552,4,Sales,Project Manager,2177398.95,2022-10-21,2024-12-31,False
E000553,4,Sales,Project Manager,571478.03,2018-10-16,2024-12-31,False
E000554,6,Operations,Senior Software Engineer,2115205.65,2022-04-29,2024-12-31,False
E000555,2,Finance,Financial Analyst,842413.01,2010-01-01,2024-12-31,False
E000556,5,Marketing,Business Analyst,1367013.35,2022-05-29,2024-12-31,False
E000557,6,Operations,Project Manager,1225105.57,2023-02-25,2024-12-31,False
E000558,3,Human Resources,Senior Software Engineer,721788.03,2004-05-27,2024-12-31,False
E000559,1,Engineering,Data Analyst,350125.6,2024-06-01,2024-12-31,False
E000560,4,Sales,Sales Executive,2131155.35,2019-09-25,2024-12-31,False
E000561,5,Marketing,Sales Executive,1962672.22,2012-10-17,2024-12-31,False
E000562,6,Operations,HR Specialist,2016595.6,2023-11-29,2024-12-31,False
E000563,5,Marketing,Product Manager,1253815.18,2023-01-16,2024-12-31,False
E000564,2,Finance,Financial Analyst,690406.57,2024-06-01,2024-12-31,False
E000565,3,Human Resources,Product Manager,1156770.41,2018-08-11,2024-12-31,False
E000566,4,Sales,Project Manager,2213453.6,2015-01-26,2024-12-31,False
E000567,1,Engineering,Senior Software Engineer,902410.3,2020-08-25,2024-12-31,False
E000568,3,Human Resources,Project Manager,668162.3,2022-04-09,2024-12-31,False
E000569,5,Marketing,Operations Analyst,2133796.91,2024-06-01,2024-12-31,False
E000570,5,Marketing,Data Scientist,836113.91,2014-07-30,2024-12-31,False
E000571,3,Human Resources,Operations Analyst,2034326.7,2002-08-25,2024-12-31,False
E000572,3,Human Resources,Data Analyst,603135.7,2024-04-28,2024-12-31,False
E000573,1,Engineering,Financial Analyst,1751934.08,2016-10-18,2024-12-31,False
E000574,2,Finance,Business Analyst,1498416.6,2013-12-04,2024-12-31,False
E000575,6,Operations,Data Analyst,344763.63,2020-06-05,2024-12-31,False
E000576,5,Marketing,Product Manager,2408329.78,2023-12-01,2024-12-31,False
E000577,5,Marketing,Marketing Specialist,1021340.49,2022-04-09,2024-12-31,False
E000578,2,Finance,Senior Software Engineer,1782338.85,2022-06-06,2024-12-31,False
E000579,3,Human Resources,Senior Software Engineer,1156128.28,2017-08-29,2024-12-31,False
E000580,4,Sales,Marketing Specialist,1311793.43,2017-06-19,2024-12-31,False
E000581,6,Operations,Operations Analyst,1205441.25,2017-08-03,2024-12-31,False
E000582,6,Operations,Marketing Specialist,1326076.29,2018-07-28,2024-12-31,False
E000583,1,Engineering,Software Engineer,854431.27,2015-05-18,2024-12-31,False
E000584,1,Engineering,Data Analyst,1315924.07,2024-06-01,2024-12-31,False
E000585,5,Marketing,Financial Analyst,998133.07,2023-09-04,2024-12-31,False
E000586,1,Engineering,Marketing Specialist,2036563.54,2024-06-01,2024-12-31,False
E000587,3,Human Resources,Marketing Specialist,288605.18,2023-03-23,2024-12-31,False
E000588,6,Operations,Marketing Specialist,706810.5,2024-06-01,2024-12-31,False
E000589,2,Finance,Marketing Specialist,1139278.26,2024-06-01,2024-12-31,False
E000590,1,Engineering,Sales Executive,1737708.32,2024-04-22,2024-12-31,False
E000591,4,Sales,Financial Analyst,812027.48,2023-10-19,2024-12-31,False
E000592,3,Human Resources,Data Scientist,498925.49,2023-09-15,2024-12-31,False
E000593,2,Finance,Project Manager,1792011.61,2018-10-14,2024-12-31,False
E000594,3,Human Resources,Data Scientist,1952891.22,2009-07-18,2024-12-31,False
E000595,4,Sales,Operations Analyst,1924352.68,2023-05-27,2024-12-31,False
E000596,6,Operations,Sales Executive,1031174.4,2019-07-08,2024-12-31,False
E000597,1,Engineering,Data Analyst,1739567.65,2010-01-07,2024-12-31,False
E000598,6,Operations,Senior Software Engineer,1936323.54,2017-07-06,2024-12-31,False
E000599,4,Sales,Marketing Specialist,794717.47,2020-04-07,2024-12-31,False
E000600,2,Finance,Project Manager,1944196.38,2024-03-25,2024-12-31,False
E000601,5,Marketing,Data Scientist,1083435.63,2024-06-01,2024-12-31,False
E000602,6,Operations,Financial Analyst,891616.82,2023-08-17,2024-12-31,False
E000603,5,Marketing,Sales Executive,363881.23,2005-05-09,2024-12-31,False
E000604,2,Finance,Project Manager,2033532.8,2021-09-14,2024-12-31,False
E000605,2,Finance,Project Manager,2048048.82,2004-08-01,2024-12-31,False
E000606,4,Sales,Sales Executive,1228872.6,2023-12-07,2024-12-31,False
E000607,5,Marketing,Sales Executive,1380722.51,2023-01-10,2024-12-31,False
E000608,6,Operations,Financial Analyst,2275967.34,2021-01-05,2024-12-31,False
E000609,3,Human Resources,HR Specialist,672370.12,2018-06-19,2024-12-31,False
E000610,3,Human Resources,Operations Analyst,1066557.41,2018-02-22,2024-12-31,False
E000611,2,Finance,Marketing Specialist,812748.01,2023-01-30,2024-12-31,False
E000612,4,Sales,Data Scientist,1249769.43,2004-07-23,2024-12-31,False
E000613,5,Marketing,Marketing Specialist,2122160.58,2023-10-23,2024-12-31,False
E000614,1,Engineering,Data Scientist,1247330.59,2019-01-26,2024-12-31,False
E000615,5,Marketing,Operations Analyst,2041202.94,2022-04-11,2024-12-31,False
E000616,6,Operations,Product Manager,487170.61,2023-12-06,2024-12-31,False
E000617,1,Engineering,Sales Executive,898643.12,2016-12-29,2024-12-31,False
E000618,4,Sales,Software Engineer,677776.07,2020-05-31,2024-12-31,False
E000619,1,Engineering,Data Analyst,695710.78,2022-03-29,2024-12-31,False
E000620,6,Operations,Senior Software Engineer,1331368.54,2022-01-08,2024-12-31,False
E000621,3,Human Resources,Financial Analyst,1255574.48,2020-05-07,2024-12-31,False
E000622,1,Engineering,Sales Executive,1775901.75,2012-11-18,2024-12-31,False
E000623,5,Marketing,Product Manager,995316.05,2016-12-18,2024-12-31,False
E000624,6,Operations,Business Analyst,1899973.37,2020-08-08,2024-12-31,False
E000625,4,Sales,Financial Analyst,905076.24,2013-11-18,2024-12-31,False
E000626,4,Sales,Data Analyst,266871.73,2015-12-22,2024-12-31,False
E000627,5,Marketing,Project Manager,1561475.18,2020-10-02,2024-12-31,False
E000628,4,Sales,HR Specialist,1627928.93,2004-04-19,2024-12-31,False
E000629,5,Marketing,Sales Executive,2203221.97,2019-10-24,2024-12-31,False
E000630,5,Marketing,Software Engineer,1754642.7,2022-01-08,2024-12-31,False
E000631,3,Human Resources,HR Specialist,576612.77,2020-09-07,2024-12-31,False
E000632,4,Sales,Sales Executive,1169681.4,2024-06-01,2024-12-31,False
E000633,3,Human Resources,Senior Software Engineer,935171.09,2024-01-23,2024-12-31,False
E000634,3,Human Resources,Sales Executive,861594.39,2023-02-05,2024-12-31,False
E000635,5,Marketing,Product Manager,477100.37,2018-09-27,2024-12-31,False
E000636,6,Operations,Operations Analyst,794234.79,2022-07-28,2024-12-31,False
E000637,5,Marketing,Sales Executive,2375245.6,2023-03-15,2024-12-31,False
E000638,1,Engineering,Data Analyst,1226179.97,2019-07-18,2024-12-31,False
E000639,6,Operations,Software Engineer,1507562.17,2022-03-30,2024-12-31,False
E000640,1,Engineering,Data Scientist,865694.93,2020-07-05,2024-12-31,False
E000641,4,Sales,Project Manager,866145.53,2020-07-17,2024-12-31,False
E000642,6,Operations,Operations Analyst,502025.55,2015-02-17,2024-12-31,False
E000643,1,Engineering,Software Engineer,1235957.87,2023-02-27,2024-12-31,False
E000644,3,Human Resources,Data Analyst,2031276.92,2024-04-17,2024-12-31,False
E000645,4,Sales,Data Scientist,336997.33,2024-06-01,2024-12-31,False
E000646,1,Engineering,Senior Software Engineer,1898422.24,2012-08-15,2024-12-31,False
E000647,5,Marketing,Financial Analyst,1710412.13,2018-02-28,2024-12-31,False
E000648,4,Sales,Sales Executive,1334504.3,2023-07-29,2024-12-31,False
E000649,3,Human Resources,Data Scientist,1220883.33,2013-11-06,2024-12-31,False
E000650,3,Human Resources,Software Engineer,669241.2,2020-09-25,2024-12-31,False
E000651,4,Sales,Senior Software Engineer,1638737.34,2013-12-06,2024-12-31,False
E000652,2,Finance,Product Manager,1573314.38,2012-09-30,2024-12-31,False
E000653,5,Marketing,Project Manager,1794608.02,2023-08-11,2024-12-31,False
E000654,6,Operations,HR Specialist,851234.06,2024-02-01,2024-12-31,False
E000655,6,Operations,Senior Software Engineer,2082103.32,2024-02-27,2024-12-31,False
E000656,1,Engineering,Project Manager,437673.49,2024-06-01,2024-12-31,False
E000657,6,Operations,Data Scientist,829302.19,2023-01-25,2024-12-31,False
E000658,1,Engineering,Financial Analyst,545905.17,2018-11-25,2024-12-31,False
E000659,3,Human Resources,Financial Analyst,1362718.62,2020-05-15,2024-12-31,False
E000660,5,Marketing,HR Specialist,1626107.55,2013-12-01,2024-12-31,False
E000661,4,Sales,Operations Analyst,1784693.58,2019-05-14,2024-12-31,False
E000662,5,Marketing,Data Analyst,248067.12,2016-09-26,2024-12-31,False
E000663,3,Human Resources,Product Manager,1040752.01,2023-01-10,2024-12-31,False
E000664,6,Operations,Marketing Specialist,378628.51,2022-07-27,2024-12-31,False
E000665,4,Sales,Sales Executive,905508.49,2021-02-27,2024-12-31,False
E000666,3,Human Resources,Business Analyst,1174762.32,2017-03-30,2024-12-31,False
E000667,6,Operations,Senior Software Engineer,2281567.08,2021-10-30,2024-12-31,False
E000668,4,Sales,Software Engineer,1318035.28,2023-02-06,2024-12-31,False
E000669,2,Finance,Software Engineer,376559.31,2023-07-30,2024-12-31,False
E000670,6,Operations,Financial Analyst,404011.87,2021-06-10,2024-12-31,False
E000671,2,Finance,Operations Analyst,1052652.7,2014-08-06,2024-12-31,False
E000672,5,Marketing,Business Analyst,1382980.87,2024-06-01,2024-12-31,False
E000673,1,Engineering,HR Specialist,1425578.37,2010-10-26,2024-12-31,False
E000674,6,Operations,Product Manager,1975207.14,2013-07-31,2024-12-31,False
E000675,5,Marketing,Software Engineer,1813467.12,2024-02-05,2024-12-31,False
E000676,4,Sales,Software Engineer,1269589.5,2016-06-03,2024-12-31,False
E000677,6,Operations,Project Manager,601724.1,2021-09-08,2024-12-31,False
E000678,3,Human Resources,Financial Analyst,2162223.2,2015-05-05,2024-12-31,False
E000679,2,Finance,Sales Executive,532610.53,2024-01-09,2024-12-31,False
E000680,3,Human Resources,Sales Executive,1655304.53,2023-06-24,2024-12-31,False
E000681,1,Engineering,Data Scientist,2255599.59,2023-02-01,2024-12-31,False
E000682,4,Sales,Product Manager,1067486.33,2023-06-14,2024-12-31,False
E000683,1,Engineering,Marketing Specialist,1200053.86,2023-05-26,2024-12-31,False
E000684,1,Engineering,Marketing Specialist,1292558.8,2024-06-01,2024-12-31,False
E000685,6,Operations,Data Analyst,803085.78,2014-01-08,2024-12-31,False
E000686,3,Human Resources,Data Scientist,1536505.32,2022-08-02,2024-12-31,False
E000687,4,Sales,Software Engineer,1072693.23,2011-01-14,2024-12-31,False
E000688,4,Sales,Senior Software Engineer,1731574.69,2024-01-14,2024-12-31,False
E000689,1,Engineering,Product Manager,2194025.98,2020-06-12,2024-12-31,False
E000690,3,Human Resources,Product Manager,1077277.2,2014-11-11,2024-12-31,False
E000691,3,Human Resources,HR Specialist,1595810.36,2023-11-12,2024-12-31,False
E000692,5,Marketing,HR Specialist,1652848.26,2022-03-23,2024-12-31,False
E000693,1,Engineering,Sales Executive,1017123.05,2016-10-29,2024-12-31,False
E000694,4,Sales,Operations Analyst,1880996.9,2020-10-27,2024-12-31,False
E000695,3,Human Resources,Product Manager,1970855.01,2024-06-01,2024-12-31,False
E000696,6,Operations,HR Specialist,1986712.47,2019-05-07,2024-12-31,False
E000697,6,Operations,Data Analyst,1828362.78,2023-06-16,2024-12-31,False
E000698,3,Human Resources,Financial Analyst,851631.05,2021-12-11,2024-12-31,False
E000699,3,Human Resources,HR Specialist,440550.25,2013-06-10,2024-12-31,False
E000700,4,Sales,Data Analyst,1383408.29,2017-08-15,2024-12-31,False
E000701,4,Sales,Sales Executive,2119610.42,2018-05-02,2024-12-31,False
E000702,1,Engineering,Data Analyst,520337.99,2010-05-02,2024-12-31,False
E000703,6,Operations,Marketing Specialist,386493.72,2018-08-12,2024-12-31,False
E000704,4,Sales,Project Manager,1092034.49,2022-09-23,2024-12-31,False
E000705,6,Operations,Financial Analyst,1767726.56,2024-06-01,2024-12-31,False
E000706,2,Finance,Data Analyst,2102109.17,2021-03-03,2024-12-31,False
E000707,5,Marketing,Data Scientist,1472907.21,2019-12-24,2024-12-31,False
E000708,4,Sales,Marketing Specialist,2397083.42,2020-09-27,2024-12-31,False
E000709,4,Sales,Software Engineer,2132955.19,2024-05-21,2024-12-31,False
E000710,6,Operations,Operations Analyst,763902.31,2021-05-23,2024-12-31,False
E000711,3,Human Resources,HR Specialist,406327.59,2016-09-24,2024-12-31,False
E000712,1,Engineering,Senior Software Engineer,581312.5,2017-11-07,2024-12-31,False
E000713,5,Marketing,Software Engineer,1657742.49,2023-07-19,2024-12-31,False
E000714,6,Operations,Marketing Specialist,1401971.89,2017-07-05,2024-12-31,False
E000715,3,Human Resources,Product Manager,1939727.65,2023-08-01,2024-12-31,False
E000716,2,Finance,Business Analyst,677643.33,2024-03-08,2024-12-31,False
E000717,2,Finance,Data Scientist,1372838.5,2021-12-21,2024-12-31,False
E000718,1,Engineering,Financial Analyst,1673183.31,2003-05-21,2024-12-31,False
E000719,4,Sales,Operations Analyst,1450963.29,2015-09-02,2024-12-31,False
E000720,2,Finance,Data Scientist,1790556.86,2023-06-21,2024-12-31,False
E000721,2,Finance,Senior Software Engineer,2152799.39,2024-03-02,2024-12-31,False
E000722,4,Sales,Senior Software Engineer,1977253.41,2022-03-06,2024-12-31,False
E000723,3,Human Resources,Sales Executive,1014013.87,2022-05-30,2024-12-31,False
E000724,1,Engineering,Data Analyst,850002.71,2023-12-11,2024-12-31,False
E000725,4,Sales,Data Scientist,2129744.82,2023-01-30,2024-12-31,False
E000726,4,Sales,Senior Software Engineer,603085.65,2024-06-01,2024-12-31,False
E000727,2,Finance,Business Analyst,1181996.72,2015-06-06,2024-12-31,False
E000728,3,Human Resources,Financial Analyst,1814917.4,2022-06-28,2024-12-31,False
E000729,5,Marketing,HR Specialist,1090337.8,2004-01-30,2024-12-31,False
E000730,3,Human Resources,Sales Executive,418058.76,2024-06-01,2024-12-31,False
E000731,1,Engineering,Data Analyst,1845074.15,2022-01-24,2024-12-31,False
E000732,1,Engineering,Sales Executive,363071.07,2023-10-19,2024-12-31,False
E000733,4,Sales,Data Scientist,811755.59,2018-03-07,2024-12-31,False
E000734,2,Finance,Senior Software Engineer,1500233.0,2023-12-02,2024-12-31,False
E000735,3,Human Resources,Sales Executive,2281046.29,2023-03-30,2024-12-31,False
E000736,2,Finance,HR Specialist,2131159.38,2014-07-29,2024-12-31,False
E000737,2,Finance,Data Scientist,1982213.6,2022-06-06,2024-12-31,False
E000738,2,Finance,Data Scientist,1787678.53,2023-07-08,2024-12-31,False
E000739,4,Sales,Data Scientist,1163914.77,2019-12-10,2024-12-31,False
E000740,4,Sales,Product Manager,1834144.39,2020-10-21,2024-12-31,False
E000741,6,Operations,Software Engineer,617256.34,2015-04-03,2024-12-31,False
E000742,4,Sales,Project Manager,1519098.34,2024-06-01,2024-12-31,False
E000743,2,Finance,Financial Analyst,400233.08,2011-06-01,2024-12-31,False
E000744,6,Operations,Business Analyst,1256864.06,2021-10-23,2024-12-31,False
E000745,5,Marketing,Data Scientist,1996779.65,2024-06-01,2024-12-31,False
E000746,1,Engineering,Software Engineer,832303.7,2008-08-30,2024-12-31,False
E000747,5,Marketing,Data Analyst,1884997.69,2010-08-10,2024-12-31,False
E000748,2,Finance,Data Analyst,1284507.42,2022-11-19,2024-12-31,False
E000749,6,Operations,Data Analyst,489021.18,2021-04-18,2024-12-31,False
E000750,2,Finance,Product Manager,1409784.49,2024-01-25,2024-12-31,False
E000751,6,Operations,Business Analyst,1210090.46,2017-05-05,2024-12-31,False
E000752,5,Marketing,Software Engineer,2085265.19,2018-10-18,2024-12-31,False
E000753,2,Finance,HR Specialist,1774616.11,2017-12-22,2024-12-31,False
E000754,2,Finance,Data Scientist,1911516.18,2015-11-24,2024-12-31,False
E000755,3,Human Resources,Operations Analyst,1922957.75,2024-06-01,2024-12-31,False
E000756,4,Sales,Project Manager,1851278.23,2011-07-19,2024-12-31,False
E000757,6,Operations,Financial Analyst,2053310.32,2015-08-30,2024-12-31,False
E000758,3,Human Resources,Senior Software Engineer,1177617.38,2024-01-05,2024-12-31,False
E000759,2,Finance,Financial Analyst,933967.23,2013-08-22,2024-12-31,False
E000760,5,Marketing,Data Analyst,1425151.98,2015-04-20,2024-12-31,False
E000761,3,Human Resources,Product Manager,1400661.9,2022-01-29,2024-12-31,False
E000762,2,Finance,Business Analyst,2149356.3,2022-07-03,2024-12-31,False
E000763,1,Engineering,Financial Analyst,2085186.05,2023-10-29,2024-12-31,False
E000764,6,Operations,HR Specialist,1341100.98,2020-09-01,2024-12-31,False
E000765,6,Operations,Sales Executive,1550984.41,2018-06-03,2024-12-31,False
E000766,6,Operations,Financial Analyst,340535.45,2021-05-01,2024-12-31,False
E000767,5,Marketing,Product Manager,2377982.4,2021-05-15,2024-12-31,False
E000768,6,Operations,Financial Analyst,1528348.58,2023-06-14,2024-12-31,False
E000769,2,Finance,Operations Analyst,306148.19,2013-08-19,2024-12-31,False
E000770,1,Engineering,Product Manager,1230452.71,2007-06-06,2024-12-31,False
E000771,6,Operations,Sales Executive,1692856.1,2019-09-09,2024-12-31,False
E000772,6,Operations,Business Analyst,955442.3,2021-06-11,2024-12-31,False
E000773,3,Human Resources,Marketing Specialist,970284.32,2023-02-24,2024-12-31,False
E000774,2,Finance,Data Analyst,728042.62,2019-07-24,2024-12-31,False
E000775,3,Human Resources,Marketing Specialist,858365.25,2016-01-03,2024-12-31,False
E000776,2,Finance,Product Manager,687375.31,2024-06-01,2024-12-31,False
E000777,1,Engineering,Product Manager,1775008.1,2021-08-28,2024-12-31,False
E000778,3,Human Resources,Product Manager,1566700.0,2024-01-09,2024-12-31,False
E000779,1,Engineering,Sales Executive,900091.05,2023-08-22,2024-12-31,False
E000780,5,Marketing,Financial Analyst,1143833.19,2023-11-07,2024-12-31,False
E000781,4,Sales,Data Analyst,1884977.38,2015-12-31,2024-12-31,False
E000782,4,Sales,Data Scientist,1920624.53,2023-06-14,2024-12-31,False
E000783,1,Engineering,Business Analyst,1808446.67,2024-06-01,2024-12-31,False
E000784,2,Finance,Software Engineer,1414920.8,2020-11-05,2024-12-31,False
E000785,2,Finance,Data Analyst,510338.98,2016-01-11,2024-12-31,False
E000786,2,Finance,HR Specialist,1854036.68,2022-01-08,2024-12-31,False
E000787,2,Finance,Business Analyst,1034379.52,2012-08-11,2024-12-31,False
E000788,1,Engineering,Project Manager,728604.58,2018-10-02,2024-12-31,False
E000789,4,Sales,HR Specialist,900223.81,2020-04-22,2024-12-31,False
E000790,6,Operations,Data Analyst,1917997.07,2022-08-10,2024-12-31,False
E000791,5,Marketing,HR Specialist,2122035.55,2023-12-10,2024-12-31,False
E000792,2,Finance,Data Analyst,2039922.36,2022-06-19,2024-12-31,False
E000793,1,Engineering,HR Specialist,2021918.33,2023-07-21,2024-12-31,False
E000794,6,Operations,Data Scientist,2161846.37,2023-11-13,2024-12-31,False
E000795,2,Finance,Sales Executive,1288105.55,2020-06-14,2024-12-31,False
E000796,4,Sales,Data Scientist,425188.92,2016-04-20,2024-12-31,False
E000797,5,Marketing,Data Scientist,800499.37,2023-11-13,2024-12-31,False
E000798,3,Human Resources,Project Manager,1198343.44,2022-04-23,2024-12-31,False
E000799,1,Engineering,Marketing Specialist,333215.81,2019-12-25,2024-12-31,False
E000800,5,Marketing,Data Scientist,1909129.76,2012-12-21,2024-12-31,False
E000801,2,Finance,Operations Analyst,1115517.86,2023-12-12,2024-12-31,False
E000802,5,Marketing,Marketing Specialist,1697543.44,2011-01-02,2024-12-31,False
E000803,1,Engineering,Data Analyst,1766590.52,2020-08-20,2024-12-31,False
E000804,1,Engineering,Product Manager,524841.15,2024-06-01,2024-12-31,False
E000805,2,Finance,Product Manager,1769586.88,2020-04-21,2024-12-31,False
E000806,4,Sales,Business Analyst,533295.07,2022-07-17,2024-12-31,False
E000807,2,Finance,Product Manager,434905.25,2021-05-11,2024-12-31,False
E000808,1,Engineering,Sales Executive,656952.97,2019-03-13,2024-12-31,False
E000809,2,Finance,Operations Analyst,276814.85,2023-09-29,2024-12-31,False
E000810,2,Finance,Marketing Specialist,2136465.08,2024-03-02,2024-12-31,False
E000811,4,Sales,Operations Analyst,965584.26,2016-10-20,2024-12-31,False
E000812,1,Engineering,Product Manager,503265.85,2022-07-25,2024-12-31,False
E000813,3,Human Resources,Operations Analyst,521403.75,2024-06-01,2024-12-31,False
E000814,5,Marketing,Software Engineer,408828.67,2020-06-11,2024-12-31,False
E000815,3,Human Resources,Business Analyst,378832.38,2023-05-20,2024-12-31,False
E000816,4,Sales,Financial Analyst,1486516.18,2013-06-01,2024-12-31,False
E000817,3,Human Resources,Operations Analyst,1650443.2,2022-11-23,2024-12-31,False
E000818,6,Operations,Financial Analyst,759358.92,2016-06-21,2024-12-31,False
E000819,2,Finance,Software Engineer,1259293.99,2015-09-15,2024-12-31,False
E000820,6,Operations,Data Scientist,1358725.01,2024-06-01,2024-12-31,False
E000821,5,Marketing,Software Engineer,1547901.35,2021-09-16,2024-12-31,False
E000822,3,Human Resources,Data Analyst,1752304.48,2014-01-15,2024-12-31,False
E000823,5,Marketing,Software Engineer,1160852.29,2018-07-17,2024-12-31,False
E000824,1,Engineering,HR Specialist,1834870.22,2014-03-17,2024-12-31,False
E000825,3,Human Resources,Sales Executive,1073470.08,2017-10-03,2024-12-31,False
E000826,5,Marketing,Product Manager,701118.51,2019-05-11,2024-12-31,False
E000827,5,Marketing,Product Manager,1714996.5,2024-06-01,2024-12-31,False
E000828,3,Human Resources,Marketing Specialist,298352.69,2010-12-02,2024-12-31,False
E000829,3,Human Resources,HR Specialist,1515893.54,2016-05-17,2024-12-31,False
E000830,6,Operations,Operations Analyst,1567127.02,2024-06-01,2024-12-31,False
E000831,5,Marketing,Marketing Specialist,416528.11,2016-01-17,2024-12-31,False
E000832,5,Marketing,Business Analyst,2036215.66,2021-06-25,2024-12-31,False
E000833,1,Engineering,Senior Software Engineer,1957688.29,2022-10-08,2024-12-31,False
E000834,5,Marketing,Data Analyst,1148474.54,2023-03-28,2024-12-31,False
E000835,3,Human Resources,Product Manager,858774.4,2022-07-03,2024-12-31,False
E000836,3,Human Resources,Marketing Specialist,1231864.17,2017-03-07,2024-12-31,False
E000837,2,Finance,Operations Analyst,1529355.56,2024-06-01,2024-12-31,False
E000838,1,Engineering,Financial Analyst,1856294.87,2023-08-20,2024-12-31,False
E000839,2,Finance,Senior Software Engineer,945973.36,2024-06-01,2024-12-31,False
E000840,1,Engineering,Product Manager,630159.58,2023-11-06,2024-12-31,False
E000841,1,Engineering,Senior Software Engineer,1137536.81,2021-08-02,2024-12-31,False
E000842,2,Finance,Business Analyst,1634417.15,2023-12-04,2024-12-31,False
E000843,1,Engineering,Project Manager,1741232.16,2024-06-01,2024-12-31,False
E000844,6,Operations,Operations Analyst,767808.98,2024-06-01,2024-12-31,False
E000845,2,Finance,Senior Software Engineer,1062995.6,2024-02-26,2024-12-31,False
E000846,6,Operations,Operations Analyst,748849.01,2020-06-28,2024-12-31,False
E000847,4,Sales,Data Analyst,939399.64,2024-06-01,2024-12-31,False
E000848,2,Finance,Data Analyst,643735.08,2019-04-26,2024-12-31,False
E000849,4,Sales,Software Engineer,1372573.91,2018-11-07,2024-12-31,False
E000850,2,Finance,Financial Analyst,1968582.2,2024-02-24,2024-12-31,False
E000851,3,Human Resources,Sales Executive,2253339.45,2023-06-13,2024-12-31,False
E000852,6,Operations,Product Manager,315150.54,2018-09-24,2024-12-31,False
E000853,2,Finance,Project Manager,1850282.69,2016-04-20,2024-12-31,False
E000854,3,Human Resources,HR Specialist,1806934.28,2022-08-20,2024-12-31,False
E000855,5,Marketing,Data Scientist,1916223.24,2024-04-04,2024-12-31,False
E000856,1,Engineering,Data Scientist,1338842.73,2018-06-29,2024-12-31,False
E000857,4,Sales,Business Analyst,474838.09,2021-02-27,2024-12-31,False
E000858,3,Human Resources,Sales Executive,1449644.93,2024-03-15,2024-12-31,False
E000859,3,Human Resources,Software Engineer,1724601.52,2024-06-01,2024-12-31,False
E000860,2,Finance,Product Manager,975622.68,2022-12-17,2024-12-31,False
E000861,6,Operations,Sales Executive,789754.48,2023-01-26,2024-12-31,False
E000862,4,Sales,Sales Executive,1873790.1,2024-06-01,2024-12-31,False
E000863,4,Sales,Sales Executive,1928763.45,2024-06-01,2024-12-31,False
E000864,5,Marketing,HR Specialist,557773.74,2021-03-27,2024-12-31,False
E000865,4,Sales,Data Scientist,1399369.86,2023-01-08,2024-12-31,False
E000866,1,Engineering,Product Manager,689572.26,2009-09-20,2024-12-31,False
E000867,1,Engineering,Sales Executive,662403.99,2015-03-17,2024-12-31,False
E000868,4,Sales,HR Specialist,993947.59,2015-01-22,2024-12-31,False
E000869,2,Finance,Business Analyst,1029296.58,2019-04-09,2024-12-31,False
E000870,6,Operations,Project Manager,283728.17,2021-04-26,2024-12-31,False
E000871,5,Marketing,Senior Software Engineer,716439.61,2008-07-03,2024-12-31,False
E000872,3,Human Resources,Product Manager,1407994.79,2018-06-16,2024-12-31,False
E000873,4,Sales,Sales Executive,1158215.49,2023-08-09,2024-12-31,False
E000874,4,Sales,Senior Software Engineer,1006948.69,2013-04-17,2024-12-31,False
E000875,3,Human Resources,Operations Analyst,625750.48,2024-05-30,2024-12-31,False
E000876,2,Finance,Data Scientist,1430349.58,2008-01-21,2024-12-31,False
E000877,1,Engineering,Project Manager,595334.38,2024-06-01,2024-12-31,False
E000878,2,Finance,Data Scientist,1864277.76,2015-12-31,2024-12-31,False
E000879,4,Sales,Financial Analyst,675888.67,2024-06-01,2024-12-31,False
E000880,6,Operations,Financial Analyst,1646880.03,2023-03-25,2024-12-31,False
E000881,1,Engineering,Software Engineer,689909.12,2022-02-20,2024-12-31,False
E000882,1,Engineering,Operations Analyst,2160201.88,2017-06-11,2024-12-31,False
E000883,4,Sales,Data Analyst,881087.26,2024-06-01,2024-12-31,False
E000884,2,Finance,Senior Software Engineer,1680028.52,2021-11-16,2024-12-31,False
E000885,1,Engineering,Sales Executive,1099166.52,2021-11-22,2024-12-31,False
E000886,6,Operations,Project Manager,1486246.91,2014-06-27,2024-12-31,False
E000887,3,Human Resources,Project Manager,2199603.01,2024-01-07,2024-12-31,False
E000888,2,Finance,Product Manager,1521797.49,2008-10-12,2024-12-31,False
E000889,1,Engineering,Marketing Specialist,681164.33,2024-06-01,2024-12-31,False
E000890,6,Operations,HR Specialist,834381.23,2021-11-13,2024-12-31,False
E000891,4,Sales,Project Manager,1541888.82,2024-06-01,2024-12-31,False
E000892,3,Human Resources,Senior Software Engineer,571741.12,2021-04-15,2024-12-31,False
E000893,2,Finance,Business Analyst,372988.49,2021-06-19,2024-12-31,False
E000894,6,Operations,Project Manager,988233.62,2024-06-01,2024-12-31,False
E000895,5,Marketing,Sales Executive,1908812.67,2021-03-03,2024-12-31,False
E000896,4,Sales,Business Analyst,1457921.76,2012-05-17,2024-12-31,False
E000897,5,Marketing,Data Analyst,367297.34,2024-02-10,2024-12-31,False
E000898,5,Marketing,Software Engineer,2012251.11,2024-06-01,2024-12-31,False
E000899,5,Marketing,Data Scientist,1775500.37,2015-09-20,2024-12-31,False
E000900,5,Marketing,Project Manager,2227202.08,2023-12-11,2024-12-31,False
E000901,6,Operations,Sales Executive,1301504.99,2024-04-05,2024-12-31,False
E000902,2,Finance,Software Engineer,1132282.29,2024-06-01,2024-12-31,False
E000903,3,Human Resources,Financial Analyst,482463.5,2021-05-23,2024-12-31,False
E000904,2,Finance,Software Engineer,1467948.31,2020-08-21,2024-12-31,False
E000905,2,Finance,Marketing Specialist,325365.76,2024-06-01,2024-12-31,False
E000906,6,Operations,Business Analyst,491346.63,2019-06-19,2024-12-31,False
E000907,1,Engineering,Business Analyst,1991850.57,1998-04-10,2024-12-31,False
E000908,1,Engineering,Business Analyst,796948.17,2014-10-27,2024-12-31,False
E000909,5,Marketing,Product Manager,2094255.22,2007-09-18,2024-12-31,False
E000910,4,Sales,Sales Executive,1637602.98,2023-10-26,2024-12-31,False
E000911,2,Finance,Data Analyst,1075878.89,2015-05-09,2024-12-31,False
E000912,5,Marketing,Senior Software Engineer,1708690.54,2020-01-25,2024-12-31,False
E000913,3,Human Resources,Sales Executive,2167730.22,2024-06-01,2024-12-31,False
E000914,5,Marketing,Data Analyst,788727.56,2011-11-12,2024-12-31,False
E000915,1,Engineering,Product Manager,1267612.09,2024-03-17,2024-12-31,False
E000916,4,Sales,Business Analyst,1982212.04,2014-02-04,2024-12-31,False
E000917,3,Human Resources,Data Scientist,902060.78,2024-03-27,2024-12-31,False
E000918,5,Marketing,HR Specialist,676855.98,2023-02-22,2024-12-31,False
E000919,1,Engineering,Business Analyst,374455.24,2020-07-05,2024-12-31,False
E000920,6,Operations,Project Manager,1328724.15,2022-02-01,2024-12-31,False
E000921,2,Finance,Product Manager,2071283.89,2024-05-12,2024-12-31,False
E000922,3,Human Resources,Data Analyst,1164104.42,2024-03-01,2024-12-31,False
E000923,3,Human Resources,HR Specialist,892979.97,2022-03-24,2024-12-31,False
E000924,2,Finance,Project Manager,1178442.49,2014-02-27,2024-12-31,False
E000925,1,Engineering,Business Analyst,678467.21,2011-11-21,2024-12-31,False
E000926,1,Engineering,Sales Executive,2148231.83,2023-06-23,2024-12-31,False
E000927,4,Sales,Business Analyst,598461.21,2023-06-30,2024-12-31,False
E000928,5,Marketing,Data Scientist,509645.41,2022-12-26,2024-12-31,False
E000929,1,Engineering,Software Engineer,1327638.83,2019-07-30,2024-12-31,False
E000930,1,Engineering,Business Analyst,2233587.09,2013-08-27,2024-12-31,False
E000931,2,Finance,Software Engineer,1781255.07,2023-04-05,2024-12-31,False
E000932,1,Engineering,Operations Analyst,1544083.59,2023-07-03,2024-12-31,False
E000933,4,Sales,Data Analyst,637527.3,2018-12-28,2024-12-31,False
E000934,5,Marketing,Project Manager,1460830.25,2018-04-11,2024-12-31,False
E000935,4,Sales,Business Analyst,1400044.42,2015-01-21,2024-12-31,False
E000936,3,Human Resources,Project Manager,1727291.9,2017-01-28,2024-12-31,False
E000937,4,Sales,Software Engineer,1362848.06,2023-07-01,2024-12-31,False
E000938,2,Finance,Senior Software Engineer,1757744.17,2024-03-04,2024-12-31,False
E000939,5,Marketing,Data Scientist,921926.51,2002-12-24,2024-12-31,False
E000940,5,Marketing,Sales Executive,844067.3,2019-07-30,2024-12-31,False
E000941,3,Human Resources,Software Engineer,337695.93,2020-11-14,2024-12-31,False
E000942,3,Human Resources,HR Specialist,2147528.77,2011-11-27,2024-12-31,False
E000943,4,Sales,Marketing Specialist,791388.47,2023-10-19,2024-12-31,False
E000944,2,Finance,Data Scientist,1184245.2,2024-06-01,2024-12-31,False
E000945,6,Operations,Financial Analyst,893858.24,2018-08-07,2024-12-31,False
E000946,1,Engineering,Product Manager,1641167.67,2020-01-21,2024-12-31,False
E000947,6,Operations,Data Scientist,1390569.28,2021-11-01,2024-12-31,False
E000948,3,Human Resources,Project Manager,1093134.72,2023-08-21,2024-12-31,False
E000949,5,Marketing,Product Manager,1880854.45,2022-06-26,2024-12-31,False
E000950,4,Sales,Data Scientist,1614849.09,2023-10-22,2024-12-31,False
E000951,3,Human Resources,Data Scientist,1606205.09,2022-07-24,2024-12-31,False
E000952,5,Marketing,Product Manager,1123847.59,2023-12-02,2024-12-31,False
E000953,1,Engineering,Operations Analyst,1170881.85,2023-11-19,2024-12-31,False
E000954,3,Human Resources,Senior Software Engineer,1974970.21,2015-03-27,2024-12-31,False
E000955,5,Marketing,Business Analyst,1665773.57,2024-06-01,2024-12-31,False
E000956,1,Engineering,Software Engineer,1286443.71,2021-10-04,2024-12-31,False
E000957,2,Finance,Senior Software Engineer,1876084.56,2024-01-07,2024-12-31,False
E000958,2,Finance,Project Manager,1943658.73,2013-08-01,2024-12-31,False
E000959,3,Human Resources,Marketing Specialist,950502.51,2022-04-06,2024-12-31,False
E000960,5,Marketing,Senior Software Engineer,911586.35,2004-08-04,2024-12-31,False
E000961,3,Human Resources,Data Scientist,1269762.69,2024-02-13,2024-12-31,False
E000962,5,Marketing,Sales Executive,1984226.01,2007-01-19,2024-12-31,False
E000963,3,Human Resources,HR Specialist,1346362.5,2022-08-22,2024-12-31,False
E000964,2,Finance,Software Engineer,2038328.82,2016-12-26,2024-12-31,False
E000965,6,Operations,Sales Executive,2084396.94,2024-02-07,2024-12-31,False
E000966,1,Engineering,Product Manager,1573163.54,2021-06-18,2024-12-31,False
E000967,3,Human Resources,Data Analyst,1673940.43,2024-06-01,2024-12-31,False
E000968,2,Finance,Data Scientist,569693.83,2021-04-15,2024-12-31,False
E000969,1,Engineering,Senior Software Engineer,959058.6,2021-06-19,2024-12-31,False
E000970,1,Engineering,Business Analyst,773708.54,2024-06-01,2024-12-31,False
E000971,4,Sales,Project Manager,2159960.43,2011-10-20,2024-12-31,False
E000972,3,Human Resources,Senior Software Engineer,453351.54,2016-08-03,2024-12-31,False
E000973,2,Finance,Data Scientist,557193.63,2017-03-17,2024-12-31,False
E000974,5,Marketing,Marketing Specialist,1954442.79,2005-05-05,2024-12-31,False
E000975,3,Human Resources,Data Analyst,816751.49,2021-10-31,2024-12-31,False
E000976,5,Marketing,Marketing Specialist,872731.14,2024-06-01,2024-12-31,False
E000977,5,Marketing,HR Specialist,1450391.34,2020-06-01,2024-12-31,False
E000978,1,Engineering,Data Scientist,1579059.3,2013-03-28,2024-12-31,False
E000979,4,Sales,Software Engineer,1106167.13,2019-06-26,2024-12-31,False
E000980,1,Engineering,Product Manager,1486072.36,2019-06-28,2024-12-31,False
E000981,6,Operations,Operations Analyst,2180893.9,2015-04-18,2024-12-31,False
E000982,4,Sales,Sales Executive,1892759.3,2022-11-16,2024-12-31,False
E000983,1,Engineering,Financial Analyst,2086368.13,2009-05-07,2024-12-31,False
E000984,5,Marketing,Operations Analyst,826217.72,2023-12-10,2024-12-31,False
E000985,1,Engineering,Senior Software Engineer,1004663.72,2014-02-12,2024-12-31,False
E000986,3,Human Resources,Data Analyst,1951727.8,2001-09-01,2024-12-31,False
E000987,3,Human Resources,Financial Analyst,1342255.75,2024-04-22,2024-12-31,False
E000988,2,Finance,HR Specialist,1215499.1,2023-07-18,2024-12-31,False
E000989,4,Sales,Project Manager,2055947.54,2024-06-01,2024-12-31,False
E000990,4,Sales,Operations Analyst,378020.27,2020-05-29,2024-12-31,False
E000991,1,Engineering,Data Analyst,363929.46,2018-05-19,2024-12-31,False
E000992,6,Operations,Senior Software Engineer,355618.08,2022-08-21,2024-12-31,False
E000993,4,Sales,Sales Executive,1103864.51,2024-05-23,2024-12-31,False
E000994,1,Engineering,HR Specialist,600329.4,2019-11-06,2024-12-31,False
E000995,2,Finance,Operations Analyst,1256265.61,2011-03-10,2024-12-31,False
E000996,4,Sales,Operations Analyst,1839800.91,2021-03-19,2024-12-31,False
E000997,3,Human Resources,Data Scientist,1290272.17,2003-05-23,2024-12-31,False
E000998,5,Marketing,Operations Analyst,2111526.21,2024-04-03,2024-12-31,False
E000999,5,Marketing,Sales Executive,451444.91,2018-02-23,2024-12-31,False
E001000,1,Engineering,Senior Software Engineer,1264280.79,2024-06-01,2024-12-31,False
E001001,4,Sales,Marketing Specialist,1272864.29,2022-08-03,2024-12-31,False
E001002,6,Operations,Sales Executive,1112578.85,2019-07-28,2024-12-31,False
E001003,6,Operations,Financial Analyst,2096532.51,2023-08-04,2024-12-31,False
E001004,2,Finance,Software Engineer,1162356.33,2021-07-02,2024-12-31,False
E001005,4,Sales,Data Analyst,2361038.89,2013-08-03,2024-12-31,False
E001006,4,Sales,Data Scientist,1547704.73,2018-04-02,2024-12-31,False
E001007,4,Sales,Software Engineer,1147929.82,2019-09-21,2024-12-31,False
E001008,3,Human Resources,Data Scientist,990599.44,2014-04-27,2024-12-31,False
E001009,3,Human Resources,Project Manager,1517626.66,2011-04-28,2024-12-31,False
E001010,3,Human Resources,Product Manager,460398.66,2022-05-31,2024-12-31,False
E001011,3,Human Resources,Product Manager,1336364.72,2023-09-13,2024-12-31,False
E001012,5,Marketing,Software Engineer,1707107.64,2011-01-13,2024-12-31,False
E001013,3,Human Resources,Data Analyst,2180595.21,2022-12-11,2024-12-31,False
E001014,1,Engineering,Marketing Specialist,1598074.6,2021-10-15,2024-12-31,False
E001015,6,Operations,Data Scientist,557122.3,2023-04-07,2024-12-31,False
E001016,3,Human Resources,Product Manager,1054617.19,2024-06-01,2024-12-31,False
E001017,3,Human Resources,Operations Analyst,1468233.84,2024-02-04,2024-12-31,False
E001018,1,Engineering,HR Specialist,611400.31,2021-06-24,2024-12-31,False
E001019,5,Marketing,Software Engineer,1391351.32,2022-06-12,2024-12-31,False
E001020,3,Human Resources,Software Engineer,2122486.82,2023-04-30,2024-12-31,False
E001021,5,Marketing,Software Engineer,1100958.65,2024-06-01,2024-12-31,False
E001022,2,Finance,Software Engineer,314344.85,2021-10-08,2024-12-31,False
E001023,6,Operations,HR Specialist,1833037.19,2021-09-30,2024-12-31,False
E001024,3,Human Resources,Sales Executive,327959.5,2020-04-23,2024-12-31,False
E001025,3,Human Resources,HR Specialist,1826619.02,2022-06-07,2024-12-31,False
E001026,5,Marketing,Software Engineer,292623.77,2020-08-10,2024-12-31,False
E001027,6,Operations,Marketing Specialist,1005440.44,2024-06-01,2024-12-31,False
E001028,4,Sales,Data Analyst,945874.44,2022-12-17,2024-12-31,False
E001029,3,Human Resources,Business Analyst,1119022.62,2010-04-09,2024-12-31,False
E001030,2,Finance,Project Manager,1273744.85,2015-07-27,2024-12-31,False
E001031,3,Human Resources,Financial Analyst,1862568.08,2023-07-04,2024-12-31,False
E001032,2,Finance,Senior Software Engineer,1115952.68,2021-01-08,2024-12-31,False
E001033,2,Finance,Financial Analyst,824836.3,2020-12-07,2024-12-31,False
E001034,2,Finance,Data Analyst,1910137.75,2007-08-03,2024-12-31,False
E001035,2,Finance,Product Manager,1192467.56,2021-10-07,2024-12-31,False
E001036,6,Operations,Data Analyst,260865.88,2023-10-19,2024-12-31,False
E001037,2,Finance,Project Manager,1988404.46,2023-09-17,2024-12-31,False
E001038,4,Sales,Software Engineer,2349085.22,2023-03-27,2024-12-31,False
E001039,5,Marketing,Business Analyst,2321568.49,2024-06-01,2024-12-31,False
E001040,4,Sales,Financial Analyst,955772.24,2014-02-04,2024-12-31,False
E001041,3,Human Resources,Operations Analyst,1142508.9,2017-04-10,2024-12-31,False
E001042,2,Finance,HR Specialist,667390.52,2014-01-24,2024-12-31,False
E001043,2,Finance,Project Manager,341212.35,2017-03-28,2024-12-31,False
E001044,4,Sales,Marketing Specialist,2082211.84,2008-08-04,2024-12-31,False
E001045,5,Marketing,Senior Software Engineer,2104781.55,2022-05-26,2024-12-31,False
E001046,6,Operations,Senior Software Engineer,805609.7,2023-10-26,2024-12-31,False
E001047,5,Marketing,Senior Software Engineer,798013.72,2024-01-28,2024-12-31,False
E001048,5,Marketing,Business Analyst,712368.42,2012-01-21,2024-12-31,False
E001049,6,Operations,Senior Software Engineer,406241.49,2022-04-22,2024-12-31,False
E001050,1,Engineering,HR Specialist,2059793.72,2020-09-10,2024-12-31,False
E001051,5,Marketing,Financial Analyst,1832524.93,2024-06-01,2024-12-31,False
E001052,2,Finance,Project Manager,1134431.98,2024-06-01,2024-12-31,False
E001053,5,Marketing,Project Manager,271275.42,2024-06-01,2024-12-31,False
E001054,1,Engineering,Product Manager,1475868.81,2024-06-01,2024-12-31,False
E001055,4,Sales,Financial Analyst,1929590.04,2024-06-01,2024-12-31,False
E001056,2,Finance,Financial Analyst,849198.41,2014-08-16,2024-12-31,False
E001057,4,Sales,Marketing Specialist,1844469.85,2024-01-11,2024-12-31,False
E001058,2,Finance,Data Scientist,335267.09,2015-12-02,2024-12-31,False
E001059,5,Marketing,HR Specialist,1905293.09,2023-11-27,2024-12-31,False
E001060,2,Finance,Data Analyst,1279720.34,2021-06-09,2024-12-31,False
E001061,5,Marketing,Marketing Specialist,1331229.88,2023-06-04,2024-12-31,False
E001062,1,Engineering,HR Specialist,1722742.59,2015-05-04,2024-12-31,False
E001063,2,Finance,Senior Software Engineer,736113.71,2023-03-12,2024-12-31,False
E001064,5,Marketing,Financial Analyst,2034334.85,2017-12-24,2024-12-31,False
E001065,2,Finance,Operations Analyst,1908967.04,2023-10-20,2024-12-31,False
E001066,6,Operations,HR Specialist,1480068.18,2017-06-14,2024-12-31,False
E001067,2,Finance,Data Analyst,920563.75,2023-12-07,2024-12-31,False
E001068,3,Human Resources,HR Specialist,731459.41,2019-12-16,2024-12-31,False
E001069,1,Engineering,Product Manager,2222689.37,2006-03-28,2024-12-31,False
E001070,4,Sales,Product Manager,710381.4,2012-04-27,2024-12-31,False
E001071,2,Finance,Software Engineer,857389.38,2015-12-09,2024-12-31,False
E001072,1,Engineering,Software Engineer,1363340.64,2021-08-11,2024-12-31,False
E001073,2,Finance,Data Analyst,340204.38,2024-06-01,2024-12-31,False
E001074,3,Human Resources,Operations Analyst,310695.2,2019-04-21,2024-12-31,False
E001075,4,Sales,Marketing Specialist,1731207.12,2022-01-18,2024-12-31,False
E001076,4,Sales,Data Analyst,2195430.89,2021-12-11,2024-12-31,False
E001077,4,Sales,Business Analyst,1205868.07,2024-05-01,2024-12-31,False
E001078,1,Engineering,Software Engineer,688404.9,2013-06-17,2024-12-31,False
E001079,1,Engineering,Financial Analyst,1725851.2,2022-10-01,2024-12-31,False
E001080,3,Human Resources,Data Scientist,1201239.82,2010-02-12,2024-12-31,False
E001081,6,Operations,Marketing Specialist,2181997.1,2019-08-10,2024-12-31,False
E001082,6,Operations,Marketing Specialist,1503716.99,2024-06-01,2024-12-31,False
E001083,4,Sales,HR Specialist,2004687.97,2022-12-16,2024-12-31,False
E001084,5,Marketing,Marketing Specialist,799060.69,2024-04-16,2024-12-31,False
E001085,4,Sales,Project Manager,1821317.06,2018-04-08,2024-12-31,False
E001086,3,Human Resources,Business Analyst,1546081.33,2023-04-29,2024-12-31,False
E001087,5,Marketing,Financial Analyst,1552623.89,2024-06-01,2024-12-31,False
E001088,5,Marketing,Senior Software Engineer,1353498.12,2015-03-05,2024-12-31,False
E001089,1,Engineering,Business Analyst,481055.39,2024-02-10,2024-12-31,False
E001090,2,Finance,Business Analyst,524192.02,2022-02-12,2024-12-31,False
E001091,3,Human Resources,Data Scientist,2006316.5,2022-11-20,2024-12-31,False
E001092,1,Engineering,Business Analyst,2331857.62,2022-08-28,2024-12-31,False
E001093,4,Sales,Marketing Specialist,1719057.83,2023-02-25,2024-12-31,False
E001094,3,Human Resources,Senior Software Engineer,815987.62,2024-04-21,2024-12-31,False
E001095,6,Operations,Marketing Specialist,1379144.46,2005-10-05,2024-12-31,False
E001096,1,Engineering,Operations Analyst,1490849.74,2020-02-09,2024-12-31,False
E001097,6,Operations,Data Analyst,2162157.67,2021-10-08,2024-12-31,False
E001098,5,Marketing,Senior Software Engineer,1365255.2,2021-02-25,2024-12-31,False
E001099,6,Operations,Sales Executive,688330.59,2024-05-06,2024-12-31,False
E001100,5,Marketing,Sales Executive,1346058.11,2015-05-17,2024-12-31,False
E001101,2,Finance,HR Specialist,1406367.84,2015-12-08,2024-12-31,False
E001102,3,Human Resources,Data Analyst,1861620.93,2018-05-01,2024-12-31,False
E001103,5,Marketing,HR Specialist,857391.97,2024-06-01,2024-12-31,False
E001104,4,Sales,Operations Analyst,1119012.91,2020-12-16,2024-12-31,False
E001105,6,Operations,HR Specialist,2341409.17,2023-08-27,2024-12-31,False
E001106,4,Sales,Financial Analyst,2028274.85,2019-12-02,2024-12-31,False
E001107,6,Operations,Financial Analyst,2010762.96,2021-05-06,2024-12-31,False
E001108,5,Marketing,Software Engineer,1896968.88,2023-09-25,2024-12-31,False
E001109,5,Marketing,Data Scientist,333313.64,2013-06-05,2024-12-31,False
E001110,1,Engineering,HR Specialist,2044793.57,2018-08-17,2024-12-31,False
E001111,6,Operations,Marketing Specialist,1254726.06,2015-03-31,2024-12-31,False
E001112,2,Finance,HR Specialist,924115.81,2005-11-07,2024-12-31,False
E001113,5,Marketing,Data Scientist,487547.48,2023-01-16,2024-12-31,False
E001114,3,Human Resources,Product Manager,1667308.99,2014-11-25,2024-12-31,False
E001115,5,Marketing,Sales Executive,1425189.33,2017-04-25,2024-12-31,False
E001116,2,Finance,Project Manager,1945369.01,2023-07-24,2024-12-31,False
E001117,6,Operations,Data Analyst,1533068.42,2020-11-11,2024-12-31,False
E001118,2,Finance,HR Specialist,1050641.05,2024-06-01,2024-12-31,False
E001119,1,Engineering,Financial Analyst,954574.36,2023-04-10,2024-12-31,False
E001120,1,Engineering,Marketing Specialist,1576165.23,2023-03-14,2024-12-31,False
E001121,1,Engineering,Data Analyst,2130987.34,2010-09-22,2024-12-31,False
E001122,2,Finance,HR Specialist,948041.95,2022-03-21,2024-12-31,False
E001123,5,Marketing,Product Manager,1200264.89,2024-06-01,2024-12-31,False
E001124,1,Engineering,Sales Executive,1467346.46,2023-04-03,2024-12-31,False
E001125,1,Engineering,Software Engineer,867228.36,2022-11-17,2024-12-31,False
E001126,3,Human Resources,Marketing Specialist,1184234.04,2023-05-31,2024-12-31,False
E001127,5,Marketing,Senior Software Engineer,846577.91,2023-11-17,2024-12-31,False
E001128,2,Finance,Data Analyst,1018016.38,2023-10-21,2024-12-31,False
E001129,6,Operations,Product Manager,480907.81,2020-06-05,2024-12-31,False
E001130,3,Human Resources,Senior Software Engineer,1544274.0,2018-11-03,2024-12-31,False
E001131,5,Marketing,Business Analyst,1830771.42,2018-02-11,2024-12-31,False
E001132,2,Finance,Financial Analyst,947401.32,2023-12-28,2024-12-31,False
E001133,3,Human Resources,Product Manager,1113847.14,2022-12-31,2024-12-31,False
E001134,3,Human Resources,Senior Software Engineer,1098120.73,2024-01-14,2024-12-31,False
E001135,5,Marketing,Data Scientist,890549.98,2024-03-07,2024-12-31,False
E001136,1,Engineering,Marketing Specialist,2211430.06,2024-06-01,2024-12-31,False
E001137,3,Human Resources,Senior Software Engineer,273798.65,2016-02-07,2024-12-31,False
E001138,1,Engineering,Software Engineer,604266.53,2023-04-09,2024-12-31,False
E001139,3,Human Resources,Marketing Specialist,465443.22,2007-06-11,2024-12-31,False
E001140,3,Human Resources,Operations Analyst,688441.6,2022-01-05,2024-12-31,False
E001141,5,Marketing,Data Analyst,1481816.05,2014-12-17,2024-12-31,False
E001142,5,Marketing,Sales Executive,1688410.41,2021-12-14,2024-12-31,False
E001143,5,Marketing,Senior Software Engineer,1097694.72,2023-12-26,2024-12-31,False
E001144,3,Human Resources,HR Specialist,1478790.48,2011-05-04,2024-12-31,False
E001145,6,Operations,Senior Software Engineer,1216887.05,2023-07-16,2024-12-31,False
E001146,2,Finance,Product Manager,2219099.95,2024-03-16,2024-12-31,False
E001147,1,Engineering,Product Manager,1547555.51,2019-06-26,2024-12-31,False
E001148,2,Finance,Software Engineer,663458.67,2024-06-01,2024-12-31,False
E001149,1,Engineering,Project Manager,2066942.04,2020-10-03,2024-12-31,False
E001150,3,Human Resources,Business Analyst,361009.5,2012-05-18,2024-12-31,False
E001151,5,Marketing,Data Analyst,892799.92,2019-01-28,2024-12-31,False
E001152,2,Finance,Data Scientist,2057729.14,2024-03-28,2024-12-31,False
E001153,3,Human Resources,Marketing Specialist,2182246.05,2016-06-23,2024-12-31,False
E001154,4,Sales,Sales Executive,515261.71,2016-03-16,2024-12-31,False
E001155,1,Engineering,Financial Analyst,1269262.09,2020-04-08,2024-12-31,False
E001156,2,Finance,Data Analyst,1449221.83,2023-09-30,2024-12-31,False
E001157,3,Human Resources,Senior Software Engineer,2305957.03,2021-07-22,2024-12-31,False
E001158,2,Finance,Sales Executive,880591.36,2021-12-09,2024-12-31,False
E001159,3,Human Resources,Data Scientist,1515094.12,2014-09-30,2024-12-31,False
E001160,2,Finance,HR Specialist,947111.72,2024-03-03,2024-12-31,False
E001161,5,Marketing,Data Scientist,556499.56,2022-09-20,2024-12-31,False
E001162,2,Finance,Product Manager,276449.58,2023-09-17,2024-12-31,False
E001163,5,Marketing,Marketing Specialist,1292547.89,2019-02-08,2024-12-31,False
E001164,4,Sales,Product Manager,1886269.24,2021-01-03,2024-12-31,False
E001165,5,Marketing,Senior Software Engineer,646617.19,2024-01-31,2024-12-31,False
E001166,1,Engineering,Senior Software Engineer,1455521.53,2018-02-21,2024-12-31,False
E001167,3,Human Resources,Senior Software Engineer,1203291.35,2022-01-16,2024-12-31,False
E001168,5,Marketing,Financial Analyst,1654027.38,2011-07-04,2024-12-31,False
E001169,5,Marketing,Operations Analyst,1184221.48,2015-03-30,2024-12-31,False
E001170,6,Operations,Business Analyst,1464643.27,2016-12-03,2024-12-31,False
E001171,5,Marketing,Software Engineer,1956264.4,2021-03-03,2024-12-31,False
E001172,1,Engineering,Software Engineer,1463717.16,2020-09-13,2024-12-31,False
E001173,4,Sales,Product Manager,975594.59,2005-05-07,2024-12-31,False
E001174,1,Engineering,Software Engineer,2267257.32,2020-01-03,2024-12-31,False
E001175,1,Engineering,Data Analyst,2181842.73,2022-12-25,2024-12-31,False
E001176,4,Sales,Data Scientist,474187.63,2022-03-22,2024-12-31,False
E001177,1,Engineering,Operations Analyst,1299416.43,2017-11-09,2024-12-31,False
E001178,2,Finance,Software Engineer,1895375.3,2013-02-02,2024-12-31,False
E001179,4,Sales,HR Specialist,2096531.64,2019-06-26,2024-12-31,False
E001180,2,Finance,Sales Executive,693688.33,2021-06-14,2024-12-31,False
E001181,6,Operations,Data Scientist,2047070.31,2024-04-06,2024-12-31,False
E001182,1,Engineering,Operations Analyst,2162664.87,2023-10-07,2024-12-31,False
E001183,1,Engineering,Project Manager,1124839.59,2021-09-20,2024-12-31,False
E001184,3,Human Resources,Software Engineer,1311505.29,2024-01-21,2024-12-31,False
E001185,4,Sales,Business Analyst,1521874.54,2023-05-22,2024-12-31,False
E001186,4,Sales,Product Manager,1616820.97,2022-05-10,2024-12-31,False
E001187,2,Finance,Data Scientist,2141246.8,2013-08-22,2024-12-31,False
E001188,5,Marketing,HR Specialist,869827.35,2014-06-19,2024-12-31,False
E001189,6,Operations,Data Analyst,600027.83,2003-11-12,2024-12-31,False
E001190,4,Sales,Financial Analyst,385117.68,2023-06-26,2024-12-31,False
E001191,3,Human Resources,HR Specialist,357606.27,2020-05-22,2024-12-31,False
E001192,1,Engineering,Project Manager,1239159.36,2017-08-15,2024-12-31,False
E001193,1,Engineering,Project Manager,303648.38,2004-09-21,2024-12-31,False
E001194,1,Engineering,Operations Analyst,1814848.98,2020-05-09,2024-12-31,False
E001195,6,Operations,Software Engineer,1574902.02,2022-07-05,2024-12-31,False
E001196,4,Sales,Sales Executive,1666734.88,2022-11-10,2024-12-31,False
E001197,6,Operations,Product Manager,1650786.82,2019-04-06,2024-12-31,False
E001198,3,Human Resources,HR Specialist,1697600.2,2019-11-19,2024-12-31,False
E001199,6,Operations,Product Manager,655881.55,2024-06-01,2024-12-31,False
E001200,2,Finance,HR Specialist,1654385.71,2024-06-01,2024-12-31,False
E001201,2,Finance,Senior Software Engineer,1622912.62,2023-12-04,2024-12-31,False
E001202,4,Sales,Sales Executive,1830961.75,2009-12-01,2024-12-31,False
E001203,2,Finance,Data Analyst,1082046.68,2021-08-12,2024-12-31,False
E001204,6,Operations,Financial Analyst,558492.2,2021-05-26,2024-12-31,False
E001205,4,Sales,Data Analyst,733246.83,2022-12-12,2024-12-31,False
E001206,1,Engineering,Financial Analyst,810637.33,2011-08-16,2024-12-31,False
E001207,1,Engineering,HR Specialist,626995.48,2024-06-01,2024-12-31,False
E001208,3,Human Resources,Sales Executive,550820.33,2024-06-01,2024-12-31,False
E001209,4,Sales,Business Analyst,1136950.58,2022-10-05,2024-12-31,False
E001210,2,Finance,Project Manager,1297522.14,2024-05-16,2024-12-31,False
E001211,4,Sales,Sales Executive,1556685.05,2017-03-13,2024-12-31,False
E001212,6,Operations,Business Analyst,766052.07,2018-12-04,2024-12-31,False
E001213,1,Engineering,Sales Executive,1723416.22,2018-06-20,2024-12-31,False
E001214,3,Human Resources,Data Scientist,1249160.85,2008-08-26,2024-12-31,False
E001215,3,Human Resources,HR Specialist,1397012.91,2006-06-09,2024-12-31,False
E001216,4,Sales,Data Analyst,1714089.45,2014-03-15,2024-12-31,False
E001217,4,Sales,HR Specialist,429997.48,2023-08-25,2024-12-31,False
E001218,2,Finance,HR Specialist,1049403.34,2023-02-16,2024-12-31,False
E001219,6,Operations,Operations Analyst,1658160.44,2014-08-08,2024-12-31,False
E001220,6,Operations,Data Scientist,270782.53,2023-10-11,2024-12-31,False
E001221,1,Engineering,Project Manager,1477640.83,2021-06-27,2024-12-31,False
E001222,4,Sales,Data Scientist,1282610.37,2024-06-01,2024-12-31,False
E001223,4,Sales,Operations Analyst,2019074.38,2023-10-21,2024-12-31,False
E001224,5,Marketing,HR Specialist,803869.39,2018-11-19,2024-12-31,False
E001225,1,Engineering,Financial Analyst,1947040.76,2024-06-01,2024-12-31,False
E001226,4,Sales,Product Manager,519809.23,2024-02-18,2024-12-31,False
E001227,2,Finance,Financial Analyst,1496459.68,2022-02-26,2024-12-31,False
E001228,5,Marketing,Data Analyst,293178.89,2023-07-24,2024-12-31,False
E001229,4,Sales,Project Manager,1470243.57,2019-06-10,2024-12-31,False
E001230,1,Engineering,Business Analyst,636214.59,2017-06-03,2024-12-31,False
E001231,3,Human Resources,Data Scientist,1026533.63,2024-02-18,2024-12-31,False
E001232,4,Sales,Financial Analyst,2087980.33,2010-04-23,2024-12-31,False
E001233,5,Marketing,Senior Software Engineer,2103569.92,2016-04-24,2024-12-31,False
E001234,1,Engineering,Financial Analyst,577692.77,2002-10-20,2024-12-31,False
E001235,6,Operations,Financial Analyst,862358.47,2023-09-10,2024-12-31,False
E001236,2,Finance,Data Analyst,1019184.48,2010-05-19,2024-12-31,False
E001237,6,Operations,Software Engineer,1589989.24,2022-11-29,2024-12-31,False
E001238,1,Engineering,Software Engineer,1346198.92,2023-04-23,2024-12-31,False
E001239,3,Human Resources,Business Analyst,1819417.33,2015-03-16,2024-12-31,False
E001240,2,Finance,HR Specialist,593609.23,2020-02-06,2024-12-31,False
E001241,2,Finance,Business Analyst,1632072.48,2023-12-31,2024-12-31,False
E001242,5,Marketing,Senior Software Engineer,1355694.56,2020-07-06,2024-12-31,False
E001243,4,Sales,HR Specialist,1336866.39,2016-06-17,2024-12-31,False
E001244,2,Finance,Financial Analyst,1054706.65,2024-06-01,2024-12-31,False
E001245,2,Finance,Marketing Specialist,991920.27,2016-01-10,2024-12-31,False
E001246,2,Finance,Sales Executive,1829519.58,2023-07-11,2024-12-31,False
E001247,6,Operations,HR Specialist,2066264.21,2020-06-27,2024-12-31,False
E001248,2,Finance,Operations Analyst,2360838.82,2023-02-09,2024-12-31,False
E001249,3,Human Resources,Financial Analyst,1426320.58,2013-11-21,2024-12-31,False
E001250,4,Sales,HR Specialist,1768280.6,2013-04-18,2024-12-31,False
E001251,6,Operations,HR Specialist,1192013.67,2024-06-01,2024-12-31,False
E001252,5,Marketing,Marketing Specialist,1673288.03,2023-09-30,2024-12-31,False
E001253,4,Sales,Data Analyst,414242.27,2024-06-01,2024-12-31,False
E001254,2,Finance,Sales Executive,1614369.02,2021-11-14,2024-12-31,False
E001255,4,Sales,Project Manager,284340.32,2012-03-24,2024-12-31,False
E001256,2,Finance,Financial Analyst,1977942.43,2011-01-22,2024-12-31,False
E001257,1,Engineering,Financial Analyst,599434.53,2017-01-31,2024-12-31,False
E001258,4,Sales,Financial Analyst,675120.22,2018-12-05,2024-12-31,False
E001259,3,Human Resources,Project Manager,574688.46,2022-02-16,2024-12-31,False
E001260,2,Finance,Sales Executive,625001.46,2024-03-31,2024-12-31,False
E001261,1,Engineering,Business Analyst,875725.86,2023-10-17,2024-12-31,False
E001262,1,Engineering,Project Manager,2044250.81,2020-05-31,2024-12-31,False
E001263,5,Marketing,Business Analyst,962172.32,2019-08-18,2024-12-31,False
E001264,3,Human Resources,Business Analyst,656813.07,2022-03-19,2024-12-31,False
E001265,3,Human Resources,Data Scientist,1893035.31,2023-06-09,2024-12-31,False
E001266,3,Human Resources,Project Manager,2166461.02,2023-11-06,2024-12-31,False
E001267,5,Marketing,Operations Analyst,2099071.74,2024-06-01,2024-12-31,False
E001268,2,Finance,Data Analyst,1261551.24,2021-10-15,2024-12-31,False
E001269,3,Human Resources,Business Analyst,662839.0,2024-06-01,2024-12-31,False
E001270,1,Engineering,Business Analyst,479232.15,2017-08-27,2024-12-31,False
E001271,3,Human Resources,Senior Software Engineer,1556758.52,2008-03-09,2024-12-31,False
E001272,4,Sales,Senior Software Engineer,378128.69,2011-12-22,2024-12-31,False
E001273,5,Marketing,Product Manager,855780.54,2021-06-05,2024-12-31,False
E001274,4,Sales,Financial Analyst,2125412.62,2023-09-04,2024-12-31,False
E001275,3,Human Resources,Data Scientist,1243646.71,2024-06-01,2024-12-31,False
E001276,2,Finance,Data Analyst,698001.94,2021-06-07,2024-12-31,False
E001277,3,Human Resources,Financial Analyst,2075593.41,2022-02-28,2024-12-31,False
E001278,4,Sales,Software Engineer,1320304.39,2023-09-07,2024-12-31,False
E001279,1,Engineering,Business Analyst,622398.28,2014-05-25,2024-12-31,False
E001280,6,Operations,Sales Executive,957250.55,2021-07-09,2024-12-31,False
E001281,5,Marketing,Product Manager,1534345.09,2021-11-15,2024-12-31,False
E001282,1,Engineering,Business Analyst,2075425.09,2007-02-04,2024-12-31,False
E001283,6,Operations,Project Manager,1804186.58,2022-11-26,2024-12-31,False
E001284,5,Marketing,Data Scientist,511459.6,2007-07-06,2024-12-31,False
E001285,4,Sales,Software Engineer,576395.41,2024-06-01,2024-12-31,False
E001286,5,Marketing,Senior Software Engineer,1444896.03,2020-11-15,2024-12-31,False
E001287,3,Human Resources,HR Specialist,2282135.09,2021-03-03,2024-12-31,False
E001288,2,Finance,Project Manager,1667846.36,2024-06-01,2024-12-31,False
E001289,3,Human Resources,Data Analyst,445069.48,2023-05-01,2024-12-31,False
E001290,3,Human Resources,Marketing Specialist,2420169.26,2014-07-11,2024-12-31,False
E001291,1,Engineering,Project Manager,2111541.63,2018-09-11,2024-12-31,False
E001292,1,Engineering,Business Analyst,661739.06,2023-11-01,2024-12-31,False
E001293,1,Engineering,Software Engineer,2294072.25,2014-05-17,2024-12-31,False
E001294,3,Human Resources,Sales Executive,929702.33,2015-06-11,2024-12-31,False
E001295,3,Human Resources,Operations Analyst,405075.41,2016-12-04,2024-12-31,False
E001296,2,Finance,Data Analyst,1091498.13,2021-09-14,2024-12-31,False
E001297,4,Sales,Sales Executive,957337.64,2023-07-25,2024-12-31,False
E001298,4,Sales,Data Scientist,993932.99,2008-04-23,2024-12-31,False
E001299,6,Operations,Business Analyst,722216.76,2022-08-22,2024-12-31,False
E001300,2,Finance,Marketing Specialist,1489941.82,2018-06-08,2024-12-31,False
E001301,2,Finance,Operations Analyst,1278100.42,2021-06-27,2024-12-31,False
E001302,4,Sales,Data Analyst,2208884.97,2009-04-02,2024-12-31,False
E001303,6,Operations,Product Manager,1688467.2,2022-11-21,2024-12-31,False
E001304,3,Human Resources,Project Manager,1463195.55,2024-02-20,2024-12-31,False
E001305,1,Engineering,Business Analyst,1610282.18,2024-06-01,2024-12-31,False
E001306,3,Human Resources,Senior Software Engineer,1254295.94,2007-08-01,2024-12-31,False
E001307,3,Human Resources,Data Analyst,1650065.96,2019-09-04,2024-12-31,False
E001308,4,Sales,Product Manager,538060.41,2013-10-28,2024-12-31,False
E001309,2,Finance,Marketing Specialist,1169645.51,2020-02-04,2024-12-31,False
E001310,5,Marketing,Data Scientist,1011914.49,2018-08-11,2024-12-31,False
E001311,2,Finance,Marketing Specialist,1419798.36,2020-10-13,2024-12-31,False
E001312,6,Operations,Operations Analyst,465671.08,2022-12-20,2024-12-31,False
E001313,6,Operations,Marketing Specialist,844677.47,2023-12-28,2024-12-31,False
E001314,5,Marketing,Data Scientist,1237970.76,2021-11-07,2024-12-31,False
E001315,2,Finance,Data Scientist,1441678.36,2022-02-04,2024-12-31,False
E001316,1,Engineering,Operations Analyst,1447583.01,2024-03-19,2024-12-31,False
E001317,4,Sales,Sales Executive,2114332.87,2019-07-14,2024-12-31,False
E001318,6,Operations,Software Engineer,676980.84,2024-06-01,2024-12-31,False
E001319,5,Marketing,Software Engineer,1517951.02,2022-07-12,2024-12-31,False
E001320,1,Engineering,Product Manager,944072.45,2023-09-09,2024-12-31,False
E001321,5,Marketing,Software Engineer,2085180.23,2024-01-21,2024-12-31,False
E001322,3,Human Resources,Financial Analyst,1368260.79,2020-07-06,2024-12-31,False
E001323,5,Marketing,Project Manager,1808388.96,2018-07-15,2024-12-31,False
E001324,2,Finance,Marketing Specialist,2091734.59,2017-09-16,2024-12-31,False
E001325,1,Engineering,Marketing Specialist,698103.24,2012-07-22,2024-12-31,False
E001326,1,Engineering,Senior Software Engineer,1512671.54,2022-07-15,2024-12-31,False
E001327,6,Operations,Product Manager,808275.52,2018-08-19,2024-12-31,False
E001328,5,Marketing,Operations Analyst,774324.46,2023-05-22,2024-12-31,False
E001329,2,Finance,Data Scientist,1632066.5,2021-09-08,2024-12-31,False
E001330,4,Sales,Senior Software Engineer,1309761.05,2017-09-01,2024-12-31,False
E001331,5,Marketing,Product Manager,1777348.76,2023-06-26,2024-12-31,False
E001332,4,Sales,Project Manager,1008005.28,2023-01-18,2024-12-31,False
E001333,1,Engineering,Data Analyst,1285700.41,2023-10-18,2024-12-31,False
E001334,1,Engineering,Product Manager,1852642.79,2024-06-01,2024-12-31,False
E001335,5,Marketing,Product Manager,808039.13,2018-08-29,2024-12-31,False
E001336,1,Engineering,Software Engineer,1277674.06,2012-12-20,2024-12-31,False
E001337,4,Sales,Financial Analyst,910940.47,2016-07-19,2024-12-31,False
E001338,3,Human Resources,Project Manager,2385987.01,2024-02-17,2024-12-31,False
E001339,5,Marketing,Sales Executive,1404553.61,2016-11-15,2024-12-31,False
E001340,6,Operations,Business Analyst,2090221.34,2020-09-18,2024-12-31,False
E001341,3,Human Resources,Data Analyst,534020.49,2022-06-19,2024-12-31,False
E001342,5,Marketing,Marketing Specialist,726741.81,2007-09-21,2024-12-31,False
E001343,5,Marketing,Data Scientist,1972017.01,2023-06-18,2024-12-31,False
E001344,6,Operations,Project Manager,2228820.69,2022-12-30,2024-12-31,False
E001345,1,Engineering,Operations Analyst,759073.85,2023-11-07,2024-12-31,False
E001346,4,Sales,Marketing Specialist,1865492.87,2023-07-17,2024-12-31,False
E001347,6,Operations,Data Analyst,676553.32,2023-03-21,2024-12-31,False
E001348,5,Marketing,Senior Software Engineer,1322553.55,2021-07-23,2024-12-31,False
E001349,5,Marketing,Operations Analyst,1921340.65,2023-11-30,2024-12-31,False
E001350,3,Human Resources,Senior Software Engineer,272230.62,2017-02-19,2024-12-31,False
E001351,4,Sales,Business Analyst,1965689.16,2022-09-26,2024-12-31,False
E001352,1,Engineering,HR Specialist,745260.11,2015-08-25,2024-12-31,False
E001353,6,Operations,Project Manager,1317660.72,2017-11-05,2024-12-31,False
E001354,3,Human Resources,Project Manager,2236231.64,2020-05-30,2024-12-31,False
E001355,2,Finance,Operations Analyst,1690016.62,2019-08-06,2024-12-31,False
E001356,5,Marketing,Project Manager,718599.52,2016-02-25,2024-12-31,False
E001357,6,Operations,HR Specialist,768578.81,2018-01-18,2024-12-31,False
E001358,1,Engineering,Sales Executive,2058967.75,2012-07-12,2024-12-31,False
E001359,6,Operations,Operations Analyst,2023624.37,2017-04-19,2024-12-31,False
E001360,4,Sales,Sales Executive,1883794.27,2024-06-01,2024-12-31,False
E001361,3,Human Resources,Software Engineer,780963.47,2023-07-14,2024-12-31,False
E001362,4,Sales,Operations Analyst,560606.18,2019-02-19,2024-12-31,False
E001363,5,Marketing,HR Specialist,1822313.91,2022-09-11,2024-12-31,False
E001364,6,Operations,Software Engineer,1715318.46,2022-01-20,2024-12-31,False
E001365,5,Marketing,Software Engineer,1152612.03,2004-06-25,2024-12-31,False
E001366,2,Finance,Software Engineer,617394.34,2014-10-27,2024-12-31,False
E001367,6,Operations,Sales Executive,1753122.85,2015-08-07,2024-12-31,False
E001368,5,Marketing,Software Engineer,1240069.69,2023-08-25,2024-12-31,False
E001369,1,Engineering,Software Engineer,1616274.42,2023-02-27,2024-12-31,False
E001370,4,Sales,Financial Analyst,1618260.88,2022-04-17,2024-12-31,False
E001371,4,Sales,Software Engineer,1815286.05,2021-11-27,2024-12-31,False
E001372,3,Human Resources,Data Scientist,590462.82,2022-11-10,2024-12-31,False
E001373,2,Finance,Operations Analyst,1252021.09,2024-02-28,2024-12-31,False
E001374,2,Finance,Operations Analyst,467391.49,2021-05-17,2024-12-31,False
E001375,1,Engineering,Marketing Specialist,1916976.72,2021-01-23,2024-12-31,False
E001376,6,Operations,Data Analyst,1388475.02,2021-11-01,2024-12-31,False
E001377,5,Marketing,Marketing Specialist,1081952.07,2014-07-19,2024-12-31,False
E001378,1,Engineering,Product Manager,1628058.32,2015-11-20,2024-12-31,False
E001379,2,Finance,Senior Software Engineer,1923654.61,2019-10-13,2024-12-31,False
E001380,2,Finance,Business Analyst,1955850.37,2023-09-24,2024-12-31,False
E001381,5,Marketing,Data Analyst,565824.83,2023-06-14,2024-12-31,False
E001382,6,Operations,Project Manager,700026.21,2021-04-08,2024-12-31,False
E001383,4,Sales,Marketing Specialist,1399537.76,2019-11-20,2024-12-31,False
E001384,3,Human Resources,Software Engineer,1619623.33,2023-12-17,2024-12-31,False
E001385,6,Operations,Marketing Specialist,1513018.26,2022-08-09,2024-12-31,False
E001386,6,Operations,Data Analyst,1486843.07,2024-06-01,2024-12-31,False
E001387,5,Marketing,Senior Software Engineer,995552.51,2018-06-07,2024-12-31,False
E001388,6,Operations,Marketing Specialist,1402895.46,2017-01-04,2024-12-31,False
E001389,2,Finance,Project Manager,1656235.08,2024-01-03,2024-12-31,False
E001390,4,Sales,HR Specialist,1980110.97,2023-04-22,2024-12-31,False
E001391,1,Engineering,Business Analyst,758392.1,2024-06-01,2024-12-31,False
E001392,4,Sales,Business Analyst,709589.55,2015-09-28,2024-12-31,False
E001393,3,Human Resources,Operations Analyst,1951555.31,2011-02-10,2024-12-31,False
E001394,3,Human Resources,Business Analyst,1402679.33,2013-02-12,2024-12-31,False
E001395,2,Finance,Data Analyst,275776.11,2022-02-13,2024-12-31,False
E001396,5,Marketing,Product Manager,521865.18,2023-08-10,2024-12-31,False
E001397,6,Operations,Marketing Specialist,476593.79,2021-01-17,2024-12-31,False
E001398,1,Engineering,Marketing Specialist,911408.65,2019-02-11,2024-12-31,False
E001399,4,Sales,Business Analyst,1119997.06,2021-07-23,2024-12-31,False
E001400,1,Engineering,Data Analyst,1348159.99,2019-01-02,2024-12-31,False
E001401,3,Human Resources,Product Manager,816397.79,2024-05-01,2024-12-31,False
E001402,1,Engineering,Sales Executive,692478.5,2024-06-01,2024-12-31,False
E001403,5,Marketing,Marketing Specialist,763888.03,2018-08-31,2024-12-31,False
E001404,2,Finance,Project Manager,1838146.1,2008-04-21,2024-12-31,False
E001405,1,Engineering,Product Manager,1962237.05,2022-11-21,2024-12-31,False
E001406,1,Engineering,Sales Executive,1450041.87,2021-10-22,2024-12-31,False
E001407,2,Finance,Senior Software Engineer,1815804.61,2024-03-31,2024-12-31,False
E001408,5,Marketing,Sales Executive,237304.7,2024-06-01,2024-12-31,False
E001409,6,Operations,Sales Executive,2218280.16,2019-03-13,2024-12-31,False
E001410,2,Finance,Business Analyst,343023.63,2023-06-26,2024-12-31,False
E001411,5,Marketing,Data Scientist,1063093.46,2017-05-30,2024-12-31,False
E001412,1,Engineering,Business Analyst,633575.64,2014-03-11,2024-12-31,False
E001413,3,Human Resources,Project Manager,459874.48,2016-08-15,2024-12-31,False
E001414,5,Marketing,Business Analyst,616145.3,2022-10-14,2024-12-31,False
E001415,1,Engineering,Financial Analyst,1183021.5,2018-03-01,2024-12-31,False
E001416,2,Finance,Financial Analyst,526898.17,2012-07-08,2024-12-31,False
E001417,6,Operations,Sales Executive,1959798.97,2019-05-05,2024-12-31,False
E001418,5,Marketing,Marketing Specialist,2109507.63,2022-08-09,2024-12-31,False
E001419,2,Finance,Financial Analyst,1846492.67,2021-12-27,2024-12-31,False
E001420,6,Operations,Senior Software Engineer,1096889.87,2020-06-30,2024-12-31,False
E001421,1,Engineering,Sales Executive,745631.37,2017-09-01,2024-12-31,False
E001422,3,Human Resources,Data Scientist,1786444.08,2024-06-01,2024-12-31,False
E001423,3,Human Resources,Senior Software Engineer,241239.81,2007-07-09,2024-12-31,False
E001424,3,Human Resources,Marketing Specialist,1458363.5,2021-05-17,2024-12-31,False
E001425,2,Finance,Operations Analyst,1543365.16,2024-02-16,2024-12-31,False
E001426,1,Engineering,Financial Analyst,2053122.9,2010-06-21,2024-12-31,False
E001427,3,Human Resources,Marketing Specialist,1518026.64,2024-04-27,2024-12-31,False
E001428,4,Sales,Data Analyst,1495717.39,2019-10-06,2024-12-31,False
E001429,2,Finance,Sales Executive,1477798.75,2018-06-26,2024-12-31,False
E001430,6,Operations,Data Scientist,1759590.1,2023-06-05,2024-12-31,False
E001431,4,Sales,Business Analyst,2190369.05,2024-06-01,2024-12-31,False
E001432,6,Operations,Data Analyst,2001499.52,2021-09-30,2024-12-31,False
E001433,1,Engineering,Project Manager,2160067.31,2022-01-09,2024-12-31,False
E001434,1,Engineering,Sales Executive,420632.21,2023-10-27,2024-12-31,False
E001435,3,Human Resources,Project Manager,2264253.94,2017-03-14,2024-12-31,False
E001436,6,Operations,Software Engineer,351306.25,2009-05-23,2024-12-31,False
E001437,5,Marketing,Operations Analyst,939996.24,2021-09-05,2024-12-31,False
E001438,5,Marketing,Data Scientist,1821672.82,2001-07-26,2024-12-31,False
E001439,4,Sales,HR Specialist,1205149.84,2020-08-06,2024-12-31,False
E001440,6,Operations,Software Engineer,876097.29,2022-11-06,2024-12-31,False
E001441,1,Engineering,Business Analyst,1609121.16,2018-12-22,2024-12-31,False
E001442,3,Human Resources,Sales Executive,273761.56,2021-10-13,2024-12-31,False
E001443,4,Sales,Product Manager,2095847.06,2024-05-24,2024-12-31,False
E001444,6,Operations,Senior Software Engineer,2011543.05,2011-11-17,2024-12-31,False
E001445,1,Engineering,Operations Analyst,1918476.9,2013-07-31,2024-12-31,False
E001446,2,Finance,Marketing Specialist,387061.57,2023-11-05,2024-12-31,False
E001447,4,Sales,Data Analyst,2152090.31,2023-08-19,2024-12-31,False
E001448,6,Operations,Business Analyst,1806332.23,2023-06-25,2024-12-31,False
E001449,6,Operations,Financial Analyst,1536462.48,2023-08-19,2024-12-31,False
E001450,4,Sales,Sales Executive,411689.91,2014-07-30,2024-12-31,False
E001451,1,Engineering,Marketing Specialist,1596548.14,2001-02-19,2024-12-31,False
E001452,2,Finance,Operations Analyst,2346270.02,2020-04-09,2024-12-31,False
E001453,4,Sales,Senior Software Engineer,371326.04,2020-05-30,2024-12-31,False
E001454,5,Marketing,Product Manager,325963.65,2023-01-07,2024-12-31,False
E001455,5,Marketing,HR Specialist,1471233.1,2024-06-01,2024-12-31,False
E001456,1,Engineering,Marketing Specialist,611819.67,2022-02-06,2024-12-31,False
E001457,4,Sales,Product Manager,1397488.55,2019-09-21,2024-12-31,False
E001458,3,Human Resources,Project Manager,1604402.35,2024-06-01,2024-12-31,False
E001459,2,Finance,Data Analyst,1314942.77,2024-06-01,2024-12-31,False
E001460,6,Operations,Project Manager,603343.69,2014-06-02,2024-12-31,False
E001461,2,Finance,Operations Analyst,1596442.88,2023-04-01,2024-12-31,False
E001462,1,Engineering,Product Manager,1651294.24,2015-03-20,2024-12-31,False
E001463,1,Engineering,Project Manager,1246226.31,2022-04-15,2024-12-31,False
E001464,3,Human Resources,Project Manager,880576.2,2022-07-26,2024-12-31,False
E001465,1,Engineering,Project Manager,926256.38,2023-04-28,2024-12-31,False
E001466,2,Finance,Senior Software Engineer,1969526.9,2022-06-12,2024-12-31,False
E001467,6,Operations,Marketing Specialist,321033.07,2024-06-01,2024-12-31,False
E001468,3,Human Resources,Data Scientist,1908933.77,2023-01-06,2024-12-31,False
E001469,6,Operations,Sales Executive,1978644.22,2024-06-01,2024-12-31,False
E001470,4,Sales,Product Manager,2305237.04,2024-06-01,2024-12-31,False
E001471,1,Engineering,Operations Analyst,865378.11,2024-06-01,2024-12-31,False
E001472,2,Finance,Financial Analyst,822982.86,2018-07-21,2024-12-31,False
E001473,3,Human Resources,Data Analyst,1440254.71,2021-12-01,2024-12-31,False
E001474,5,Marketing,Data Analyst,629562.51,2024-05-23,2024-12-31,False
E001475,2,Finance,Software Engineer,1888787.36,2019-08-15,2024-12-31,False
E001476,5,Marketing,Financial Analyst,968976.31,2020-12-10,2024-12-31,False
E001477,2,Finance,Project Manager,498520.47,2024-06-01,2024-12-31,False
E001478,1,Engineering,Operations Analyst,1333405.61,2012-11-22,2024-12-31,False
E001479,6,Operations,Product Manager,1533848.48,2024-05-06,2024-12-31,False
E001480,2,Finance,Operations Analyst,1102801.54,2017-09-01,2024-12-31,False
E001481,3,Human Resources,Data Analyst,1956860.57,2020-03-25,2024-12-31,False
E001482,1,Engineering,Project Manager,1934555.38,2024-02-11,2024-12-31,False
E001483,3,Human Resources,Business Analyst,376904.47,2021-12-24,2024-12-31,False
E001484,2,Finance,Data Analyst,1952687.36,2019-10-19,2024-12-31,False
E001485,1,Engineering,Product Manager,1593234.49,2023-04-22,2024-12-31,False
E001486,3,Human Resources,Senior Software Engineer,2026780.7,2017-11-21,2024-12-31,False
E001487,1,Engineering,Operations Analyst,1511406.24,2023-10-11,2024-12-31,False
E001488,3,Human Resources,Data Scientist,1213170.56,1999-07-30,2024-12-31,False
E001489,4,Sales,Marketing Specialist,846647.39,2010-06-15,2024-12-31,False
E001490,6,Operations,Financial Analyst,2104490.43,2024-03-01,2024-12-31,False
E001491,6,Operations,Senior Software Engineer,1702053.83,2012-09-21,2024-12-31,False
E001492,6,Operations,Product Manager,912695.99,2016-06-23,2024-12-31,False
E001493,6,Operations,Data Analyst,872954.48,2022-11-25,2024-12-31,False
E001494,2,Finance,Marketing Specialist,1717917.95,2023-09-26,2024-12-31,False
E001495,1,Engineering,Data Scientist,1626117.99,2019-12-12,2024-12-31,False
E001496,4,Sales,Financial Analyst,1461589.02,2021-01-12,2024-12-31,False
E001497,4,Sales,Operations Analyst,789913.32,2013-05-15,2024-12-31,False
E001498,3,Human Resources,Product Manager,913025.86,2020-12-11,2024-12-31,False
E001499,1,Engineering,Product Manager,915723.05,2023-12-16,2024-12-31,False
E001500,5,Marketing,Project Manager,1213494.6,2022-09-03,2024-12-31,False
E001501,5,Marketing,Financial Analyst,731034.19,2018-04-27,2024-12-31,False
E001502,6,Operations,Data Scientist,1048313.34,2004-05-25,2024-12-31,False
E001503,6,Operations,Business Analyst,1621689.95,2021-03-01,2024-12-31,False
E001504,1,Engineering,Senior Software Engineer,563724.57,2024-05-11,2024-12-31,False
E001505,6,Operations,Product Manager,1873248.45,2023-07-16,2024-12-31,False
E001506,3,Human Resources,Operations Analyst,931028.91,2019-10-31,2024-12-31,False
E001507,2,Finance,HR Specialist,2014891.14,2017-09-18,2024-12-31,False
E001508,6,Operations,Data Analyst,1128235.29,2023-05-16,2024-12-31,False
E001509,5,Marketing,Product Manager,2116145.9,2022-01-08,2024-12-31,False
E001510,2,Finance,Data Scientist,521571.4,2010-02-03,2024-12-31,False
E001511,6,Operations,HR Specialist,1132197.97,2018-09-15,2024-12-31,False
E001512,2,Finance,Operations Analyst,1477444.54,2017-03-06,2024-12-31,False
E001513,3,Human Resources,Project Manager,2302730.93,2022-11-25,2024-12-31,False
E001514,2,Finance,Product Manager,694815.84,2023-07-19,2024-12-31,False
E001515,3,Human Resources,Business Analyst,394611.91,2018-03-23,2024-12-31,False
E001516,1,Engineering,Data Scientist,566281.69,2020-04-02,2024-12-31,False
E001517,3,Human Resources,HR Specialist,746686.61,2017-11-04,2024-12-31,False
E001518,1,Engineering,Business Analyst,686965.78,2013-10-16,2024-12-31,False
E001519,3,Human Resources,Sales Executive,1024344.15,2023-11-21,2024-12-31,False
E001520,4,Sales,Project Manager,967472.3,2024-04-08,2024-12-31,False
E001521,2,Finance,Software Engineer,699218.02,2017-12-07,2024-12-31,False
E001522,5,Marketing,Data Analyst,1034032.74,2021-09-12,2024-12-31,False
E001523,6,Operations,Data Scientist,346957.22,2020-12-19,2024-12-31,False
E001524,1,Engineering,Marketing Specialist,1398731.07,2018-06-18,2024-12-31,False
E001525,2,Finance,Operations Analyst,1163618.39,2015-11-16,2024-12-31,False
E001526,3,Human Resources,HR Specialist,2064629.92,2024-04-06,2024-12-31,False
E001527,5,Marketing,Product Manager,1092111.24,2017-09-28,2024-12-31,False
E001528,4,Sales,Software Engineer,1402542.39,2019-07-06,2024-12-31,False
E001529,2,Finance,Operations Analyst,1890937.99,2023-02-19,2024-12-31,False
E001530,3,Human Resources,Sales Executive,338501.69,2021-08-13,2024-12-31,False
E001531,2,Finance,Business Analyst,2085198.2,2007-08-05,2024-12-31,False
E001532,3,Human Resources,Project Manager,2098432.16,2018-11-27,2024-12-31,False
E001533,1,Engineering,Project Manager,1789432.62,2019-10-25,2024-12-31,False
E001534,1,Engineering,Senior Software Engineer,2048071.72,2020-06-13,2024-12-31,False
E001535,1,Engineering,Marketing Specialist,915304.06,2024-06-01,2024-12-31,False
E001536,3,Human Resources,Marketing Specialist,431182.61,2024-04-07,2024-12-31,False
E001537,6,Operations,Data Analyst,612976.49,2022-08-15,2024-12-31,False
E001538,5,Marketing,Operations Analyst,1649377.7,2024-02-03,2024-12-31,False
E001539,5,Marketing,Product Manager,1358644.53,2023-03-14,2024-12-31,False
E001540,5,Marketing,Product Manager,794322.2,2021-01-05,2024-12-31,False
E001541,4,Sales,Marketing Specialist,678921.3,2019-12-21,2024-12-31,False
E001542,5,Marketing,Operations Analyst,1926398.9,2024-06-01,2024-12-31,False
E001543,4,Sales,Senior Software Engineer,865872.58,2024-06-01,2024-12-31,False
E001544,5,Marketing,Financial Analyst,1422459.21,2022-10-19,2024-12-31,False
E001545,1,Engineering,HR Specialist,360880.1,2023-12-23,2024-12-31,False
E001546,3,Human Resources,Product Manager,1542551.21,2022-04-09,2024-12-31,False
E001547,4,Sales,Software Engineer,1783909.86,2018-02-23,2024-12-31,False
E001548,6,Operations,Financial Analyst,1931280.7,2019-07-13,2024-12-31,False
E001549,2,Finance,Software Engineer,1863333.75,2020-08-21,2024-12-31,False
E001550,5,Marketing,Business Analyst,1624186.4,2014-12-27,2024-12-31,False
E001551,5,Marketing,Senior Software Engineer,1577095.98,2024-06-01,2024-12-31,False
E001552,4,Sales,Project Manager,1365309.46,2009-01-26,2024-12-31,False
E001553,4,Sales,Marketing Specialist,1413383.94,2023-01-30,2024-12-31,False
E001554,5,Marketing,Software Engineer,1476225.06,2023-12-14,2024-12-31,False
E001555,6,Operations,Financial Analyst,296178.98,2018-07-14,2024-12-31,False
E001556,5,Marketing,HR Specialist,1550234.96,2020-04-04,2024-12-31,False
E001557,3,Human Resources,Marketing Specialist,890623.56,2023-10-25,2024-12-31,False
E001558,6,Operations,HR Specialist,1668501.26,2008-12-25,2024-12-31,False
E001559,4,Sales,Marketing Specialist,2055365.33,2022-11-17,2024-12-31,False
E001560,1,Engineering,Operations Analyst,830394.65,1999-06-24,2024-12-31,False
E001561,4,Sales,HR Specialist,1076973.13,2007-12-12,2024-12-31,False
E001562,1,Engineering,Senior Software Engineer,378052.54,2024-06-01,2024-12-31,False
E001563,5,Marketing,Data Scientist,1877969.47,2016-06-14,2024-12-31,False
E001564,3,Human Resources,Data Analyst,1515622.44,2024-06-01,2024-12-31,False
E001565,6,Operations,Product Manager,620900.27,2021-11-19,2024-12-31,False
E001566,6,Operations,Marketing Specialist,1706813.0,2023-09-02,2024-12-31,False
E001567,5,Marketing,Data Scientist,1415383.08,2016-10-03,2024-12-31,False
E001568,1,Engineering,Business Analyst,2013498.34,2024-06-01,2024-12-31,False
E001569,3,Human Resources,Financial Analyst,281565.79,2021-12-17,2024-12-31,False
E001570,2,Finance,Financial Analyst,2031122.48,2021-05-22,2024-12-31,False
E001571,1,Engineering,Product Manager,520377.71,2020-09-24,2024-12-31,False
E001572,2,Finance,HR Specialist,997932.29,2023-10-05,2024-12-31,False
E001573,5,Marketing,Project Manager,1316017.59,2021-11-22,2024-12-31,False
E001574,2,Finance,Sales Executive,2089210.81,2024-04-24,2024-12-31,False
E001575,3,Human Resources,Financial Analyst,916368.96,2023-07-28,2024-12-31,False
E001576,1,Engineering,Sales Executive,748890.37,2008-06-05,2024-12-31,False
E001577,4,Sales,Software Engineer,1120386.44,2020-06-08,2024-12-31,False
E001578,5,Marketing,Senior Software Engineer,1345169.81,2024-06-01,2024-12-31,False
E001579,4,Sales,Data Analyst,1347279.31,2021-11-25,2024-12-31,False
E001580,2,Finance,Operations Analyst,1206365.03,2015-05-10,2024-12-31,False
E001581,4,Sales,HR Specialist,1325027.66,2023-03-30,2024-12-31,False
E001582,3,Human Resources,Sales Executive,1649910.95,2003-01-26,2024-12-31,False
E001583,2,Finance,Financial Analyst,2049796.46,2024-01-18,2024-12-31,False
E001584,4,Sales,Data Scientist,1412935.31,2000-10-12,2024-12-31,False
E001585,3,Human Resources,Operations Analyst,1012676.83,2024-02-11,2024-12-31,False
E001586,4,Sales,Marketing Specialist,1855154.19,2022-08-19,2024-12-31,False
E001587,4,Sales,Senior Software Engineer,1741610.43,2023-01-04,2024-12-31,False
E001588,6,Operations,Product Manager,1435764.13,2023-04-15,2024-12-31,False
E001589,1,Engineering,Financial Analyst,368822.53,2022-04-26,2024-12-31,False
E001590,5,Marketing,Data Analyst,1507826.47,2022-03-21,2024-12-31,False
E001591,5,Marketing,Senior Software Engineer,1977958.47,2023-09-16,2024-12-31,False
E001592,4,Sales,Data Analyst,375028.43,2017-11-18,2024-12-31,False
E001593,1,Engineering,Project Manager,507102.08,2023-12-18,2024-12-31,False
E001594,2,Finance,Business Analyst,962648.44,2023-06-01,2024-12-31,False
E001595,6,Operations,Operations Analyst,2048083.53,2022-03-30,2024-12-31,False
E001596,6,Operations,Sales Executive,1854545.9,2024-01-22,2024-12-31,False
E001597,4,Sales,Financial Analyst,950812.02,2020-04-14,2024-12-31,False
E001598,6,Operations,Sales Executive,1307738.36,2016-07-21,2024-12-31,False
E001599,5,Marketing,Senior Software Engineer,1320520.14,2017-09-17,2024-12-31,False
E001600,2,Finance,Operations Analyst,292934.45,2022-11-22,2024-12-31,False
E001601,3,Human Resources,Software Engineer,1998054.78,2020-03-13,2024-12-31,False
E001602,2,Finance,Data Scientist,1532126.57,2013-11-24,2024-12-31,False
E001603,4,Sales,Business Analyst,1337405.13,2022-03-11,2024-12-31,False
E001604,6,Operations,Business Analyst,958164.25,2023-03-29,2024-12-31,False
E001605,2,Finance,Senior Software Engineer,2181465.0,2021-05-10,2024-12-31,False
E001606,2,Finance,Software Engineer,597652.22,2020-09-07,2024-12-31,False
E001607,1,Engineering,Data Analyst,1995047.96,2023-11-20,2024-12-31,False
E001608,4,Sales,Project Manager,391779.32,2012-02-14,2024-12-31,False
E001609,2,Finance,Data Analyst,1580194.0,2022-04-16,2024-12-31,False
E001610,5,Marketing,Financial Analyst,2021650.84,2023-10-21,2024-12-31,False
E001611,1,Engineering,Data Analyst,1808029.3,2020-12-09,2024-12-31,False
E001612,5,Marketing,Project Manager,1298802.63,2020-04-26,2024-12-31,False
E001613,5,Marketing,Data Analyst,621693.76,2024-03-28,2024-12-31,False
E001614,2,Finance,Sales Executive,545421.27,2022-09-12,2024-12-31,False
E001615,6,Operations,Data Scientist,1052832.8,2023-02-18,2024-12-31,False
E001616,3,Human Resources,Data Scientist,587660.21,2021-03-09,2024-12-31,False
E001617,3,Human Resources,Data Analyst,727146.09,2010-10-09,2024-12-31,False
E001618,2,Finance,Marketing Specialist,1458221.35,2010-01-19,2024-12-31,False
E001619,6,Operations,Operations Analyst,382647.87,2019-01-31,2024-12-31,False
E001620,5,Marketing,Operations Analyst,2060616.48,2024-06-01,2024-12-31,False
E001621,4,Sales,Data Analyst,572769.86,2024-06-01,2024-12-31,False
E001622,4,Sales,Operations Analyst,1799815.65,2010-02-12,2024-12-31,False
E001623,2,Finance,Project Manager,1926178.06,2014-11-20,2024-12-31,False
E001624,5,Marketing,Sales Executive,1330311.85,2021-08-18,2024-12-31,False
E001625,1,Engineering,Software Engineer,681239.1,2024-06-01,2024-12-31,False
E001626,5,Marketing,Financial Analyst,2272220.97,2024-06-01,2024-12-31,False
E001627,6,Operations,Software Engineer,591883.05,2022-07-18,2024-12-31,False
E001628,6,Operations,Sales Executive,529490.13,2024-06-01,2024-12-31,False
E001629,5,Marketing,Senior Software Engineer,1282074.34,2023-10-30,2024-12-31,False
E001630,3,Human Resources,HR Specialist,1785755.58,2019-02-17,2024-12-31,False
E001631,1,Engineering,Operations Analyst,685306.78,2002-09-25,2024-12-31,False
E001632,3,Human Resources,Product Manager,2108517.25,2023-06-04,2024-12-31,False
E001633,1,Engineering,Sales Executive,1283745.75,2023-03-24,2024-12-31,False
E001634,1,Engineering,Business Analyst,1839443.19,2021-01-10,2024-12-31,False
E001635,6,Operations,Project Manager,483977.14,2021-10-21,2024-12-31,False
E001636,5,Marketing,Product Manager,802685.28,2021-05-27,2024-12-31,False
E001637,4,Sales,Financial Analyst,2082811.96,2021-09-03,2024-12-31,False
E001638,2,Finance,Operations Analyst,1121152.64,2015-06-13,2024-12-31,False
E001639,2,Finance,Data Analyst,1486519.42,2019-01-27,2024-12-31,False
E001640,3,Human Resources,Operations Analyst,1233267.23,2012-05-02,2024-12-31,False
E001641,4,Sales,Data Scientist,1392282.47,2023-06-23,2024-12-31,False
E001642,4,Sales,Data Analyst,1585368.27,2024-06-01,2024-12-31,False
E001643,5,Marketing,HR Specialist,430886.83,2024-04-18,2024-12-31,False
E001644,3,Human Resources,Sales Executive,1815458.6,2022-09-12,2024-12-31,False
E001645,4,Sales,Senior Software Engineer,545047.24,2012-02-12,2024-12-31,False
E001646,3,Human Resources,Senior Software Engineer,2076742.36,2018-08-23,2024-12-31,False
E001647,1,Engineering,Operations Analyst,1107712.42,2019-06-17,2024-12-31,False
E001648,1,Engineering,Business Analyst,1825751.23,2010-06-07,2024-12-31,False
E001649,5,Marketing,Project Manager,385538.5,2024-01-21,2024-12-31,False
E001650,5,Marketing,Data Analyst,1790164.39,2018-08-16,2024-12-31,False
E001651,6,Operations,Sales Executive,667056.87,2024-06-01,2024-12-31,False
E001652,2,Finance,Financial Analyst,876130.47,2007-06-22,2024-12-31,False
E001653,3,Human Resources,Software Engineer,1004726.29,2006-07-19,2024-12-31,False
E001654,1,Engineering,Data Scientist,1196669.3,2024-01-01,2024-12-31,False
E001655,1,Engineering,Operations Analyst,506733.48,2021-01-29,2024-12-31,False
E001656,1,Engineering,Software Engineer,1929071.18,2023-12-18,2024-12-31,False
E001657,4,Sales,HR Specialist,2095188.68,2019-02-26,2024-12-31,False
E001658,2,Finance,Product Manager,708100.18,2017-02-09,2024-12-31,False
E001659,3,Human Resources,Financial Analyst,1074453.45,2022-06-06,2024-12-31,False
E001660,1,Engineering,HR Specialist,596563.84,2024-06-01,2024-12-31,False
E001661,1,Engineering,Sales Executive,1457433.23,2023-07-15,2024-12-31,False
E001662,6,Operations,Data Analyst,1383952.6,2019-07-20,2024-12-31,False
E001663,3,Human Resources,Marketing Specialist,1860111.17,2013-11-14,2024-12-31,False
E001664,6,Operations,Sales Executive,824789.7,2013-09-10,2024-12-31,False
E001665,5,Marketing,HR Specialist,547233.39,2023-12-01,2024-12-31,False
E001666,4,Sales,Senior Software Engineer,702011.58,2023-01-20,2024-12-31,False
E001667,2,Finance,Senior Software Engineer,1368747.73,2023-01-30,2024-12-31,False
E001668,4,Sales,Product Manager,1032373.24,2022-09-26,2024-12-31,False
E001669,4,Sales,Operations Analyst,585700.59,2023-06-08,2024-12-31,False
E001670,2,Finance,Business Analyst,698044.23,2023-05-08,2024-12-31,False
E001671,4,Sales,Operations Analyst,590017.95,2024-06-01,2024-12-31,False
E001672,2,Finance,Sales Executive,1905320.52,2024-06-01,2024-12-31,False
E001673,1,Engineering,Data Analyst,1370666.73,2022-11-10,2024-12-31,False
E001674,5,Marketing,Business Analyst,2170127.5,2017-11-14,2024-12-31,False
E001675,5,Marketing,Marketing Specialist,1847868.26,2023-11-10,2024-12-31,False
E001676,2,Finance,Senior Software Engineer,2369104.01,2024-06-01,2024-12-31,False
E001677,4,Sales,Software Engineer,671462.75,2022-05-30,2024-12-31,False
E001678,1,Engineering,Operations Analyst,1007358.69,2023-10-25,2024-12-31,False
E001679,4,Sales,Data Analyst,1638901.98,2024-03-01,2024-12-31,False
E001680,2,Finance,Data Analyst,558978.43,2016-04-09,2024-12-31,False
E001681,4,Sales,Sales Executive,2040032.73,2023-08-22,2024-12-31,False
E001682,1,Engineering,Project Manager,1343409.76,2023-11-25,2024-12-31,False
E001683,2,Finance,Data Analyst,2010644.02,2019-08-12,2024-12-31,False
E001684,5,Marketing,Financial Analyst,1539773.31,2021-09-22,2024-12-31,False
E001685,5,Marketing,Project Manager,385910.44,2023-08-07,2024-12-31,False
E001686,1,Engineering,Business Analyst,634502.59,2011-11-04,2024-12-31,False
E001687,3,Human Resources,Operations Analyst,1226716.35,2022-10-19,2024-12-31,False
E001688,5,Marketing,HR Specialist,1425289.36,2024-06-01,2024-12-31,False
E001689,5,Marketing,Business Analyst,924749.03,2024-04-07,2024-12-31,False
E001690,6,Operations,Sales Executive,590080.47,2022-02-22,2024-12-31,False
E001691,1,Engineering,Software Engineer,536864.87,2017-07-09,2024-12-31,False
E001692,1,Engineering,Financial Analyst,2201365.33,2012-08-22,2024-12-31,False
E001693,4,Sales,Senior Software Engineer,1990890.3,2016-12-13,2024-12-31,False
E001694,3,Human Resources,Project Manager,1620481.62,2023-01-28,2024-12-31,False
E001695,5,Marketing,Operations Analyst,474835.36,2022-08-28,2024-12-31,False
E001696,5,Marketing,Project Manager,444093.76,2014-03-11,2024-12-31,False
E001697,1,Engineering,Operations Analyst,1662267.19,2023-04-16,2024-12-31,False
E001698,2,Finance,Software Engineer,681256.52,2012-04-06,2024-12-31,False
E001699,3,Human Resources,Sales Executive,957459.29,2008-08-08,2024-12-31,False
E001700,3,Human Resources,HR Specialist,1584151.43,2022-02-02,2024-12-31,False
E001701,3,Human Resources,Financial Analyst,1895646.17,2009-12-22,2024-12-31,False
E001702,2,Finance,Marketing Specialist,1769111.19,2023-09-28,2024-12-31,False
E001703,1,Engineering,Marketing Specialist,2080530.39,2018-01-30,2024-12-31,False
E001704,1,Engineering,Senior Software Engineer,1448860.49,2017-03-08,2024-12-31,False
E001705,5,Marketing,Data Scientist,1223159.9,2016-04-07,2024-12-31,False
E001706,4,Sales,Data Analyst,1168954.91,2006-12-17,2024-12-31,False
E001707,5,Marketing,Project Manager,1345178.53,2020-03-03,2024-12-31,False
E001708,5,Marketing,Sales Executive,723143.88,2023-06-03,2024-12-31,False
E001709,5,Marketing,Marketing Specialist,1154266.09,2024-06-01,2024-12-31,False
E001710,5,Marketing,Product Manager,1693961.02,2023-03-19,2024-12-31,False
E001711,6,Operations,Marketing Specialist,1743370.03,2023-03-01,2024-12-31,False
E001712,1,Engineering,Sales Executive,1218318.61,2020-03-11,2024-12-31,False
E001713,3,Human Resources,Software Engineer,1003701.24,2024-06-01,2024-12-31,False
E001714,6,Operations,Product Manager,2166868.49,2019-10-01,2024-12-31,False
E001715,4,Sales,Financial Analyst,1314551.28,2020-05-17,2024-12-31,False
E001716,6,Operations,Operations Analyst,351791.78,2020-11-30,2024-12-31,False
E001717,3,Human Resources,Product Manager,1984841.69,2013-12-09,2024-12-31,False
E001718,4,Sales,Product Manager,1649041.03,2018-05-10,2024-12-31,False
E001719,2,Finance,Operations Analyst,1930377.85,2023-12-01,2024-12-31,False
E001720,1,Engineering,Financial Analyst,1520300.38,2008-12-05,2024-12-31,False
E001721,6,Operations,Sales Executive,1714758.1,2024-06-01,2024-12-31,False
E001722,6,Operations,Marketing Specialist,296444.96,2023-01-22,2024-12-31,False
E001723,1,Engineering,Software Engineer,1500283.55,2019-02-20,2024-12-31,False
E001724,3,Human Resources,Software Engineer,1585806.66,2018-03-23,2024-12-31,False
E001725,6,Operations,Data Analyst,1155242.13,2022-11-18,2024-12-31,False
E001726,4,Sales,Software Engineer,1053084.56,2022-11-09,2024-12-31,False
E001727,4,Sales,Financial Analyst,569366.59,2024-06-01,2024-12-31,False
E001728,3,Human Resources,Sales Executive,1006141.26,2018-02-05,2024-12-31,False
E001729,3,Human Resources,Software Engineer,980668.02,2023-08-10,2024-12-31,False
E001730,1,Engineering,Data Scientist,413900.12,2015-06-24,2024-12-31,False
E001731,5,Marketing,Senior Software Engineer,1482060.46,2022-10-12,2024-12-31,False
E001732,5,Marketing,Project Manager,1995322.25,2023-09-11,2024-12-31,False
E001733,2,Finance,Senior Software Engineer,1680110.23,2021-10-30,2024-12-31,False
E001734,3,Human Resources,HR Specialist,1507925.88,2023-06-29,2024-12-31,False
E001735,6,Operations,HR Specialist,1049995.63,2024-06-01,2024-12-31,False
E001736,6,Operations,Business Analyst,745306.51,2024-06-01,2024-12-31,False
E001737,4,Sales,Marketing Specialist,2086590.55,2014-05-02,2024-12-31,False
E001738,6,Operations,Business Analyst,1524111.73,2019-10-01,2024-12-31,False
E001739,3,Human Resources,Software Engineer,934157.72,2024-06-01,2024-12-31,False
E001740,4,Sales,Project Manager,1947172.69,2018-04-11,2024-12-31,False
E001741,3,Human Resources,Marketing Specialist,595869.6,2005-04-17,2024-12-31,False
E001742,6,Operations,Product Manager,562806.43,2003-01-05,2024-12-31,False
E001743,3,Human Resources,Data Analyst,1387500.05,2024-06-01,2024-12-31,False
E001744,6,Operations,Sales Executive,2085729.07,2022-03-04,2024-12-31,False
E001745,1,Engineering,Business Analyst,1869020.26,2019-10-03,2024-12-31,False
E001746,6,Operations,Senior Software Engineer,1082730.79,2024-06-01,2024-12-31,False
E001747,2,Finance,HR Specialist,1492238.54,2020-04-06,2024-12-31,False
E001748,2,Finance,Data Scientist,1030404.01,2006-11-21,2024-12-31,False
E001749,6,Operations,Software Engineer,1394680.65,2024-06-01,2024-12-31,False
E001750,5,Marketing,HR Specialist,1240752.15,2024-01-09,2024-12-31,False
E001751,5,Marketing,Product Manager,480321.19,2020-06-23,2024-12-31,False
E001752,6,Operations,Sales Executive,549423.69,2023-02-18,2024-12-31,False
E001753,1,Engineering,Marketing Specialist,1292154.57,2015-04-24,2024-12-31,False
E001754,4,Sales,Marketing Specialist,519916.72,2021-02-24,2024-12-31,False
E001755,3,Human Resources,Business Analyst,1957691.68,2023-02-25,2024-12-31,False
E001756,1,Engineering,Marketing Specialist,1517234.24,2022-12-31,2024-12-31,False
E001757,6,Operations,Data Scientist,2317274.69,2023-06-13,2024-12-31,False
E001758,1,Engineering,Financial Analyst,1088911.82,2008-09-27,2024-12-31,False
E001759,4,Sales,Financial Analyst,1741754.1,2019-07-13,2024-12-31,False
E001760,4,Sales,Financial Analyst,1185375.61,2024-06-01,2024-12-31,False
E001761,3,Human Resources,Data Analyst,871488.58,2012-09-21,2024-12-31,False
E001762,5,Marketing,Project Manager,1607996.63,2023-08-13,2024-12-31,False
E001763,4,Sales,Marketing Specialist,1299614.21,2022-07-03,2024-12-31,False
E001764,5,Marketing,Business Analyst,743839.35,2022-02-17,2024-12-31,False
E001765,4,Sales,Software Engineer,793603.59,2020-06-08,2024-12-31,False
E001766,5,Marketing,Sales Executive,1131637.73,2022-04-25,2024-12-31,False
E001767,4,Sales,Data Scientist,1176000.6,2019-01-25,2024-12-31,False
E001768,4,Sales,Operations Analyst,1104785.46,2020-11-05,2024-12-31,False
E001769,2,Finance,Marketing Specialist,1688799.04,2023-06-13,2024-12-31,False
E001770,4,Sales,Data Scientist,1682483.4,2024-04-08,2024-12-31,False
E001771,5,Marketing,Senior Software Engineer,656141.68,2019-03-04,2024-12-31,False
E001772,3,Human Resources,Software Engineer,363481.45,2016-07-03,2024-12-31,False
E001773,1,Engineering,Senior Software Engineer,2100374.8,2022-12-28,2024-12-31,False
E001774,4,Sales,Software Engineer,1811037.08,2020-04-08,2024-12-31,False
E001775,6,Operations,Financial Analyst,298580.99,2024-02-06,2024-12-31,False
E001776,6,Operations,Financial Analyst,561029.64,2024-03-19,2024-12-31,False
E001777,6,Operations,Product Manager,913051.39,2022-06-25,2024-12-31,False
E001778,6,Operations,Business Analyst,826491.03,2014-12-29,2024-12-31,False
E001779,5,Marketing,Financial Analyst,1555811.63,2023-06-14,2024-12-31,False
E001780,5,Marketing,Marketing Specialist,488981.11,2018-02-17,2024-12-31,False
E001781,4,Sales,Operations Analyst,2151112.68,2021-08-04,2024-12-31,False
E001782,4,Sales,Product Manager,1972688.42,2022-09-30,2024-12-31,False
E001783,6,Operations,Senior Software Engineer,1284543.97,2024-01-28,2024-12-31,False
E001784,1,Engineering,Data Scientist,1210915.03,2022-02-27,2024-12-31,False
E001785,4,Sales,Sales Executive,352810.16,2024-06-01,2024-12-31,False
E001786,6,Operations,Data Scientist,810840.24,2018-09-25,2024-12-31,False
E001787,3,Human Resources,Marketing Specialist,1032821.4,2018-01-26,2024-12-31,False
E001788,4,Sales,Marketing Specialist,250908.82,2021-03-07,2024-12-31,False
E001789,3,Human Resources,Sales Executive,1402483.57,2024-05-25,2024-12-31,False
E001790,2,Finance,Sales Executive,1218422.62,2013-11-27,2024-12-31,False
E001791,4,Sales,Financial Analyst,1088849.13,2016-06-28,2024-12-31,False
E001792,6,Operations,Financial Analyst,1213596.43,2024-06-01,2024-12-31,False
E001793,5,Marketing,Sales Executive,741658.35,2019-03-02,2024-12-31,False
E001794,2,Finance,Sales Executive,970132.84,2024-06-01,2024-12-31,False
E001795,2,Finance,Product Manager,259850.92,2014-08-27,2024-12-31,False
E001796,4,Sales,Product Manager,1330802.65,2019-02-01,2024-12-31,False
E001797,1,Engineering,Data Scientist,1120815.4,2016-02-28,2024-12-31,False
E001798,5,Marketing,Data Scientist,1360498.43,2019-12-08,2024-12-31,False
E001799,3,Human Resources,Operations Analyst,1855156.23,2016-05-19,2024-12-31,False
E001800,4,Sales,Marketing Specialist,2145565.36,2013-05-26,2024-12-31,False
E001801,1,Engineering,Product Manager,1349035.84,2018-12-18,2024-12-31,False
E001802,6,Operations,Operations Analyst,1694530.66,2011-01-03,2024-12-31,False
E001803,6,Operations,Product Manager,879987.96,2024-06-01,2024-12-31,False
E001804,1,Engineering,Sales Executive,1344711.55,2022-10-10,2024-12-31,False
E001805,6,Operations,Project Manager,1257778.54,2019-03-11,2024-12-31,False
E001806,4,Sales,Software Engineer,560048.71,2021-11-28,2024-12-31,False
E001807,4,Sales,Business Analyst,1500326.0,2021-07-01,2024-12-31,False
E001808,2,Finance,HR Specialist,2283501.19,2019-09-11,2024-12-31,False
E001809,1,Engineering,HR Specialist,1184218.09,2024-03-05,2024-12-31,False
E001810,6,Operations,Senior Software Engineer,1792708.11,2024-04-02,2024-12-31,False
E001811,3,Human Resources,Data Analyst,1987697.16,2012-05-22,2024-12-31,False
E001812,5,Marketing,Data Analyst,248861.66,2016-07-12,2024-12-31,False
E001813,6,Operations,Business Analyst,1147227.38,2023-11-02,2024-12-31,False
E001814,6,Operations,HR Specialist,1250230.75,2023-05-06,2024-12-31,False
E001815,4,Sales,Data Scientist,773222.6,2024-06-01,2024-12-31,False
E001816,4,Sales,Business Analyst,1032449.47,2022-06-30,2024-12-31,False
E001817,5,Marketing,Product Manager,623470.89,2021-11-18,2024-12-31,False
E001818,1,Engineering,Business Analyst,730146.24,2017-01-12,2024-12-31,False
E001819,5,Marketing,Operations Analyst,262997.72,2023-02-05,2024-12-31,False
E001820,6,Operations,Data Analyst,2244627.1,2017-04-29,2024-12-31,False
E001821,2,Finance,Software Engineer,961519.55,2023-07-08,2024-12-31,False
E001822,3,Human Resources,Data Analyst,2136594.68,2023-10-26,2024-12-31,False
E001823,2,Finance,Data Scientist,1300494.69,2022-03-01,2024-12-31,False
E001824,5,Marketing,Operations Analyst,1886126.72,2021-04-30,2024-12-31,False
E001825,4,Sales,Sales Executive,589115.13,2021-08-23,2024-12-31,False
E001826,6,Operations,Project Manager,1947526.23,2004-02-08,2024-12-31,False
E001827,4,Sales,Marketing Specialist,1722611.77,2021-12-30,2024-12-31,False
E001828,4,Sales,Operations Analyst,1322510.45,2008-05-16,2024-12-31,False
E001829,3,Human Resources,Data Analyst,2232480.47,2024-06-01,2024-12-31,False
E001830,4,Sales,Financial Analyst,1428982.6,2017-07-17,2024-12-31,False
E001831,4,Sales,Project Manager,1575223.65,2024-06-01,2024-12-31,False
E001832,1,Engineering,Data Scientist,1817622.57,2022-04-04,2024-12-31,False
E001833,4,Sales,Operations Analyst,1138683.01,2019-01-22,2024-12-31,False
E001834,4,Sales,Senior Software Engineer,547743.02,2009-03-01,2024-12-31,False
E001835,5,Marketing,Business Analyst,794167.23,2018-10-28,2024-12-31,False
E001836,1,Engineering,Data Analyst,456958.21,2022-10-27,2024-12-31,False
E001837,4,Sales,Product Manager,1902493.53,2018-05-15,2024-12-31,False
E001838,2,Finance,Senior Software Engineer,900097.41,2020-04-01,2024-12-31,False
E001839,2,Finance,Software Engineer,643986.97,2020-01-16,2024-12-31,False
E001840,1,Engineering,Operations Analyst,1100805.72,2021-07-09,2024-12-31,False
E001841,3,Human Resources,Product Manager,1627557.71,2004-07-20,2024-12-31,False
E001842,4,Sales,Product Manager,688820.27,2023-06-05,2024-12-31,False
E001843,2,Finance,Marketing Specialist,1808699.22,2022-08-17,2024-12-31,False
E001844,3,Human Resources,Sales Executive,467230.27,2022-07-23,2024-12-31,False
E001845,6,Operations,Product Manager,300328.04,2009-10-11,2024-12-31,False
E001846,3,Human Resources,Financial Analyst,1898835.66,2020-10-15,2024-12-31,False
E001847,3,Human Resources,Product Manager,1921823.86,2022-11-05,2024-12-31,False
E001848,3,Human Resources,Financial Analyst,1346735.44,2018-03-22,2024-12-31,False
E001849,2,Finance,Financial Analyst,429249.26,2001-06-08,2024-12-31,False
E001850,5,Marketing,Software Engineer,2133830.12,2024-06-01,2024-12-31,False
E001851,1,Engineering,Financial Analyst,453223.33,2023-01-06,2024-12-31,False
E001852,6,Operations,Business Analyst,1738374.05,2022-06-28,2024-12-31,False
E001853,3,Human Resources,HR Specialist,584466.78,2024-06-01,2024-12-31,False
E001854,1,Engineering,Marketing Specialist,279841.31,2023-09-07,2024-12-31,False
E001855,6,Operations,Business Analyst,1162446.5,2023-06-05,2024-12-31,False
E001856,5,Marketing,Operations Analyst,400134.89,2023-06-30,2024-12-31,False
E001857,6,Operations,HR Specialist,1575174.9,2014-01-31,2024-12-31,False
E001858,2,Finance,Operations Analyst,2271034.78,2019-12-09,2024-12-31,False
E001859,2,Finance,Business Analyst,1308148.81,2024-06-01,2024-12-31,False
E001860,1,Engineering,Sales Executive,1105726.72,2016-08-16,2024-12-31,False
E001861,6,Operations,Project Manager,1609442.18,2024-06-01,2024-12-31,False
E001862,5,Marketing,Project Manager,971205.3,2024-04-26,2024-12-31,False
E001863,2,Finance,Data Scientist,1027392.5,2016-02-11,2024-12-31,False
E001864,4,Sales,Software Engineer,2271798.13,2010-02-07,2024-12-31,False
E001865,2,Finance,Product Manager,1228188.35,2021-06-07,2024-12-31,False
E001866,1,Engineering,Senior Software Engineer,768502.27,2000-12-19,2024-12-31,False
E001867,3,Human Resources,Senior Software Engineer,356144.28,2020-08-18,2024-12-31,False
E001868,1,Engineering,Data Scientist,480696.36,2019-04-21,2024-12-31,False
E001869,5,Marketing,Data Scientist,988231.66,2023-09-27,2024-12-31,False
E001870,5,Marketing,Senior Software Engineer,422353.45,2022-11-18,2024-12-31,False
E001871,2,Finance,Sales Executive,1419068.0,2024-06-01,2024-12-31,False
E001872,3,Human Resources,HR Specialist,1417121.88,2019-05-15,2024-12-31,False
E001873,1,Engineering,Operations Analyst,1954362.05,2016-04-07,2024-12-31,False
E001874,2,Finance,HR Specialist,1410400.72,2023-06-20,2024-12-31,False
E001875,2,Finance,Project Manager,1615727.48,2023-09-21,2024-12-31,False
E001876,3,Human Resources,Product Manager,412108.34,2024-06-01,2024-12-31,False
E001877,1,Engineering,Data Scientist,1733572.22,2016-12-27,2024-12-31,False
E001878,1,Engineering,Sales Executive,463012.11,2022-10-12,2024-12-31,False
E001879,3,Human Resources,HR Specialist,1305726.69,2024-06-01,2024-12-31,False
E001880,4,Sales,Data Analyst,952978.77,2019-09-04,2024-12-31,False
E001881,6,Operations,Marketing Specialist,984122.55,2023-11-03,2024-12-31,False
E001882,2,Finance,Business Analyst,584189.97,2023-11-09,2024-12-31,False
E001883,2,Finance,Financial Analyst,1187959.07,2016-09-02,2024-12-31,False
E001884,6,Operations,Project Manager,975463.96,2024-06-01,2024-12-31,False
E001885,2,Finance,Financial Analyst,1600964.54,2019-02-07,2024-12-31,False
E001886,2,Finance,Software Engineer,903237.88,2023-05-15,2024-12-31,False
E001887,4,Sales,Senior Software Engineer,861319.61,2014-09-02,2024-12-31,False
E001888,1,Engineering,Operations Analyst,1808005.81,2021-06-03,2024-12-31,False
E001889,4,Sales,Data Analyst,333263.99,2014-06-22,2024-12-31,False
E001890,2,Finance,HR Specialist,1118344.98,2024-06-01,2024-12-31,False
E001891,3,Human Resources,Software Engineer,306975.56,2021-07-11,2024-12-31,False
E001892,4,Sales,Financial Analyst,2007957.32,2022-05-24,2024-12-31,False
E001893,4,Sales,Senior Software Engineer,2202605.22,2014-03-16,2024-12-31,False
E001894,6,Operations,Operations Analyst,2050551.68,2015-08-28,2024-12-31,False
E001895,4,Sales,Data Scientist,2031430.77,2019-02-07,2024-12-31,False
E001896,3,Human Resources,Sales Executive,898580.8,2024-03-05,2024-12-31,False
E001897,1,Engineering,Product Manager,1188969.61,2021-05-29,2024-12-31,False
E001898,2,Finance,Sales Executive,846457.91,2016-06-16,2024-12-31,False
E001899,2,Finance,Data Scientist,2127564.24,2022-08-09,2024-12-31,False
E001900,4,Sales,Business Analyst,1460233.46,2021-05-05,2024-12-31,False
E001901,2,Finance,Operations Analyst,1097646.57,2023-09-24,2024-12-31,False
E001902,5,Marketing,Operations Analyst,430503.28,2021-03-23,2024-12-31,False
E001903,5,Marketing,Financial Analyst,2152205.94,2016-08-11,2024-12-31,False
E001904,2,Finance,Business Analyst,795206.13,2023-01-28,2024-12-31,False
E001905,4,Sales,Project Manager,379215.67,2023-09-09,2024-12-31,False
E001906,2,Finance,Senior Software Engineer,1424390.25,2020-02-03,2024-12-31,False
E001907,2,Finance,Software Engineer,744773.71,2022-12-22,2024-12-31,False
E001908,5,Marketing,Sales Executive,2139184.02,2024-06-01,2024-12-31,False
E001909,4,Sales,Data Scientist,790454.95,2023-08-10,2024-12-31,False
E001910,4,Sales,Data Scientist,1877799.06,2018-12-27,2024-12-31,False
E001911,6,Operations,HR Specialist,884815.79,2022-07-07,2024-12-31,False
E001912,6,Operations,Business Analyst,842580.46,2022-10-08,2024-12-31,False
E001913,2,Finance,Financial Analyst,1451134.74,2012-09-17,2024-12-31,False
E001914,2,Finance,Product Manager,2144291.28,2024-06-01,2024-12-31,False
E001915,4,Sales,Financial Analyst,1191148.97,2021-05-11,2024-12-31,False
E001916,6,Operations,Software Engineer,2151075.96,2019-09-02,2024-12-31,False
E001917,5,Marketing,Business Analyst,1897189.78,2023-07-30,2024-12-31,False
E001918,2,Finance,Financial Analyst,1078661.51,2021-04-27,2024-12-31,False
E001919,6,Operations,HR Specialist,759844.07,2015-12-09,2024-12-31,False
E001920,1,Engineering,Software Engineer,1389283.55,2018-12-15,2024-12-31,False
E001921,4,Sales,Financial Analyst,1138831.14,2015-08-30,2024-12-31,False
E001922,3,Human Resources,HR Specialist,1547757.4,2023-09-08,2024-12-31,False
E001923,2,Finance,Operations Analyst,771963.75,2016-01-20,2024-12-31,False
E001924,6,Operations,HR Specialist,1108367.13,2023-03-30,2024-12-31,False
E001925,2,Finance,Product Manager,747060.26,2015-05-20,2024-12-31,False
E001926,4,Sales,Operations Analyst,1334378.66,2024-06-01,2024-12-31,False
E001927,2,Finance,Operations Analyst,1620881.86,2018-09-13,2024-12-31,False
E001928,6,Operations,Project Manager,660826.09,2023-04-01,2024-12-31,False
E001929,2,Finance,Operations Analyst,838869.75,2020-12-19,2024-12-31,False
E001930,5,Marketing,HR Specialist,289719.72,2005-11-19,2024-12-31,False
E001931,2,Finance,Data Scientist,1780344.73,2017-11-02,2024-12-31,False
E001932,5,Marketing,Data Analyst,1603426.45,2016-02-17,2024-12-31,False
E001933,2,Finance,HR Specialist,2029586.71,2019-04-15,2024-12-31,False
E001934,4,Sales,Operations Analyst,416905.06,2017-03-26,2024-12-31,False
E001935,1,Engineering,Project Manager,663645.29,2018-11-09,2024-12-31,False
E001936,1,Engineering,Sales Executive,646865.18,2018-08-12,2024-12-31,False
E001937,5,Marketing,Software Engineer,338316.58,2013-01-18,2024-12-31,False
E001938,1,Engineering,Financial Analyst,1705669.52,2013-11-06,2024-12-31,False
E001939,1,Engineering,Operations Analyst,503856.41,2021-07-13,2024-12-31,False
E001940,3,Human Resources,Data Analyst,489948.74,2022-03-04,2024-12-31,False
E001941,4,Sales,Financial Analyst,1720777.09,2014-06-13,2024-12-31,False
E001942,1,Engineering,Business Analyst,776813.56,2024-06-01,2024-12-31,False
E001943,5,Marketing,Software Engineer,671688.86,2017-01-20,2024-12-31,False
E001944,3,Human Resources,Data Scientist,749557.03,2023-12-16,2024-12-31,False
E001945,1,Engineering,Marketing Specialist,1436382.1,2024-06-01,2024-12-31,False
E001946,3,Human Resources,Product Manager,594452.28,2021-02-02,2024-12-31,False
E001947,5,Marketing,Sales Executive,379916.02,2019-11-13,2024-12-31,False
E001948,6,Operations,Sales Executive,2089121.82,2023-07-15,2024-12-31,False
E001949,3,Human Resources,Sales Executive,1485477.23,2023-05-02,2024-12-31,False
E001950,4,Sales,Marketing Specialist,2319358.61,2023-12-16,2024-12-31,False
E001951,1,Engineering,Product Manager,1494461.74,2022-06-14,2024-12-31,False
E001952,3,Human Resources,Senior Software Engineer,566079.16,2024-06-01,2024-12-31,False
E001953,2,Finance,Sales Executive,1886363.0,2017-11-28,2024-12-31,False
E001954,2,Finance,Financial Analyst,517487.53,2018-01-15,2024-12-31,False
E001955,5,Marketing,Senior Software Engineer,874776.9,2014-07-14,2024-12-31,False
E001956,5,Marketing,Data Scientist,1702679.84,2023-09-02,2024-12-31,False
E001957,2,Finance,Software Engineer,517458.49,2022-09-03,2024-12-31,False
E001958,4,Sales,Senior Software Engineer,2027786.32,2021-01-17,2024-12-31,False
E001959,5,Marketing,Sales Executive,1495147.14,2020-06-15,2024-12-31,False
E001960,2,Finance,Sales Executive,509986.58,2023-03-05,2024-12-31,False
E001961,5,Marketing,Product Manager,1472172.96,2020-01-24,2024-12-31,False
E001962,4,Sales,Product Manager,2333167.07,2024-04-05,2024-12-31,False
E001963,1,Engineering,Product Manager,1173315.55,2024-02-20,2024-12-31,False
E001964,4,Sales,Financial Analyst,1295155.5,2021-03-10,2024-12-31,False
E001965,5,Marketing,Operations Analyst,696833.81,2014-06-12,2024-12-31,False
E001966,5,Marketing,Senior Software Engineer,2142678.77,2021-12-12,2024-12-31,False
E001967,4,Sales,Operations Analyst,2156654.51,2015-08-08,2024-12-31,False
E001968,5,Marketing,Data Analyst,956630.7,2019-03-08,2024-12-31,False
E001969,6,Operations,Product Manager,1136671.52,2011-11-05,2024-12-31,False
E001970,1,Engineering,Senior Software Engineer,1189409.48,2021-01-04,2024-12-31,False
E001971,2,Finance,Financial Analyst,1403805.79,2024-05-24,2024-12-31,False
E001972,3,Human Resources,Software Engineer,379688.22,2013-09-17,2024-12-31,False
E001973,3,Human Resources,Product Manager,1370025.39,2013-12-15,2024-12-31,False
E001974,4,Sales,Financial Analyst,1994072.36,2018-07-13,2024-12-31,False
E001975,6,Operations,Financial Analyst,1716598.82,2024-04-18,2024-12-31,False
E001976,1,Engineering,Data Analyst,1282790.36,2020-09-03,2024-12-31,False
E001977,6,Operations,Data Scientist,2152103.64,2011-01-11,2024-12-31,False
E001978,2,Finance,Product Manager,2005233.99,2023-01-17,2024-12-31,False
E001979,2,Finance,Business Analyst,1496193.15,2003-09-01,2024-12-31,False
E001980,3,Human Resources,Project Manager,1237844.4,2005-10-08,2024-12-31,False
E001981,5,Marketing,Data Analyst,2019138.95,2022-02-06,2024-12-31,False
E001982,6,Operations,Data Scientist,265902.24,2014-09-07,2024-12-31,False
E001983,5,Marketing,Senior Software Engineer,1700804.3,2016-08-02,2024-12-31,False
E001984,6,Operations,Data Scientist,1332983.79,2022-03-01,2024-12-31,False
E001985,4,Sales,Business Analyst,611517.7,2021-01-02,2024-12-31,False
E001986,1,Engineering,Software Engineer,2050671.72,2024-05-31,2024-12-31,False
E001987,1,Engineering,Financial Analyst,583276.5,2020-10-24,2024-12-31,False
E001988,2,Finance,Marketing Specialist,1657340.09,2006-04-14,2024-12-31,False
E001989,5,Marketing,Product Manager,520331.94,2020-09-05,2024-12-31,False
E001990,2,Finance,Marketing Specialist,696903.85,2022-08-15,2024-12-31,False
E001991,4,Sales,Senior Software Engineer,350940.77,2023-03-30,2024-12-31,False
E001992,1,Engineering,Financial Analyst,1872818.95,2024-01-16,2024-12-31,False
E001993,1,Engineering,HR Specialist,2019558.41,2014-10-07,2024-12-31,False
E001994,1,Engineering,HR Specialist,396421.64,2008-07-20,2024-12-31,False
E001995,5,Marketing,Product Manager,1980798.52,2006-02-17,2024-12-31,False
E001996,1,Engineering,HR Specialist,1523977.63,2018-04-13,2024-12-31,False
E001997,6,Operations,Software Engineer,369608.72,2024-06-01,2024-12-31,False
E001998,3,Human Resources,Operations Analyst,1196278.32,2023-11-02,2024-12-31,False
E001999,6,Operations,Project Manager,1756535.48,2024-03-25,2024-12-31,False
E002000,2,Finance,HR Specialist,826293.77,2016-06-24,2024-12-31,False
E002001,5,Marketing,Software Engineer,1209711.93,2024-06-01,2024-12-31,False
E002002,4,Sales,Data Analyst,1677997.35,2024-06-01,2024-12-31,False
E002003,4,Sales,Sales Executive,1980107.46,2017-04-27,2024-12-31,False
E002004,4,Sales,Marketing Specialist,1375706.46,2020-12-11,2024-12-31,False
E002005,4,Sales,Senior Software Engineer,353011.02,2024-03-25,2024-12-31,False
E002006,2,Finance,Product Manager,1611519.26,2024-06-01,2024-12-31,False
E002007,2,Finance,Business Analyst,2139356.29,2016-05-05,2024-12-31,False
E002008,1,Engineering,Data Scientist,511371.64,2024-06-01,2024-12-31,False
E002009,2,Finance,Financial Analyst,1274543.58,2018-01-02,2024-12-31,False
E002010,2,Finance,Operations Analyst,578483.96,2014-12-15,2024-12-31,False
E002011,1,Engineering,Marketing Specialist,1613995.18,2023-12-06,2024-12-31,False
E002012,4,Sales,Software Engineer,1359793.48,2024-02-07,2024-12-31,False
E002013,3,Human Resources,Data Analyst,1063708.22,2019-10-21,2024-12-31,False
E002014,2,Finance,Software Engineer,1728878.01,2024-04-01,2024-12-31,False
E002015,4,Sales,Data Analyst,2176644.6,2023-02-10,2024-12-31,False
E002016,3,Human Resources,Sales Executive,1922097.67,2022-06-24,2024-12-31,False
E002017,6,Operations,Operations Analyst,1495452.01,2015-07-18,2024-12-31,False
E002018,2,Finance,Operations Analyst,1917205.98,2020-05-15,2024-12-31,False
E002019,1,Engineering,HR Specialist,971645.42,2020-01-31,2024-12-31,False
E002020,5,Marketing,Project Manager,1869019.46,2016-09-23,2024-12-31,False
E002021,4,Sales,Sales Executive,664701.14,2017-05-19,2024-12-31,False
E002022,4,Sales,Data Scientist,2143721.94,2018-10-31,2024-12-31,False
E002023,4,Sales,Financial Analyst,506567.62,2023-07-04,2024-12-31,False
E002024,6,Operations,Product Manager,2046487.77,2021-10-24,2024-12-31,False
E002025,2,Finance,Software Engineer,813934.47,2022-04-22,2024-12-31,False
E002026,5,Marketing,Project Manager,1297141.3,2014-10-01,2024-12-31,False
E002027,6,Operations,Project Manager,1173219.44,2022-07-19,2024-12-31,False
E002028,3,Human Resources,Senior Software Engineer,696206.25,2021-05-27,2024-12-31,False
E002029,1,Engineering,Operations Analyst,353669.93,2020-10-08,2024-12-31,False
E002030,4,Sales,Project Manager,1934292.09,2024-02-03,2024-12-31,False
E002031,5,Marketing,Senior Software Engineer,1833855.2,2022-06-23,2024-12-31,False
E002032,6,Operations,Senior Software Engineer,1843534.44,2022-03-02,2024-12-31,False
E002033,5,Marketing,HR Specialist,1371822.99,2022-01-10,2024-12-31,False
E002034,2,Finance,Software Engineer,695859.8,2009-06-22,2024-12-31,False
E002035,3,Human Resources,Project Manager,1221496.36,2023-07-04,2024-12-31,False
E002036,4,Sales,Project Manager,2040108.76,2007-07-24,2024-12-31,False
E002037,1,Engineering,Operations Analyst,841272.95,2024-05-09,2024-12-31,False
E002038,3,Human Resources,Product Manager,663277.0,2023-05-26,2024-12-31,False
E002039,5,Marketing,Operations Analyst,2378892.71,2018-11-19,2024-12-31,False
E002040,5,Marketing,Data Analyst,890175.68,2007-08-21,2024-12-31,False
E002041,3,Human Resources,HR Specialist,2020368.83,2023-09-06,2024-12-31,False
E002042,3,Human Resources,Product Manager,573690.2,2021-08-11,2024-12-31,False
E002043,1,Engineering,Data Analyst,2008190.89,2017-09-06,2024-12-31,False
E002044,2,Finance,Software Engineer,1568883.32,2011-01-26,2024-12-31,False
E002045,6,Operations,Project Manager,347848.2,2024-02-29,2024-12-31,False
E002046,5,Marketing,Project Manager,2375012.67,2003-05-08,2024-12-31,False
E002047,5,Marketing,Project Manager,1017991.94,2020-11-28,2024-12-31,False
E002048,2,Finance,Product Manager,1695172.16,2023-10-26,2024-12-31,False
E002049,3,Human Resources,Business Analyst,1204019.35,2012-06-23,2024-12-31,False
E002050,4,Sales,Sales Executive,1201988.04,2015-08-23,2024-12-31,False
E002051,6,Operations,Product Manager,1282490.42,2019-12-10,2024-12-31,False
E002052,6,Operations,Data Scientist,1423482.08,2020-08-30,2024-12-31,False
E002053,1,Engineering,Project Manager,840436.34,2009-08-20,2024-12-31,False
E002054,1,Engineering,Sales Executive,1390174.18,2023-06-22,2024-12-31,False
E002055,5,Marketing,Data Scientist,904047.77,2024-01-25,2024-12-31,False
E002056,1,Engineering,Financial Analyst,1842801.62,2023-06-28,2024-12-31,False
E002057,3,Human Resources,HR Specialist,281645.83,2021-09-16,2024-12-31,False
E002058,6,Operations,Business Analyst,733040.71,2023-08-10,2024-12-31,False
E002059,2,Finance,Marketing Specialist,1202790.67,2021-12-10,2024-12-31,False
E002060,1,Engineering,Business Analyst,1679256.81,2024-06-01,2024-12-31,False
E002061,4,Sales,Senior Software Engineer,826366.61,2021-10-24,2024-12-31,False
E002062,3,Human Resources,Financial Analyst,495919.76,2024-03-26,2024-12-31,False
E002063,2,Finance,Product Manager,1900905.83,2023-10-23,2024-12-31,False
E002064,3,Human Resources,Senior Software Engineer,2087590.36,2016-02-04,2024-12-31,False
E002065,4,Sales,Project Manager,1829237.55,2023-10-02,2024-12-31,False
E002066,6,Operations,Data Scientist,954822.43,2015-02-08,2024-12-31,False
E002067,1,Engineering,HR Specialist,1716436.6,2013-07-26,2024-12-31,False
E002068,6,Operations,Project Manager,1925339.03,2017-03-19,2024-12-31,False
E002069,4,Sales,Sales Executive,738875.01,2024-06-01,2024-12-31,False
E002070,2,Finance,Operations Analyst,2219093.08,2020-09-11,2024-12-31,False
E002071,5,Marketing,Operations Analyst,1139542.9,2024-06-01,2024-12-31,False
E002072,6,Operations,Financial Analyst,917673.6,2019-10-03,2024-12-31,False
E002073,5,Marketing,Data Scientist,367370.26,2006-01-06,2024-12-31,False
E002074,2,Finance,Project Manager,2227216.24,2022-03-04,2024-12-31,False
E002075,2,Finance,Operations Analyst,1834879.51,2018-07-29,2024-12-31,False
E002076,4,Sales,Marketing Specialist,1104156.93,2020-07-12,2024-12-31,False
E002077,5,Marketing,Operations Analyst,1404077.19,2017-10-26,2024-12-31,False
E002078,6,Operations,Data Scientist,2343452.01,2018-03-31,2024-12-31,False
E002079,3,Human Resources,Product Manager,610512.48,2019-07-05,2024-12-31,False
E002080,3,Human Resources,Business Analyst,1040213.46,2014-04-21,2024-12-31,False
E002081,2,Finance,Project Manager,806779.93,2020-06-08,2024-12-31,False
E002082,4,Sales,HR Specialist,1170113.4,2024-02-27,2024-12-31,False
E002083,5,Marketing,Financial Analyst,2151365.47,2023-06-21,2024-12-31,False
E002084,1,Engineering,Product Manager,1114787.28,2022-11-26,2024-12-31,False
E002085,5,Marketing,HR Specialist,1937656.83,2024-06-01,2024-12-31,False
E002086,6,Operations,Business Analyst,486979.98,2010-02-17,2024-12-31,False
E002087,1,Engineering,Operations Analyst,1018950.2,2022-04-06,2024-12-31,False
E002088,4,Sales,Sales Executive,726683.73,2015-10-17,2024-12-31,False
E002089,1,Engineering,Software Engineer,743365.19,2020-04-30,2024-12-31,False
E002090,6,Operations,Marketing Specialist,1224654.4,2022-04-04,2024-12-31,False
E002091,3,Human Resources,Operations Analyst,1335133.29,2024-06-01,2024-12-31,False
E002092,1,Engineering,Product Manager,1742435.98,2012-11-13,2024-12-31,False
E002093,5,Marketing,Data Analyst,1048606.05,2017-04-02,2024-12-31,False
E002094,6,Operations,Software Engineer,2007648.4,2023-09-03,2024-12-31,False
E002095,4,Sales,Data Scientist,821956.78,2016-08-05,2024-12-31,False
E002096,4,Sales,Marketing Specialist,287913.51,2011-03-17,2024-12-31,False
E002097,5,Marketing,Project Manager,1617063.87,2024-06-01,2024-12-31,False
E002098,4,Sales,Software Engineer,1632575.02,2022-09-08,2024-12-31,False
E002099,5,Marketing,Marketing Specialist,2148866.34,2020-01-22,2024-12-31,False
E002100,5,Marketing,Product Manager,1875231.87,2023-08-06,2024-12-31,False
E002101,3,Human Resources,Project Manager,625511.4,2015-11-19,2024-12-31,False
E002102,4,Sales,Data Scientist,1166578.96,2019-08-21,2024-12-31,False
E002103,3,Human Resources,Data Analyst,983233.36,2024-06-01,2024-12-31,False
E002104,3,Human Resources,Sales Executive,775548.04,2024-04-21,2024-12-31,False
E002105,5,Marketing,Data Scientist,505910.68,2015-06-25,2024-12-31,False
E002106,6,Operations,Project Manager,718544.77,2024-06-01,2024-12-31,False
E002107,5,Marketing,Software Engineer,2400516.55,2022-07-05,2024-12-31,False
E002108,1,Engineering,Sales Executive,1372900.94,2018-06-27,2024-12-31,False
E002109,6,Operations,Senior Software Engineer,1644678.28,2023-09-28,2024-12-31,False
E002110,1,Engineering,Project Manager,869104.83,2019-12-16,2024-12-31,False
E002111,4,Sales,Data Scientist,887371.97,2024-06-01,2024-12-31,False
E002112,6,Operations,HR Specialist,457673.99,2011-10-23,2024-12-31,False
E002113,1,Engineering,Senior Software Engineer,1223388.46,2023-07-14,2024-12-31,False
E002114,3,Human Resources,Software Engineer,1993972.82,2020-02-03,2024-12-31,False
E002115,4,Sales,Operations Analyst,387771.4,2024-06-01,2024-12-31,False
E002116,1,Engineering,Financial Analyst,1654846.84,2012-03-19,2024-12-31,False
E002117,5,Marketing,Software Engineer,1770283.49,2021-10-26,2024-12-31,False
E002118,4,Sales,Product Manager,1161616.39,2016-02-26,2024-12-31,False
E002119,3,Human Resources,Financial Analyst,1207455.65,2024-06-01,2024-12-31,False
E002120,3,Human Resources,Senior Software Engineer,644840.16,2021-02-19,2024-12-31,False
E002121,4,Sales,Product Manager,1630322.35,2012-05-29,2024-12-31,False
E002122,2,Finance,Marketing Specialist,1482850.36,2021-09-23,2024-12-31,False
E002123,5,Marketing,Business Analyst,2000511.13,2020-05-07,2024-12-31,False
E002124,6,Operations,Business Analyst,782894.1,2019-09-07,2024-12-31,False
E002125,6,Operations,Business Analyst,1992522.59,2024-04-30,2024-12-31,False
E002126,1,Engineering,Software Engineer,483962.11,2023-12-05,2024-12-31,False
E002127,6,Operations,Software Engineer,720639.86,2024-06-01,2024-12-31,False
E002128,1,Engineering,Data Scientist,574713.61,2020-05-04,2024-12-31,False
E002129,3,Human Resources,Operations Analyst,1389770.11,2024-06-01,2024-12-31,False
E002130,5,Marketing,Business Analyst,1837216.37,2022-04-17,2024-12-31,False
E002131,4,Sales,Sales Executive,1675654.17,2012-11-09,2024-12-31,False
E002132,5,Marketing,Product Manager,260073.08,2022-01-25,2024-12-31,False
E002133,3,Human Resources,Data Analyst,1047200.32,2021-05-06,2024-12-31,False
E002134,6,Operations,HR Specialist,357296.82,2023-07-15,2024-12-31,False
E002135,4,Sales,Financial Analyst,864574.15,2022-05-19,2024-12-31,False
E002136,3,Human Resources,HR Specialist,1086597.2,2024-06-01,2024-12-31,False
E002137,6,Operations,Marketing Specialist,2045266.11,2023-05-19,2024-12-31,False
E002138,4,Sales,Product Manager,1318709.24,2021-06-14,2024-12-31,False
E002139,2,Finance,Financial Analyst,363019.92,2024-06-01,2024-12-31,False
E002140,6,Operations,Sales Executive,363354.83,2019-09-02,2024-12-31,False
E002141,2,Finance,Financial Analyst,1033094.01,2019-06-11,2024-12-31,False
E002142,5,Marketing,Data Analyst,1392310.6,2024-06-01,2024-12-31,False
E002143,1,Engineering,Operations Analyst,1667514.68,2011-04-13,2024-12-31,False
E002144,6,Operations,Data Analyst,1977250.51,2008-04-28,2024-12-31,False
E002145,5,Marketing,Sales Executive,1773178.67,2023-04-03,2024-12-31,False
E002146,4,Sales,Senior Software Engineer,1087505.69,2023-03-10,2024-12-31,False
E002147,6,Operations,Data Scientist,606765.36,2022-03-06,2024-12-31,False
E002148,3,Human Resources,Product Manager,2136197.46,2016-09-13,2024-12-31,False
E002149,2,Finance,Business Analyst,546486.64,2024-06-01,2024-12-31,False
E002150,3,Human Resources,Product Manager,1769401.6,2024-06-01,2024-12-31,False
E002151,1,Engineering,Product Manager,2220272.42,2011-06-09,2024-12-31,False
E002152,4,Sales,HR Specialist,945477.89,2022-11-09,2024-12-31,False
E002153,1,Engineering,Software Engineer,1281375.98,2023-04-17,2024-12-31,False
E002154,1,Engineering,Operations Analyst,1184406.0,2024-06-01,2024-12-31,False
E002155,6,Operations,Financial Analyst,808725.13,2017-02-06,2024-12-31,False
E002156,3,Human Resources,Data Scientist,1448375.31,2024-06-01,2024-12-31,False
E002157,4,Sales,Sales Executive,1054365.91,2012-04-24,2024-12-31,False
E002158,4,Sales,Product Manager,1818564.1,2024-06-01,2024-12-31,False
E002159,1,Engineering,Product Manager,2061369.9,2020-10-18,2024-12-31,False
E002160,3,Human Resources,Business Analyst,1120721.98,2017-12-14,2024-12-31,False
E002161,3,Human Resources,Operations Analyst,1696349.93,2022-06-30,2024-12-31,False
E002162,5,Marketing,Product Manager,1693322.08,2024-06-01,2024-12-31,False
E002163,1,Engineering,Software Engineer,1094307.77,2016-12-22,2024-12-31,False
E002164,4,Sales,Senior Software Engineer,2015472.34,2017-05-19,2024-12-31,False
E002165,3,Human Resources,Product Manager,1942006.76,2024-06-01,2024-12-31,False
E002166,6,Operations,Software Engineer,2079997.39,2024-06-01,2024-12-31,False
E002167,6,Operations,Data Scientist,2024043.85,2022-06-20,2024-12-31,False
E002168,3,Human Resources,Project Manager,796522.79,2019-09-23,2024-12-31,False
E002169,3,Human Resources,Project Manager,446089.66,2017-08-19,2024-12-31,False
E002170,4,Sales,Business Analyst,1296424.32,2011-01-10,2024-12-31,False
E002171,4,Sales,Project Manager,2175355.73,2016-07-04,2024-12-31,False
E002172,1,Engineering,Business Analyst,505616.14,2016-09-01,2024-12-31,False
E002173,6,Operations,Project Manager,380398.8,2006-10-19,2024-12-31,False
E002174,4,Sales,Senior Software Engineer,1154622.14,2023-03-02,2024-12-31,False
E002175,6,Operations,Financial Analyst,1577965.65,2023-02-13,2024-12-31,False
E002176,2,Finance,Product Manager,1986235.62,2016-10-05,2024-12-31,False
E002177,5,Marketing,Business Analyst,1428655.36,2016-06-02,2024-12-31,False
E002178,4,Sales,Marketing Specialist,2224888.85,2018-11-08,2024-12-31,False
E002179,4,Sales,Marketing Specialist,2058279.67,2020-02-20,2024-12-31,False
E002180,6,Operations,Software Engineer,770062.7,2021-07-05,2024-12-31,False
E002181,3,Human Resources,Financial Analyst,417813.84,2021-11-18,2024-12-31,False
E002182,1,Engineering,HR Specialist,601821.17,2018-09-16,2024-12-31,False
E002183,5,Marketing,Sales Executive,1840305.84,2024-06-01,2024-12-31,False
E002184,6,Operations,HR Specialist,1373662.8,2021-09-13,2024-12-31,False
E002185,3,Human Resources,Product Manager,1821846.18,2023-09-19,2024-12-31,False
E002186,2,Finance,Data Analyst,683050.25,2024-06-01,2024-12-31,False
E002187,2,Finance,Sales Executive,1442733.54,2014-05-19,2024-12-31,False
E002188,1,Engineering,Financial Analyst,1695635.16,2007-12-11,2024-12-31,False
E002189,4,Sales,Operations Analyst,1382297.49,2024-04-29,2024-12-31,False
E002190,2,Finance,Financial Analyst,1740633.85,2024-01-09,2024-12-31,False
E002191,2,Finance,Business Analyst,2333412.7,2022-01-21,2024-12-31,False
E002192,4,Sales,Project Manager,1995068.01,2014-03-08,2024-12-31,False
E002193,3,Human Resources,Marketing Specialist,975079.95,2009-07-05,2024-12-31,False
E002194,1,Engineering,Data Scientist,803844.8,2024-06-01,2024-12-31,False
E002195,4,Sales,Data Analyst,2124670.62,2024-06-01,2024-12-31,False
E002196,4,Sales,Marketing Specialist,600030.58,2020-05-14,2024-12-31,False
E002197,2,Finance,Financial Analyst,1224332.6,2011-12-17,2024-12-31,False
E002198,3,Human Resources,Senior Software Engineer,1807720.68,2024-06-01,2024-12-31,False
E002199,5,Marketing,Data Scientist,1020770.53,2012-01-31,2024-12-31,False
E002200,3,Human Resources,Financial Analyst,413700.24,2024-06-01,2024-12-31,False
E002201,1,Engineering,Data Analyst,2008826.56,2023-03-28,2024-12-31,False
E002202,1,Engineering,Sales Executive,347048.04,2022-07-04,2024-12-31,False
E002203,4,Sales,Data Analyst,855976.93,2016-02-03,2024-12-31,False
E002204,2,Finance,Project Manager,1527693.84,2023-12-06,2024-12-31,False
E002205,3,Human Resources,HR Specialist,2152328.53,2024-06-01,2024-12-31,False
E002206,2,Finance,Software Engineer,2309718.83,2017-12-01,2024-12-31,False
E002207,2,Finance,Project Manager,2132181.95,2024-06-01,2024-12-31,False
E002208,2,Finance,Data Analyst,1791954.92,2024-06-01,2024-12-31,False
E002209,4,Sales,Financial Analyst,1135597.73,2017-12-07,2024-12-31,False
E002210,4,Sales,Business Analyst,2001928.16,2023-08-08,2024-12-31,False
E002211,6,Operations,Senior Software Engineer,617678.97,2022-04-11,2024-12-31,False
E002212,4,Sales,Senior Software Engineer,1559371.65,2022-09-05,2024-12-31,False
E002213,2,Finance,Financial Analyst,421722.53,2016-05-04,2024-12-31,False
E002214,6,Operations,Project Manager,1162259.05,2022-04-14,2024-12-31,False
E002215,5,Marketing,Senior Software Engineer,2199619.76,2021-01-10,2024-12-31,False
E002216,1,Engineering,Operations Analyst,820044.08,2015-05-19,2024-12-31,False
E002217,5,Marketing,Product Manager,2081156.29,2020-03-02,2024-12-31,False
E002218,2,Finance,Data Analyst,1114116.73,2023-12-10,2024-12-31,False
E002219,6,Operations,Senior Software Engineer,554316.45,2022-07-26,2024-12-31,False
E002220,2,Finance,Marketing Specialist,1377829.76,2011-11-23,2024-12-31,False
E002221,6,Operations,Financial Analyst,1277372.68,2018-11-12,2024-12-31,False
E002222,5,Marketing,Business Analyst,2016998.05,2010-12-22,2024-12-31,False
E002223,2,Finance,Data Analyst,1622342.89,2013-06-24,2024-12-31,False
E002224,2,Finance,Data Analyst,1767899.85,2015-10-16,2024-12-31,False
E002225,3,Human Resources,Project Manager,2013366.86,2022-10-03,2024-12-31,False
E002226,4,Sales,Product Manager,1862473.47,2016-02-14,2024-12-31,False
E002227,6,Operations,Software Engineer,2264774.78,2023-11-17,2024-12-31,False
E002228,3,Human Resources,Senior Software Engineer,1252293.03,2022-02-17,2024-12-31,False
E002229,2,Finance,Marketing Specialist,914800.47,2022-02-14,2024-12-31,False
E002230,5,Marketing,Data Scientist,1383720.01,2024-03-24,2024-12-31,False
E002231,3,Human Resources,Operations Analyst,1414445.57,2024-06-01,2024-12-31,False
E002232,2,Finance,Product Manager,2302826.14,2024-06-01,2024-12-31,False
E002233,1,Engineering,Marketing Specialist,2155576.68,2023-09-13,2024-12-31,False
E002234,6,Operations,Sales Executive,1383356.68,2019-04-16,2024-12-31,False
E002235,6,Operations,Data Scientist,1567458.35,2017-02-15,2024-12-31,False
E002236,6,Operations,Operations Analyst,356532.79,2011-02-12,2024-12-31,False
E002237,5,Marketing,Financial Analyst,2152606.77,2019-01-29,2024-12-31,False
E002238,6,Operations,HR Specialist,1544724.3,2022-01-22,2024-12-31,False
E002239,2,Finance,Financial Analyst,304346.4,2013-12-06,2024-12-31,False
E002240,1,Engineering,Business Analyst,1154159.18,2021-01-15,2024-12-31,False
E002241,6,Operations,Product Manager,1866692.36,2022-04-11,2024-12-31,False
E002242,6,Operations,Financial Analyst,1003424.43,2021-07-20,2024-12-31,False
E002243,3,Human Resources,Financial Analyst,939331.9,2022-07-04,2024-12-31,False
E002244,2,Finance,Sales Executive,708423.21,2021-08-18,2024-12-31,False
E002245,3,Human Resources,Project Manager,887215.63,2022-05-08,2024-12-31,False
E002246,2,Finance,Sales Executive,613592.5,2022-04-03,2024-12-31,False
E002247,1,Engineering,Marketing Specialist,1909702.33,2014-06-08,2024-12-31,False
E002248,3,Human Resources,Project Manager,1427224.22,2023-05-04,2024-12-31,False
E002249,1,Engineering,Software Engineer,1014206.47,2015-11-29,2024-12-31,False
E002250,5,Marketing,Marketing Specialist,1176203.66,2023-08-21,2024-12-31,False
E002251,4,Sales,Operations Analyst,1869667.54,2020-03-20,2024-12-31,False
E002252,4,Sales,Software Engineer,1981191.4,2023-09-10,2024-12-31,False
E002253,1,Engineering,Product Manager,1677661.5,2021-01-10,2024-12-31,False
E002254,2,Finance,Senior Software Engineer,1432415.23,2023-08-06,2024-12-31,False
E002255,2,Finance,Software Engineer,519888.58,2024-06-01,2024-12-31,False
E002256,2,Finance,Data Analyst,2012632.91,2014-07-27,2024-12-31,False
E002257,2,Finance,Financial Analyst,1073375.4,2020-03-18,2024-12-31,False
E002258,1,Engineering,Business Analyst,687075.39,2022-03-13,2024-12-31,False
E002259,4,Sales,Operations Analyst,942007.98,2015-05-30,2024-12-31,False
E002260,6,Operations,Marketing Specialist,1900544.21,2020-09-30,2024-12-31,False
E002261,5,Marketing,Data Scientist,1987026.18,2010-01-24,2024-12-31,False
E002262,2,Finance,Data Analyst,2089710.02,2022-11-25,2024-12-31,False
E002263,1,Engineering,Data Analyst,2103343.99,2023-04-13,2024-12-31,False
E002264,6,Operations,Product Manager,2245212.98,2018-06-09,2024-12-31,False
E002265,2,Finance,Business Analyst,1386112.37,2013-08-10,2024-12-31,False
E002266,4,Sales,Marketing Specialist,401943.09,2022-10-14,2024-12-31,False
E002267,5,Marketing,Software Engineer,736859.78,2024-05-22,2024-12-31,False
E002268,3,Human Resources,HR Specialist,1359007.93,2015-05-13,2024-12-31,False
E002269,1,Engineering,Sales Executive,327153.02,2018-06-28,2024-12-31,False
E002270,5,Marketing,HR Specialist,1856876.6,2015-07-28,2024-12-31,False
E002271,2,Finance,Software Engineer,1250793.15,2024-06-01,2024-12-31,False
E002272,5,Marketing,Project Manager,1948396.85,2011-05-24,2024-12-31,False
E002273,1,Engineering,Data Scientist,1908884.89,2020-09-03,2024-12-31,False
E002274,1,Engineering,Sales Executive,546000.99,2024-06-01,2024-12-31,False
E002275,2,Finance,Sales Executive,1991173.52,2023-11-30,2024-12-31,False
E002276,4,Sales,Product Manager,561299.21,2015-06-26,2024-12-31,False
E002277,2,Finance,Financial Analyst,421756.62,2021-02-12,2024-12-31,False
E002278,1,Engineering,Sales Executive,703944.96,2017-11-11,2024-12-31,False
E002279,2,Finance,Operations Analyst,276397.57,2023-09-14,2024-12-31,False
E002280,2,Finance,HR Specialist,2134729.34,2021-07-18,2024-12-31,False
E002281,4,Sales,Marketing Specialist,966191.17,2018-12-19,2024-12-31,False
E002282,1,Engineering,Project Manager,479597.06,2022-02-12,2024-12-31,False
E002283,3,Human Resources,Marketing Specialist,506779.83,2023-09-03,2024-12-31,False
E002284,5,Marketing,Operations Analyst,407233.42,2018-08-05,2024-12-31,False
E002285,3,Human Resources,Marketing Specialist,398519.98,2009-12-06,2024-12-31,False
E002286,4,Sales,Data Scientist,1388745.83,2011-09-12,2024-12-31,False
E002287,3,Human Resources,Senior Software Engineer,1720710.96,2020-10-05,2024-12-31,False
E002288,6,Operations,Business Analyst,832910.17,2019-03-01,2024-12-31,False
E002289,2,Finance,Product Manager,1373314.65,2020-10-18,2024-12-31,False
E002290,6,Operations,Sales Executive,1441243.78,2023-06-18,2024-12-31,False
E002291,5,Marketing,HR Specialist,1509985.08,2022-05-05,2024-12-31,False
E002292,3,Human Resources,Marketing Specialist,1734837.83,2019-07-12,2024-12-31,False
E002293,5,Marketing,Product Manager,1268275.46,2024-06-01,2024-12-31,False
E002294,1,Engineering,HR Specialist,1658310.84,2017-03-08,2024-12-31,False
E002295,3,Human Resources,Sales Executive,946965.07,2020-08-24,2024-12-31,False
E002296,5,Marketing,Marketing Specialist,702254.12,2015-10-10,2024-12-31,False
E002297,5,Marketing,Financial Analyst,1576227.22,2023-10-29,2024-12-31,False
E002298,3,Human Resources,Software Engineer,311828.11,2011-09-29,2024-12-31,False
E002299,3,Human Resources,Senior Software Engineer,1508861.5,2020-05-28,2024-12-31,False
E002300,6,Operations,Business Analyst,1575584.62,2002-01-30,2024-12-31,False
E002301,5,Marketing,Software Engineer,438988.78,2012-02-03,2024-12-31,False
E002302,5,Marketing,Data Analyst,2021158.77,2021-03-18,2024-12-31,False
E002303,1,Engineering,HR Specialist,2089322.22,2024-01-13,2024-12-31,False
E002304,5,Marketing,Operations Analyst,1158283.34,2019-08-29,2024-12-31,False
E002305,3,Human Resources,Data Analyst,860354.38,2017-02-17,2024-12-31,False
E002306,3,Human Resources,Business Analyst,1126998.34,2017-10-20,2024-12-31,False
E002307,2,Finance,Product Manager,1374091.36,2023-09-20,2024-12-31,False
E002308,1,Engineering,Project Manager,1774197.08,2022-08-20,2024-12-31,False
E002309,2,Finance,Financial Analyst,1093462.24,2020-09-18,2024-12-31,False
E002310,1,Engineering,HR Specialist,691171.38,2023-11-11,2024-12-31,False
E002311,1,Engineering,Business Analyst,1170509.54,2024-06-01,2024-12-31,False
E002312,2,Finance,Senior Software Engineer,1721964.22,2019-08-02,2024-12-31,False
E002313,1,Engineering,Software Engineer,1865373.79,2009-03-18,2024-12-31,False
E002314,6,Operations,Marketing Specialist,675278.69,2018-06-15,2024-12-31,False
E002315,2,Finance,HR Specialist,1030047.57,2018-12-10,2024-12-31,False
E002316,6,Operations,Data Scientist,758661.53,2018-09-26,2024-12-31,False
E002317,4,Sales,Marketing Specialist,945012.06,2024-06-01,2024-12-31,False
E002318,2,Finance,Financial Analyst,663267.01,2009-06-01,2024-12-31,False
E002319,4,Sales,Marketing Specialist,1229549.28,2021-01-09,2024-12-31,False
E002320,2,Finance,Product Manager,2296178.29,2024-06-01,2024-12-31,False
E002321,3,Human Resources,Data Scientist,2090307.21,2024-06-01,2024-12-31,False
E002322,6,Operations,HR Specialist,303167.17,2016-10-15,2024-12-31,False
E002323,2,Finance,Marketing Specialist,1810299.14,2017-10-04,2024-12-31,False
E002324,3,Human Resources,Business Analyst,1680040.45,2021-02-11,2024-12-31,False
E002325,5,Marketing,Senior Software Engineer,1975278.77,2024-05-11,2024-12-31,False
E002326,1,Engineering,Operations Analyst,1204752.98,2024-06-01,2024-12-31,False
E002327,4,Sales,Software Engineer,515553.41,2015-06-12,2024-12-31,False
E002328,3,Human Resources,Business Analyst,1396215.49,2024-01-27,2024-12-31,False
E002329,3,Human Resources,Data Scientist,1784159.93,2022-05-07,2024-12-31,False
E002330,2,Finance,Operations Analyst,983696.53,2024-03-01,2024-12-31,False
E002331,6,Operations,Project Manager,739260.71,2015-08-22,2024-12-31,False
E002332,4,Sales,Financial Analyst,1890025.21,2023-06-08,2024-12-31,False
E002333,4,Sales,HR Specialist,2098450.3,2021-08-30,2024-12-31,False
E002334,5,Marketing,Marketing Specialist,600280.33,2023-07-25,2024-12-31,False
E002335,4,Sales,HR Specialist,1447263.32,2022-04-18,2024-12-31,False
E002336,1,Engineering,Financial Analyst,734648.36,2008-12-13,2024-12-31,False
E002337,1,Engineering,Marketing Specialist,719049.04,2013-05-30,2024-12-31,False
E002338,4,Sales,Data Scientist,1115358.12,2008-02-01,2024-12-31,False
E002339,2,Finance,Project Manager,1119195.88,2022-11-30,2024-12-31,False
E002340,6,Operations,Data Analyst,293218.0,2024-02-28,2024-12-31,False
E002341,5,Marketing,Senior Software Engineer,736158.96,2023-07-18,2024-12-31,False
E002342,3,Human Resources,Senior Software Engineer,1543972.75,2020-09-03,2024-12-31,False
E002343,4,Sales,Operations Analyst,1324096.09,2024-05-03,2024-12-31,False
E002344,4,Sales,Marketing Specialist,1001805.4,2008-01-31,2024-12-31,False
E002345,3,Human Resources,Marketing Specialist,637150.57,2013-11-24,2024-12-31,False
E002346,2,Finance,Sales Executive,1596219.38,2006-08-06,2024-12-31,False
E002347,1,Engineering,Marketing Specialist,529262.42,2023-07-12,2024-12-31,False
E002348,2,Finance,Business Analyst,1831238.36,2008-12-06,2024-12-31,False
E002349,4,Sales,Marketing Specialist,675730.5,2018-09-30,2024-12-31,False
E002350,6,Operations,Project Manager,1838309.69,2021-10-28,2024-12-31,False
E002351,1,Engineering,HR Specialist,723285.58,2023-03-22,2024-12-31,False
E002352,1,Engineering,Senior Software Engineer,1947771.54,2013-09-03,2024-12-31,False
E002353,4,Sales,Software Engineer,797661.72,2023-12-20,2024-12-31,False
E002354,2,Finance,Operations Analyst,1543307.72,2019-02-20,2024-12-31,False
E002355,1,Engineering,Software Engineer,1223698.69,2023-12-30,2024-12-31,False
E002356,6,Operations,Sales Executive,1522400.26,2016-05-28,2024-12-31,False
E002357,3,Human Resources,HR Specialist,2034754.39,2015-07-17,2024-12-31,False
E002358,2,Finance,Financial Analyst,1525053.71,2019-02-02,2024-12-31,False
E002359,1,Engineering,Data Analyst,728367.69,2012-09-28,2024-12-31,False
E002360,6,Operations,Sales Executive,940703.63,2024-06-01,2024-12-31,False
E002361,4,Sales,Software Engineer,1547397.52,2022-02-14,2024-12-31,False
E002362,3,Human Resources,Financial Analyst,553467.33,2016-10-12,2024-12-31,False
E002363,2,Finance,Product Manager,423786.71,2023-12-24,2024-12-31,False
E002364,6,Operations,Data Scientist,997233.73,2022-02-27,2024-12-31,False
E002365,5,Marketing,HR Specialist,1875971.43,2023-10-10,2024-12-31,False
E002366,4,Sales,Project Manager,1313569.43,2007-12-10,2024-12-31,False
E002367,5,Marketing,Senior Software Engineer,334242.53,2018-05-14,2024-12-31,False
E002368,5,Marketing,Senior Software Engineer,2250341.95,2019-01-23,2024-12-31,False
E002369,5,Marketing,HR Specialist,1757368.92,2023-10-15,2024-12-31,False
E002370,5,Marketing,Financial Analyst,2114502.1,2023-07-03,2024-12-31,False
E002371,6,Operations,Financial Analyst,1168647.25,2023-01-22,2024-12-31,False
E002372,2,Finance,Sales Executive,1298694.06,2021-08-22,2024-12-31,False
E002373,3,Human Resources,Business Analyst,491158.39,2023-07-06,2024-12-31,False
E002374,2,Finance,HR Specialist,1378901.98,2019-10-16,2024-12-31,False
E002375,2,Finance,Project Manager,301052.61,2019-12-25,2024-12-31,False
E002376,6,Operations,Sales Executive,495901.34,2016-10-12,2024-12-31,False
E002377,1,Engineering,Data Scientist,2000149.9,2002-07-29,2024-12-31,False
E002378,1,Engineering,Financial Analyst,886859.19,2022-09-07,2024-12-31,False
E002379,5,Marketing,Software Engineer,2179711.5,2015-07-24,2024-12-31,False
E002380,4,Sales,Marketing Specialist,1606757.96,2017-09-11,2024-12-31,False
E002381,2,Finance,Data Scientist,1117131.19,2022-12-24,2024-12-31,False
E002382,5,Marketing,HR Specialist,1644963.75,2013-05-24,2024-12-31,False
E002383,3,Human Resources,Senior Software Engineer,1973229.85,2020-10-14,2024-12-31,False
E002384,5,Marketing,Business Analyst,810400.18,2003-04-23,2024-12-31,False
E002385,1,Engineering,Senior Software Engineer,1342989.56,2024-06-01,2024-12-31,False
E002386,4,Sales,Sales Executive,2120131.17,2019-08-17,2024-12-31,False
E002387,3,Human Resources,Project Manager,954188.61,2023-02-21,2024-12-31,False
E002388,5,Marketing,Data Scientist,707944.67,2022-07-26,2024-12-31,False
E002389,1,Engineering,Sales Executive,391867.78,2023-10-13,2024-12-31,False
E002390,6,Operations,Software Engineer,1346328.92,2020-04-10,2024-12-31,False
E002391,2,Finance,Financial Analyst,1919365.53,2024-04-08,2024-12-31,False
E002392,3,Human Resources,Operations Analyst,1137155.06,2023-08-06,2024-12-31,False
E002393,3,Human Resources,Data Scientist,842070.19,2020-08-06,2024-12-31,False
E002394,2,Finance,Project Manager,1162367.75,2022-11-26,2024-12-31,False
E002395,1,Engineering,Financial Analyst,600489.49,2009-11-17,2024-12-31,False
E002396,1,Engineering,Product Manager,2109471.28,2024-06-01,2024-12-31,False
E002397,4,Sales,Data Analyst,582569.59,2018-03-26,2024-12-31,False
E002398,5,Marketing,Financial Analyst,535294.78,2023-07-15,2024-12-31,False
E002399,1,Engineering,Marketing Specialist,1445102.66,2021-10-28,2024-12-31,False
E002400,1,Engineering,Product Manager,2060607.03,2020-10-22,2024-12-31,False
E002401,2,Finance,Business Analyst,2014200.6,2018-12-04,2024-12-31,False
E002402,1,Engineering,Financial Analyst,1557011.07,2024-01-13,2024-12-31,False
E002403,4,Sales,Project Manager,715609.21,2021-12-30,2024-12-31,False
E002404,5,Marketing,Data Scientist,1511145.02,2022-05-12,2024-12-31,False
E002405,4,Sales,Marketing Specialist,1409243.04,2016-12-22,2024-12-31,False
E002406,3,Human Resources,HR Specialist,1767437.71,2013-03-03,2024-12-31,False
E002407,4,Sales,Data Analyst,1264948.54,2024-06-01,2024-12-31,False
E002408,2,Finance,Marketing Specialist,1640618.8,2023-08-28,2024-12-31,False
E002409,5,Marketing,Sales Executive,803899.96,2020-02-06,2024-12-31,False
E002410,5,Marketing,Operations Analyst,774253.92,2022-10-22,2024-12-31,False
E002411,3,Human Resources,Project Manager,312333.57,2021-01-04,2024-12-31,False
E002412,3,Human Resources,Software Engineer,2110968.63,2024-06-01,2024-12-31,False
E002413,4,Sales,Financial Analyst,775679.07,2024-06-01,2024-12-31,False
E002414,2,Finance,Project Manager,1153945.01,2022-04-07,2024-12-31,False
E002415,6,Operations,Product Manager,973838.83,2012-05-07,2024-12-31,False
E002416,1,Engineering,Business Analyst,1723731.97,2016-05-05,2024-12-31,False
E002417,6,Operations,Business Analyst,1611057.89,2022-01-12,2024-12-31,False
E002418,3,Human Resources,Product Manager,1114047.26,2020-07-03,2024-12-31,False
E002419,5,Marketing,Financial Analyst,1844900.85,2020-12-29,2024-12-31,False
E002420,4,Sales,Senior Software Engineer,1631007.76,2022-04-02,2024-12-31,False
E002421,3,Human Resources,HR Specialist,1624466.21,2022-08-21,2024-12-31,False
E002422,5,Marketing,Product Manager,1136385.42,2024-06-01,2024-12-31,False
E002423,1,Engineering,Operations Analyst,1129495.56,2024-05-28,2024-12-31,False
E002424,3,Human Resources,Operations Analyst,2099989.98,2014-01-21,2024-12-31,False
E002425,5,Marketing,Project Manager,1586602.97,2023-06-23,2024-12-31,False
E002426,1,Engineering,Data Analyst,1176038.72,2010-07-13,2024-12-31,False
E002427,2,Finance,Senior Software Engineer,1975762.8,2024-06-01,2024-12-31,False
E002428,2,Finance,Senior Software Engineer,1925308.71,2019-12-27,2024-12-31,False
E002429,3,Human Resources,Product Manager,936006.85,2020-09-11,2024-12-31,False
E002430,5,Marketing,HR Specialist,960094.62,2011-04-29,2024-12-31,False
E002431,3,Human Resources,Senior Software Engineer,1246817.29,2023-07-31,2024-12-31,False
E002432,5,Marketing,Marketing Specialist,1810609.49,2017-12-05,2024-12-31,False
E002433,3,Human Resources,Software Engineer,1350706.92,2024-02-15,2024-12-31,False
E002434,2,Finance,Senior Software Engineer,1862878.8,2020-07-29,2024-12-31,False
E002435,6,Operations,Business Analyst,2077557.57,2022-06-08,2024-12-31,False
E002436,1,Engineering,Senior Software Engineer,1431064.02,2013-06-07,2024-12-31,False
E002437,3,Human Resources,Financial Analyst,1736750.84,2022-05-19,2024-12-31,False
E002438,2,Finance,Project Manager,580364.14,2023-10-30,2024-12-31,False
E002439,1,Engineering,Data Analyst,994963.73,2022-01-18,2024-12-31,False
E002440,1,Engineering,Business Analyst,774494.51,2023-09-25,2024-12-31,False
E002441,4,Sales,Marketing Specialist,2012883.19,2009-07-04,2024-12-31,False
E002442,3,Human Resources,Marketing Specialist,430004.2,2012-03-26,2024-12-31,False
E002443,2,Finance,Operations Analyst,551077.77,2010-03-25,2024-12-31,False
E002444,5,Marketing,Data Analyst,1858532.88,2015-12-23,2024-12-31,False
E002445,3,Human Resources,Financial Analyst,754050.32,2023-06-06,2024-12-31,False
E002446,5,Marketing,Data Scientist,846715.1,2024-06-01,2024-12-31,False
E002447,5,Marketing,Financial Analyst,1363815.6,2022-09-03,2024-12-31,False
E002448,1,Engineering,Sales Executive,1607213.23,2016-07-30,2024-12-31,False
E002449,4,Sales,Business Analyst,1104837.82,2024-06-01,2024-12-31,False
E002450,1,Engineering,Senior Software Engineer,1492405.22,2016-01-29,2024-12-31,False
E002451,6,Operations,Product Manager,2221325.02,2016-11-03,2024-12-31,False
E002452,4,Sales,Software Engineer,1829382.98,2024-06-01,2024-12-31,False
E002453,1,Engineering,Marketing Specialist,2003548.34,2016-12-27,2024-12-31,False
E002454,5,Marketing,Business Analyst,877699.88,2022-05-12,2024-12-31,False
E002455,1,Engineering,Data Analyst,971619.23,2007-09-22,2024-12-31,False
E002456,3,Human Resources,Product Manager,2141394.59,2009-09-02,2024-12-31,False
E002457,3,Human Resources,Senior Software Engineer,1312533.63,2022-10-03,2024-12-31,False
E002458,2,Finance,Sales Executive,1272180.95,2024-06-01,2024-12-31,False
E002459,4,Sales,Project Manager,1916581.16,2024-06-01,2024-12-31,False
E002460,4,Sales,Operations Analyst,383749.53,2015-10-22,2024-12-31,False
E002461,1,Engineering,Data Scientist,401944.42,2012-04-01,2024-12-31,False
E002462,6,Operations,Data Scientist,352433.2,2021-08-01,2024-12-31,False
E002463,4,Sales,Project Manager,1110490.97,2024-06-01,2024-12-31,False
E002464,1,Engineering,Business Analyst,601126.76,2024-03-08,2024-12-31,False
E002465,2,Finance,Operations Analyst,1128288.19,2013-11-29,2024-12-31,False
E002466,4,Sales,Financial Analyst,2001462.65,2022-07-03,2024-12-31,False
E002467,3,Human Resources,Senior Software Engineer,1310578.22,2012-04-15,2024-12-31,False
E002468,5,Marketing,HR Specialist,2066496.2,2024-06-01,2024-12-31,False
E002469,5,Marketing,Product Manager,446894.1,2023-03-21,2024-12-31,False
E002470,1,Engineering,Operations Analyst,1302747.39,2023-01-21,2024-12-31,False
E002471,4,Sales,Software Engineer,1417161.69,2024-06-01,2024-12-31,False
E002472,6,Operations,Senior Software Engineer,1101604.73,2015-02-10,2024-12-31,False
E002473,6,Operations,Business Analyst,2290850.13,2023-10-20,2024-12-31,False
E002474,2,Finance,Product Manager,1244788.82,2022-07-24,2024-12-31,False
E002475,4,Sales,Project Manager,2350563.0,2019-03-09,2024-12-31,False
E002476,4,Sales,Senior Software Engineer,1642422.28,2022-02-05,2024-12-31,False
E002477,4,Sales,Marketing Specialist,1217365.06,2022-09-19,2024-12-31,False
E002478,3,Human Resources,Project Manager,994432.37,2017-11-18,2024-12-31,False
E002479,3,Human Resources,Product Manager,1766284.09,2002-06-24,2024-12-31,False
E002480,3,Human Resources,Operations Analyst,443982.38,2024-05-13,2024-12-31,False
E002481,3,Human Resources,Marketing Specialist,1252637.76,2024-01-21,2024-12-31,False
E002482,5,Marketing,Financial Analyst,1532281.98,2023-07-09,2024-12-31,False
E002483,3,Human Resources,Operations Analyst,2014176.2,2022-10-07,2024-12-31,False
E002484,1,Engineering,HR Specialist,1515637.96,2021-07-17,2024-12-31,False
E002485,6,Operations,Product Manager,545272.19,2023-09-17,2024-12-31,False
E002486,3,Human Resources,Business Analyst,1114308.3,2023-08-08,2024-12-31,False
E002487,3,Human Resources,Sales Executive,1446776.44,2024-06-01,2024-12-31,False
E002488,1,Engineering,Data Analyst,623129.82,2022-03-09,2024-12-31,False
E002489,5,Marketing,HR Specialist,1403445.55,2021-08-21,2024-12-31,False
E002490,3,Human Resources,Business Analyst,2145270.9,2023-09-11,2024-12-31,False
E002491,5,Marketing,Marketing Specialist,1093758.65,2024-06-01,2024-12-31,False
E002492,2,Finance,HR Specialist,343824.58,2012-11-29,2024-12-31,False
E002493,6,Operations,Data Analyst,1933137.18,2012-08-26,2024-12-31,False
E002494,3,Human Resources,Product Manager,315876.06,2024-06-01,2024-12-31,False
E002495,3,Human Resources,Product Manager,1917362.04,2023-12-19,2024-12-31,False
E002496,5,Marketing,Marketing Specialist,322109.14,2017-02-17,2024-12-31,False
E002497,6,Operations,Financial Analyst,865685.15,2024-02-03,2024-12-31,False
E002498,4,Sales,Software Engineer,895945.15,2020-03-17,2024-12-31,False
E002499,3,Human Resources,HR Specialist,1166707.93,2002-07-06,2024-12-31,False
E002500,2,Finance,Sales Executive,1332099.25,2022-01-27,2024-12-31,False
E002501,3,Human Resources,Data Analyst,1956678.34,2023-11-23,2024-12-31,False
E002502,2,Finance,HR Specialist,1114664.07,2014-07-22,2024-12-31,False
E002503,2,Finance,Financial Analyst,947821.1,2022-07-29,2024-12-31,False
E002504,2,Finance,HR Specialist,1860987.17,2017-03-17,2024-12-31,False
E002505,2,Finance,Senior Software Engineer,1173857.46,2009-08-08,2024-12-31,False
E002506,6,Operations,Operations Analyst,258493.92,2022-05-06,2024-12-31,False
E002507,2,Finance,Project Manager,1754899.99,2023-12-21,2024-12-31,False
E002508,4,Sales,Operations Analyst,2287382.99,2018-11-30,2024-12-31,False
E002509,5,Marketing,Operations Analyst,2124483.82,2024-03-30,2024-12-31,False
E002510,4,Sales,Software Engineer,1017944.84,2023-09-18,2024-12-31,False
E002511,3,Human Resources,HR Specialist,1067796.73,2017-10-28,2024-12-31,False
E002512,2,Finance,Product Manager,769637.11,2011-03-06,2024-12-31,False
E002513,2,Finance,Senior Software Engineer,325283.76,2024-03-03,2024-12-31,False
E002514,4,Sales,Data Analyst,1950850.28,2020-02-08,2024-12-31,False
E002515,5,Marketing,Product Manager,2205225.72,2017-10-10,2024-12-31,False
E002516,6,Operations,Sales Executive,782903.4,2020-03-28,2024-12-31,False
E002517,5,Marketing,HR Specialist,827687.23,2024-06-01,2024-12-31,False
E002518,5,Marketing,Product Manager,725609.56,2024-02-10,2024-12-31,False
E002519,6,Operations,Project Manager,416391.58,2022-03-16,2024-12-31,False
E002520,1,Engineering,Data Analyst,2073128.18,2012-12-23,2024-12-31,False
E002521,5,Marketing,Sales Executive,1808437.07,2021-09-13,2024-12-31,False
E002522,2,Finance,Data Scientist,1159902.69,2014-06-13,2024-12-31,False
E002523,5,Marketing,Financial Analyst,287105.69,2019-12-29,2024-12-31,False
E002524,1,Engineering,Data Analyst,1326329.76,2023-09-25,2024-12-31,False
E002525,4,Sales,Operations Analyst,1969675.13,2021-07-13,2024-12-31,False
E002526,2,Finance,Business Analyst,841149.73,2012-07-09,2024-12-31,False
E002527,4,Sales,Data Analyst,1755608.54,2023-04-19,2024-12-31,False
E002528,2,Finance,Senior Software Engineer,364130.02,2017-01-31,2024-12-31,False
E002529,5,Marketing,Software Engineer,1933006.57,2024-06-01,2024-12-31,False
E002530,2,Finance,Software Engineer,1349451.25,2024-06-01,2024-12-31,False
E002531,5,Marketing,Financial Analyst,1371038.69,2023-06-06,2024-12-31,False
E002532,1,Engineering,Operations Analyst,1667553.98,2007-04-04,2024-12-31,False
E002533,2,Finance,Financial Analyst,731943.97,2021-11-06,2024-12-31,False
E002534,5,Marketing,Marketing Specialist,2070935.11,2022-05-13,2024-12-31,False
E002535,2,Finance,Project Manager,1875955.79,2024-06-01,2024-12-31,False
E002536,6,Operations,Financial Analyst,1474801.15,2016-06-15,2024-12-31,False
E002537,2,Finance,Software Engineer,957043.5,2023-07-28,2024-12-31,False
E002538,3,Human Resources,Project Manager,778393.94,2019-04-27,2024-12-31,False
E002539,1,Engineering,Software Engineer,2015241.57,2020-07-03,2024-12-31,False
E002540,4,Sales,Business Analyst,638687.36,2016-05-19,2024-12-31,False
E002541,2,Finance,Product Manager,894462.97,2015-03-28,2024-12-31,False
E002542,1,Engineering,Operations Analyst,1212074.37,2015-12-07,2024-12-31,False
E002543,2,Finance,Product Manager,353935.4,2023-08-04,2024-12-31,False
E002544,3,Human Resources,Business Analyst,324956.0,2014-02-01,2024-12-31,False
E002545,4,Sales,Data Scientist,1597320.04,2023-08-17,2024-12-31,False
E002546,4,Sales,Senior Software Engineer,2075088.59,2021-09-13,2024-12-31,False
E002547,4,Sales,Product Manager,1170445.57,2023-04-06,2024-12-31,False
E002548,1,Engineering,Data Scientist,595816.09,2013-02-21,2024-12-31,False
E002549,1,Engineering,Marketing Specialist,1827510.62,2014-10-05,2024-12-31,False
E002550,3,Human Resources,Project Manager,1134360.33,2015-12-06,2024-12-31,False
E002551,6,Operations,Project Manager,2225022.16,2014-07-19,2024-12-31,False
E002552,6,Operations,Data Analyst,1669791.55,2021-08-22,2024-12-31,False
E002553,4,Sales,Business Analyst,2149121.63,2023-03-12,2024-12-31,False
E002554,5,Marketing,Marketing Specialist,829191.15,2013-06-09,2024-12-31,False
E002555,4,Sales,Project Manager,1660097.12,2024-06-01,2024-12-31,False
E002556,3,Human Resources,Financial Analyst,1389473.76,2024-03-21,2024-12-31,False
E002557,5,Marketing,Product Manager,1348590.36,2024-06-01,2024-12-31,False
E002558,5,Marketing,Sales Executive,1243380.89,2020-09-14,2024-12-31,False
E002559,1,Engineering,Senior Software Engineer,439411.22,2024-06-01,2024-12-31,False
E002560,2,Finance,Operations Analyst,528069.25,2019-04-09,2024-12-31,False
E002561,3,Human Resources,Operations Analyst,2007546.43,2019-09-28,2024-12-31,False
E002562,1,Engineering,Operations Analyst,2180876.49,2022-10-05,2024-12-31,False
E002563,4,Sales,Senior Software Engineer,1786321.02,2016-11-15,2024-12-31,False
E002564,3,Human Resources,Data Analyst,794410.04,2022-03-18,2024-12-31,False
E002565,6,Operations,Project Manager,1493745.52,2022-12-19,2024-12-31,False
E002566,1,Engineering,Operations Analyst,1461629.18,2016-04-07,2024-12-31,False
E002567,6,Operations,Data Analyst,2367007.06,2024-06-01,2024-12-31,False
E002568,5,Marketing,Project Manager,1352308.06,2020-01-01,2024-12-31,False
E002569,6,Operations,Financial Analyst,714737.81,2024-05-26,2024-12-31,False
E002570,5,Marketing,Operations Analyst,1231582.01,2014-12-08,2024-12-31,False
E002571,2,Finance,Product Manager,1545245.46,2011-02-14,2024-12-31,False
E002572,3,Human Resources,Data Scientist,1957298.29,2020-01-05,2024-12-31,False
E002573,5,Marketing,Data Scientist,865687.6,2023-12-18,2024-12-31,False
E002574,4,Sales,Data Scientist,1221107.96,2023-09-07,2024-12-31,False
E002575,6,Operations,Project Manager,2282101.68,2024-06-01,2024-12-31,False
E002576,4,Sales,Financial Analyst,2141186.85,2023-06-01,2024-12-31,False
E002577,6,Operations,Financial Analyst,2226374.39,2021-08-10,2024-12-31,False
E002578,5,Marketing,Data Scientist,1813270.51,2024-06-01,2024-12-31,False
E002579,5,Marketing,Project Manager,338712.82,2012-06-28,2024-12-31,False
E002580,1,Engineering,Data Scientist,2029838.58,2015-12-09,2024-12-31,False
E002581,6,Operations,HR Specialist,1330901.59,2023-09-05,2024-12-31,False
E002582,2,Finance,Project Manager,969225.34,2016-11-02,2024-12-31,False
E002583,5,Marketing,HR Specialist,482614.22,2021-01-10,2024-12-31,False
E002584,3,Human Resources,Software Engineer,1657102.06,2012-11-08,2024-12-31,False
E002585,5,Marketing,Data Analyst,1331592.15,2024-03-07,2024-12-31,False
E002586,2,Finance,Financial Analyst,1986202.4,2023-09-19,2024-12-31,False
E002587,6,Operations,Data Analyst,1312913.16,2024-06-01,2024-12-31,False
E002588,2,Finance,Product Manager,1031560.63,2021-04-07,2024-12-31,False
E002589,1,Engineering,Financial Analyst,1052943.89,2023-01-17,2024-12-31,False
E002590,1,Engineering,Operations Analyst,1778391.77,2023-09-28,2024-12-31,False
E002591,1,Engineering,Business Analyst,1953017.85,2003-10-12,2024-12-31,False
E002592,2,Finance,Operations Analyst,889968.17,2024-06-01,2024-12-31,False
E002593,5,Marketing,Data Analyst,1101349.55,2024-06-01,2024-12-31,False
E002594,1,Engineering,Sales Executive,1464700.34,2024-06-01,2024-12-31,False
E002595,1,Engineering,Data Analyst,841169.77,2020-06-03,2024-12-31,False
E002596,3,Human Resources,Data Analyst,1113208.08,2024-03-28,2024-12-31,False
E002597,5,Marketing,Senior Software Engineer,872645.4,2024-03-31,2024-12-31,False
E002598,2,Finance,Senior Software Engineer,1069179.78,2024-06-01,2024-12-31,False
E002599,6,Operations,Financial Analyst,494101.09,2004-12-08,2024-12-31,False
E002600,3,Human Resources,Financial Analyst,1417530.62,2022-07-06,2024-12-31,False
E002601,5,Marketing,Data Scientist,2088303.19,2016-02-08,2024-12-31,False
E002602,2,Finance,Sales Executive,944454.92,2023-10-16,2024-12-31,False
E002603,3,Human Resources,Operations Analyst,984020.2,2022-10-26,2024-12-31,False
E002604,3,Human Resources,Sales Executive,1192819.91,2023-12-13,2024-12-31,False
E002605,5,Marketing,Senior Software Engineer,885621.04,2024-06-01,2024-12-31,False
E002606,1,Engineering,Software Engineer,2267575.32,2023-07-02,2024-12-31,False
E002607,3,Human Resources,Project Manager,286137.02,2024-06-01,2024-12-31,False
E002608,1,Engineering,Data Analyst,584348.67,2023-09-27,2024-12-31,False
E002609,3,Human Resources,HR Specialist,477452.95,2009-02-18,2024-12-31,False
E002610,3,Human Resources,Marketing Specialist,700880.62,2024-06-01,2024-12-31,False
E002611,5,Marketing,Sales Executive,1431494.84,2021-01-07,2024-12-31,False
E002612,5,Marketing,Sales Executive,1720894.43,2022-03-21,2024-12-31,False
E002613,5,Marketing,Marketing Specialist,1024366.76,2024-06-01,2024-12-31,False
E002614,3,Human Resources,Sales Executive,1492363.43,2018-06-07,2024-12-31,False
E002615,6,Operations,Data Analyst,1074757.88,2019-05-07,2024-12-31,False
E002616,2,Finance,Project Manager,2181556.94,2022-01-25,2024-12-31,False
E002617,1,Engineering,Marketing Specialist,1444016.26,2019-07-29,2024-12-31,False
E002618,2,Finance,Sales Executive,744616.14,2022-08-30,2024-12-31,False
E002619,1,Engineering,Data Scientist,2040769.35,2009-07-24,2024-12-31,False
E002620,3,Human Resources,Business Analyst,338092.26,2002-09-01,2024-12-31,False
E002621,5,Marketing,Data Analyst,865974.36,2006-02-04,2024-12-31,False
E002622,2,Finance,HR Specialist,2156477.61,2023-10-05,2024-12-31,False
E002623,3,Human Resources,Data Analyst,2246966.61,2015-01-23,2024-12-31,False
E002624,4,Sales,Marketing Specialist,459396.47,2019-01-27,2024-12-31,False
E002625,1,Engineering,Data Scientist,1366713.11,2024-06-01,2024-12-31,False
E002626,2,Finance,Product Manager,1279572.75,2024-01-05,2024-12-31,False
E002627,3,Human Resources,Sales Executive,2085458.17,2022-08-10,2024-12-31,False
E002628,2,Finance,Marketing Specialist,819357.1,2022-07-01,2024-12-31,False
E002629,3,Human Resources,Operations Analyst,1319937.9,2016-01-18,2024-12-31,False
E002630,2,Finance,Financial Analyst,914189.58,2022-04-10,2024-12-31,False
E002631,5,Marketing,Data Analyst,545638.89,2022-03-30,2024-12-31,False
E002632,2,Finance,Operations Analyst,274389.61,2022-12-09,2024-12-31,False
E002633,5,Marketing,Data Analyst,1424205.61,2013-04-19,2024-12-31,False
E002634,4,Sales,Data Analyst,1910034.32,2021-10-12,2024-12-31,False
E002635,5,Marketing,Business Analyst,609516.63,2024-06-01,2024-12-31,False
E002636,1,Engineering,Software Engineer,1457361.37,2020-09-08,2024-12-31,False
E002637,3,Human Resources,Senior Software Engineer,1075002.01,2018-06-17,2024-12-31,False
E002638,5,Marketing,Data Scientist,1499584.38,2014-07-20,2024-12-31,False
E002639,5,Marketing,Data Scientist,1328393.13,2012-04-30,2024-12-31,False
E002640,6,Operations,Sales Executive,1564272.86,2019-12-06,2024-12-31,False
E002641,5,Marketing,Operations Analyst,2012478.44,2023-12-18,2024-12-31,False
E002642,1,Engineering,Senior Software Engineer,1436431.62,2022-07-02,2024-12-31,False
E002643,4,Sales,Product Manager,920461.25,2017-09-24,2024-12-31,False
E002644,1,Engineering,Financial Analyst,2014483.66,2010-02-19,2024-12-31,False
E002645,1,Engineering,Product Manager,2276716.44,2023-06-13,2024-12-31,False
E002646,4,Sales,Sales Executive,496344.04,2024-06-01,2024-12-31,False
E002647,1,Engineering,HR Specialist,1208381.35,2023-03-22,2024-12-31,False
E002648,2,Finance,Data Scientist,1909238.04,2006-12-25,2024-12-31,False
E002649,4,Sales,Project Manager,2002897.14,2020-03-04,2024-12-31,False
E002650,2,Finance,Product Manager,674522.89,2020-07-28,2024-12-31,False
E002651,6,Operations,HR Specialist,2196264.71,2020-07-04,2024-12-31,False
E002652,1,Engineering,Operations Analyst,1993320.5,2012-08-20,2024-12-31,False
E002653,1,Engineering,Product Manager,1210123.42,2019-12-03,2024-12-31,False
E002654,3,Human Resources,HR Specialist,1305067.01,2023-03-07,2024-12-31,False
E002655,4,Sales,Data Analyst,1405103.88,2023-02-02,2024-12-31,False
E002656,4,Sales,Sales Executive,1739431.55,2024-05-01,2024-12-31,False
E002657,2,Finance,Data Analyst,1867208.8,2016-12-04,2024-12-31,False
E002658,5,Marketing,Data Analyst,830028.42,2020-09-11,2024-12-31,False
E002659,6,Operations,Product Manager,684006.73,2023-10-08,2024-12-31,False
E002660,4,Sales,Financial Analyst,393649.93,2023-09-14,2024-12-31,False
E002661,3,Human Resources,Data Scientist,344929.72,2019-03-10,2024-12-31,False
E002662,1,Engineering,Operations Analyst,1198102.77,2015-03-29,2024-12-31,False
E002663,1,Engineering,Sales Executive,307033.21,2010-09-07,2024-12-31,False
E002664,1,Engineering,Data Analyst,1825820.44,2023-04-22,2024-12-31,False
E002665,6,Operations,Senior Software Engineer,1447634.76,2024-02-01,2024-12-31,False
E002666,4,Sales,Senior Software Engineer,1819497.2,2024-06-01,2024-12-31,False
E002667,6,Operations,Data Analyst,1652343.99,2024-06-01,2024-12-31,False
E002668,3,Human Resources,Software Engineer,1772024.54,2022-06-30,2024-12-31,False
E002669,6,Operations,HR Specialist,729791.64,2024-01-05,2024-12-31,False
E002670,2,Finance,Project Manager,1831339.65,2024-06-01,2024-12-31,False
E002671,2,Finance,Data Scientist,1633610.26,2019-09-20,2024-12-31,False
E002672,4,Sales,Product Manager,1672927.79,2006-06-03,2024-12-31,False
E002673,2,Finance,Software Engineer,1057180.62,2024-06-01,2024-12-31,False
E002674,6,Operations,Project Manager,602394.58,2022-05-22,2024-12-31,False
E002675,4,Sales,Senior Software Engineer,658812.18,2019-06-13,2024-12-31,False
E002676,1,Engineering,Data Scientist,754435.21,2021-12-24,2024-12-31,False
E002677,1,Engineering,Business Analyst,614852.82,2015-01-09,2024-12-31,False
E002678,3,Human Resources,Project Manager,576347.97,2023-10-28,2024-12-31,False
E002679,4,Sales,Operations Analyst,1158472.87,2024-06-01,2024-12-31,False
E002680,2,Finance,Project Manager,1195797.82,2023-09-02,2024-12-31,False
E002681,4,Sales,Software Engineer,1603771.64,2020-11-06,2024-12-31,False
E002682,6,Operations,Data Scientist,658863.23,2024-06-01,2024-12-31,False
E002683,1,Engineering,Data Scientist,1728659.71,2024-06-01,2024-12-31,False
E002684,3,Human Resources,Data Scientist,1192875.95,2011-01-14,2024-12-31,False
E002685,3,Human Resources,Software Engineer,1547506.38,2009-03-31,2024-12-31,False
E002686,4,Sales,HR Specialist,1596616.31,2023-11-12,2024-12-31,False
E002687,4,Sales,Marketing Specialist,476282.82,2018-03-20,2024-12-31,False
E002688,2,Finance,Business Analyst,975436.75,2017-02-26,2024-12-31,False
E002689,6,Operations,Software Engineer,1633687.66,2007-10-13,2024-12-31,False
E002690,6,Operations,Project Manager,259158.86,2023-09-11,2024-12-31,False
E002691,1,Engineering,Data Analyst,1529935.08,2012-03-22,2024-12-31,False
E002692,4,Sales,Marketing Specialist,1146174.15,2024-05-23,2024-12-31,False
E002693,4,Sales,Senior Software Engineer,2052084.56,2023-01-05,2024-12-31,False
E002694,5,Marketing,Business Analyst,799032.43,2023-08-09,2024-12-31,False
E002695,1,Engineering,Sales Executive,1923807.43,2023-06-28,2024-12-31,False
E002696,4,Sales,Data Scientist,503618.08,2024-06-01,2024-12-31,False
E002697,2,Finance,Data Scientist,1502899.49,2023-08-21,2024-12-31,False
E002698,5,Marketing,Data Analyst,271143.94,2022-12-13,2024-12-31,False
E002699,4,Sales,Data Scientist,1313036.29,2023-05-12,2024-12-31,False
E002700,1,Engineering,Product Manager,586853.4,2021-12-25,2024-12-31,False
E002701,3,Human Resources,Software Engineer,1094334.04,2020-09-21,2024-12-31,False
E002702,4,Sales,Product Manager,2183469.19,2015-06-10,2024-12-31,False
E002703,5,Marketing,Data Scientist,2131378.55,2020-08-08,2024-12-31,False
E002704,1,Engineering,Operations Analyst,514913.69,2020-02-09,2024-12-31,False
E002705,6,Operations,Financial Analyst,862755.89,2020-06-19,2024-12-31,False
E002706,2,Finance,Business Analyst,1081486.92,2006-11-25,2024-12-31,False
E002707,6,Operations,Project Manager,1592676.31,2022-04-30,2024-12-31,False
E002708,1,Engineering,Sales Executive,1413432.82,2024-06-01,2024-12-31,False
E002709,3,Human Resources,Sales Executive,1865943.56,2007-04-15,2024-12-31,False
E002710,2,Finance,HR Specialist,693032.67,2024-04-02,2024-12-31,False
E002711,2,Finance,Data Scientist,1772275.27,2024-06-01,2024-12-31,False
E002712,5,Marketing,Senior Software Engineer,1290506.93,2021-11-13,2024-12-31,False
E002713,4,Sales,Sales Executive,1359085.65,2013-03-26,2024-12-31,False
E002714,2,Finance,Project Manager,1068429.35,2024-06-01,2024-12-31,False
E002715,2,Finance,Sales Executive,1003277.07,2011-08-08,2024-12-31,False
E002716,2,Finance,Business Analyst,1833924.58,2023-07-26,2024-12-31,False
E002717,6,Operations,Operations Analyst,2000092.53,2007-02-23,2024-12-31,False
E002718,2,Finance,Senior Software Engineer,2087502.73,2023-12-21,2024-12-31,False
E002719,3,Human Resources,Data Scientist,1487608.13,2016-08-13,2024-12-31,False
E002720,4,Sales,Data Scientist,1674951.3,2017-12-05,2024-12-31,False
E002721,6,Operations,Product Manager,1177265.38,2019-07-04,2024-12-31,False
E002722,5,Marketing,Sales Executive,1527719.74,2023-10-14,2024-12-31,False
E002723,4,Sales,Marketing Specialist,450173.5,2022-09-26,2024-12-31,False
E002724,2,Finance,Financial Analyst,1611677.94,2021-06-29,2024-12-31,False
E002725,4,Sales,Financial Analyst,254995.28,2012-09-11,2024-12-31,False
E002726,2,Finance,Business Analyst,2168003.27,2016-04-24,2024-12-31,False
E002727,1,Engineering,Data Scientist,618695.06,2021-01-03,2024-12-31,False
E002728,4,Sales,Business Analyst,605054.58,2021-03-16,2024-12-31,False
E002729,3,Human Resources,Business Analyst,584845.98,2020-03-13,2024-12-31,False
E002730,2,Finance,Project Manager,647947.8,2022-05-04,2024-12-31,False
E002731,1,Engineering,Senior Software Engineer,846768.81,2023-04-01,2024-12-31,False
E002732,1,Engineering,HR Specialist,1926185.66,2023-04-04,2024-12-31,False
E002733,5,Marketing,Financial Analyst,981516.61,2024-05-11,2024-12-31,False
E002734,3,Human Resources,Project Manager,607310.39,2021-08-31,2024-12-31,False
E002735,3,Human Resources,Data Analyst,1702704.58,2021-06-08,2024-12-31,False
E002736,3,Human Resources,Senior Software Engineer,2148357.1,2022-05-25,2024-12-31,False
E002737,5,Marketing,Data Scientist,1945633.24,2022-02-27,2024-12-31,False
E002738,2,Finance,Financial Analyst,1312553.37,2019-10-30,2024-12-31,False
E002739,3,Human Resources,Product Manager,660229.32,2023-10-16,2024-12-31,False
E002740,1,Engineering,Operations Analyst,452386.44,2020-07-24,2024-12-31,False
E002741,3,Human Resources,HR Specialist,1516720.87,2022-08-07,2024-12-31,False
E002742,4,Sales,HR Specialist,401973.04,2017-07-30,2024-12-31,False
E002743,5,Marketing,HR Specialist,886635.58,2018-09-05,2024-12-31,False
E002744,4,Sales,Software Engineer,2150902.41,2020-12-16,2024-12-31,False
E002745,3,Human Resources,Business Analyst,1249213.07,2024-06-01,2024-12-31,False
E002746,2,Finance,Product Manager,705015.82,2024-06-01,2024-12-31,False
E002747,3,Human Resources,Sales Executive,2030860.15,2023-06-15,2024-12-31,False
E002748,4,Sales,Product Manager,1304679.08,2024-06-01,2024-12-31,False
E002749,1,Engineering,Senior Software Engineer,624289.25,2015-07-07,2024-12-31,False
E002750,6,Operations,Project Manager,1010692.19,2024-06-01,2024-12-31,False
E002751,5,Marketing,Project Manager,1688942.48,2024-04-01,2024-12-31,False
E002752,1,Engineering,Financial Analyst,1930577.98,2007-06-11,2024-12-31,False
E002753,6,Operations,Senior Software Engineer,1674927.68,2020-05-05,2024-12-31,False
E002754,5,Marketing,Business Analyst,484749.41,2018-10-15,2024-12-31,False
E002755,4,Sales,Marketing Specialist,531352.7,2024-06-01,2024-12-31,False
E002756,5,Marketing,Software Engineer,1362573.46,2022-10-27,2024-12-31,False
E002757,3,Human Resources,HR Specialist,2077105.62,2024-06-01,2024-12-31,False
E002758,2,Finance,Senior Software Engineer,1887310.9,2017-05-11,2024-12-31,False
E002759,3,Human Resources,Business Analyst,482834.47,2024-04-04,2024-12-31,False
E002760,3,Human Resources,HR Specialist,2113405.35,2017-08-23,2024-12-31,False
E002761,1,Engineering,Data Scientist,2031008.83,2024-01-05,2024-12-31,False
E002762,1,Engineering,Financial Analyst,717833.32,2023-05-23,2024-12-31,False
E002763,1,Engineering,Sales Executive,2171405.88,2024-01-24,2024-12-31,False
E002764,3,Human Resources,Project Manager,953756.1,2002-03-03,2024-12-31,False
E002765,3,Human Resources,Product Manager,387419.01,2013-02-18,2024-12-31,False
E002766,2,Finance,Operations Analyst,1142827.95,2009-08-03,2024-12-31,False
E002767,4,Sales,HR Specialist,939529.67,2019-05-18,2024-12-31,False
E002768,4,Sales,Product Manager,1000509.16,2010-03-06,2024-12-31,False
E002769,6,Operations,Senior Software Engineer,748717.84,2023-03-19,2024-12-31,False
E002770,2,Finance,Marketing Specialist,1477240.25,2017-02-02,2024-12-31,False
E002771,2,Finance,Sales Executive,1337804.41,2023-05-27,2024-12-31,False
E002772,4,Sales,Business Analyst,2217850.87,2021-10-04,2024-12-31,False
E002773,6,Operations,Data Analyst,1913695.06,2021-08-26,2024-12-31,False
E002774,3,Human Resources,Product Manager,1511365.03,2023-09-11,2024-12-31,False
E002775,1,Engineering,Marketing Specialist,1512752.07,2023-04-25,2024-12-31,False
E002776,3,Human Resources,Product Manager,1215722.32,2020-10-13,2024-12-31,False
E002777,3,Human Resources,Financial Analyst,1700491.39,2024-05-13,2024-12-31,False
E002778,4,Sales,Product Manager,516872.15,2014-02-15,2024-12-31,False
E002779,2,Finance,Data Analyst,1323784.59,2024-06-01,2024-12-31,False
E002780,5,Marketing,Senior Software Engineer,889083.83,2018-06-04,2024-12-31,False
E002781,2,Finance,Project Manager,1430473.68,2018-09-02,2024-12-31,False
E002782,6,Operations,Data Analyst,486340.55,2024-02-11,2024-12-31,False
E002783,6,Operations,Software Engineer,932551.64,2023-08-10,2024-12-31,False
E002784,5,Marketing,Data Scientist,1396596.3,2020-11-04,2024-12-31,False
E002785,2,Finance,Operations Analyst,1515719.59,2011-05-09,2024-12-31,False
E002786,1,Engineering,Data Scientist,1490840.4,2024-06-01,2024-12-31,False
E002787,4,Sales,HR Specialist,2254452.5,2021-10-02,2024-12-31,False
E002788,6,Operations,Operations Analyst,601644.69,2022-01-04,2024-12-31,False
E002789,5,Marketing,Product Manager,1306927.49,2020-06-21,2024-12-31,False
E002790,1,Engineering,Data Analyst,936861.27,2022-12-08,2024-12-31,False
E002791,5,Marketing,Senior Software Engineer,2018592.01,2023-03-02,2024-12-31,False
E002792,3,Human Resources,Project Manager,1496709.68,2018-12-14,2024-12-31,False
E002793,5,Marketing,Software Engineer,1567090.37,2023-04-29,2024-12-31,False
E002794,2,Finance,Marketing Specialist,2310836.15,2019-09-27,2024-12-31,False
E002795,1,Engineering,Project Manager,701045.0,2018-06-26,2024-12-31,False
E002796,1,Engineering,Software Engineer,1652630.84,2022-07-29,2024-12-31,False
E002797,6,Operations,Software Engineer,887540.35,2013-10-23,2024-12-31,False
E002798,5,Marketing,Project Manager,757627.24,2023-12-19,2024-12-31,False
E002799,2,Finance,Marketing Specialist,1706265.31,2020-09-11,2024-12-31,False
E002800,4,Sales,Product Manager,1329555.16,2020-05-23,2024-12-31,False
E002801,5,Marketing,Senior Software Engineer,1776923.76,2023-09-07,2024-12-31,False
E002802,4,Sales,Financial Analyst,1053016.19,2024-06-01,2024-12-31,False
E002803,1,Engineering,HR Specialist,1351958.74,2024-06-01,2024-12-31,False
E002804,1,Engineering,Data Analyst,1720246.44,2019-12-10,2024-12-31,False
E002805,5,Marketing,Data Analyst,767803.35,2023-03-27,2024-12-31,False
E002806,1,Engineering,Product Manager,1341353.96,2024-06-01,2024-12-31,False
E002807,4,Sales,Product Manager,928334.18,2018-05-28,2024-12-31,False
E002808,3,Human Resources,Data Scientist,2359246.03,2024-06-01,2024-12-31,False
E002809,5,Marketing,Data Scientist,1261358.48,2017-07-23,2024-12-31,False
E002810,6,Operations,Senior Software Engineer,1977741.12,2021-06-24,2024-12-31,False
E002811,3,Human Resources,Financial Analyst,529078.41,2020-01-21,2024-12-31,False
E002812,5,Marketing,HR Specialist,732453.83,2017-01-12,2024-12-31,False
E002813,5,Marketing,Senior Software Engineer,1927494.65,2024-06-01,2024-12-31,False
E002814,6,Operations,Marketing Specialist,2223349.87,2021-04-11,2024-12-31,False
E002815,1,Engineering,Senior Software Engineer,778849.23,2024-06-01,2024-12-31,False
E002816,4,Sales,Project Manager,2029628.49,2024-03-06,2024-12-31,False
E002817,6,Operations,HR Specialist,674535.03,2020-08-23,2024-12-31,False
E002818,5,Marketing,Software Engineer,1192896.97,2022-10-02,2024-12-31,False
E002819,5,Marketing,Project Manager,2227670.12,2023-08-16,2024-12-31,False
E002820,3,Human Resources,Operations Analyst,298562.2,2021-05-19,2024-12-31,False
E002821,4,Sales,Software Engineer,1920917.4,2023-09-22,2024-12-31,False
E002822,1,Engineering,Marketing Specialist,821161.98,2016-07-23,2024-12-31,False
E002823,6,Operations,Financial Analyst,1165801.19,2023-03-23,2024-12-31,False
E002824,3,Human Resources,Sales Executive,2248744.55,2019-12-13,2024-12-31,False
E002825,2,Finance,HR Specialist,1850553.14,2017-07-09,2024-12-31,False
E002826,5,Marketing,Business Analyst,693317.57,2023-10-06,2024-12-31,False
E002827,6,Operations,Data Analyst,861946.25,2020-03-08,2024-12-31,False
E002828,1,Engineering,Marketing Specialist,1903998.9,2012-12-24,2024-12-31,False
E002829,6,Operations,Business Analyst,2051190.32,2022-07-19,2024-12-31,False
E002830,4,Sales,Financial Analyst,1955957.29,2023-06-24,2024-12-31,False
E002831,3,Human Resources,Data Analyst,767770.76,2023-05-29,2024-12-31,False
E002832,4,Sales,Data Analyst,564561.35,2023-03-09,2024-12-31,False
E002833,5,Marketing,Product Manager,1891960.08,2020-03-12,2024-12-31,False
E002834,6,Operations,Product Manager,1625420.92,2022-01-08,2024-12-31,False
E002835,5,Marketing,HR Specialist,1114254.72,2008-04-12,2024-12-31,False
E002836,2,Finance,Business Analyst,597626.48,2014-04-21,2024-12-31,False
E002837,6,Operations,Operations Analyst,1801993.45,2018-07-22,2024-12-31,False
E002838,5,Marketing,Marketing Specialist,1314061.49,2023-11-19,2024-12-31,False
E002839,1,Engineering,Software Engineer,1560928.05,2024-06-01,2024-12-31,False
E002840,4,Sales,HR Specialist,1835679.68,2016-10-19,2024-12-31,False
E002841,4,Sales,Business Analyst,1976109.1,2024-03-12,2024-12-31,False
E002842,3,Human Resources,Financial Analyst,611050.29,2023-11-04,2024-12-31,False
E002843,2,Finance,Software Engineer,1209663.86,2021-12-21,2024-12-31,False
E002844,2,Finance,Product Manager,422688.59,2023-05-22,2024-12-31,False
E002845,1,Engineering,Operations Analyst,1697489.14,2015-03-23,2024-12-31,False
E002846,6,Operations,HR Specialist,1535787.54,2020-12-19,2024-12-31,False
E002847,5,Marketing,Operations Analyst,1190925.03,2011-08-14,2024-12-31,False
E002848,1,Engineering,Project Manager,1701820.15,2022-03-03,2024-12-31,False
E002849,2,Finance,HR Specialist,1955004.06,2022-02-09,2024-12-31,False
E002850,2,Finance,HR Specialist,1695226.19,2024-06-01,2024-12-31,False
E002851,5,Marketing,Software Engineer,501175.07,2021-09-15,2024-12-31,False
E002852,6,Operations,Software Engineer,700540.99,2019-10-31,2024-12-31,False
E002853,4,Sales,Operations Analyst,1531983.09,2024-06-01,2024-12-31,False
E002854,3,Human Resources,Data Analyst,1451377.99,2020-09-22,2024-12-31,False
E002855,6,Operations,HR Specialist,1448023.52,2021-06-30,2024-12-31,False
E002856,6,Operations,Product Manager,1407527.22,2023-02-05,2024-12-31,False
E002857,5,Marketing,Sales Executive,1047213.5,2023-02-04,2024-12-31,False
E002858,6,Operations,Senior Software Engineer,1458670.86,2019-06-01,2024-12-31,False
E002859,2,Finance,Product Manager,1851459.72,2023-09-20,2024-12-31,False
E002860,4,Sales,HR Specialist,1951122.79,2022-05-13,2024-12-31,False
E002861,1,Engineering,Data Analyst,852876.66,2023-09-18,2024-12-31,False
E002862,4,Sales,Data Analyst,748663.36,2003-09-02,2024-12-31,False
E002863,3,Human Resources,Software Engineer,2096838.4,2013-02-08,2024-12-31,False
E002864,3,Human Resources,Data Analyst,1629754.15,2011-01-30,2024-12-31,False
E002865,2,Finance,Software Engineer,261534.26,2024-06-01,2024-12-31,False
E002866,5,Marketing,Operations Analyst,536211.33,2024-06-01,2024-12-31,False
E002867,6,Operations,Operations Analyst,516476.1,2019-05-27,2024-12-31,False
E002868,1,Engineering,Project Manager,976168.17,2014-08-12,2024-12-31,False
E002869,4,Sales,Financial Analyst,1213343.32,2024-03-18,2024-12-31,False
E002870,1,Engineering,Senior Software Engineer,1433356.16,2022-02-18,2024-12-31,False
E002871,3,Human Resources,Product Manager,842340.95,2024-01-12,2024-12-31,False
E002872,1,Engineering,HR Specialist,703132.6,2018-09-03,2024-12-31,False
E002873,5,Marketing,Project Manager,720596.06,2018-06-10,2024-12-31,False
E002874,2,Finance,Software Engineer,1701189.55,2012-04-27,2024-12-31,False
E002875,1,Engineering,Financial Analyst,2043310.49,2024-02-27,2024-12-31,False
E002876,1,Engineering,Product Manager,1505895.11,2016-04-24,2024-12-31,False
E002877,2,Finance,Data Analyst,1820878.19,2024-02-24,2024-12-31,False
E002878,5,Marketing,Marketing Specialist,239559.75,2024-06-01,2024-12-31,False
E002879,6,Operations,Project Manager,2214960.32,2015-01-30,2024-12-31,False
E002880,2,Finance,Data Analyst,332152.39,2014-04-28,2024-12-31,False
E002881,5,Marketing,Data Scientist,981934.76,2019-08-30,2024-12-31,False
E002882,1,Engineering,Financial Analyst,613699.72,2024-06-01,2024-12-31,False
E002883,3,Human Resources,Sales Executive,464890.43,2013-08-01,2024-12-31,False
E002884,5,Marketing,Marketing Specialist,577445.93,2023-05-19,2024-12-31,False
E002885,1,Engineering,Sales Executive,1220034.26,2020-04-06,2024-12-31,False
E002886,2,Finance,Senior Software Engineer,462114.46,2014-07-30,2024-12-31,False
E002887,6,Operations,Financial Analyst,1767631.26,2016-07-19,2024-12-31,False
E002888,5,Marketing,Marketing Specialist,1902710.79,2023-11-14,2024-12-31,False
E002889,2,Finance,Marketing Specialist,2019084.11,2023-09-14,2024-12-31,False
E002890,6,Operations,Operations Analyst,1208168.45,2022-09-09,2024-12-31,False
E002891,1,Engineering,HR Specialist,738922.72,2003-07-04,2024-12-31,False
E002892,3,Human Resources,Senior Software Engineer,1809133.14,2019-05-19,2024-12-31,False
E002893,3,Human Resources,Financial Analyst,241724.89,2015-10-19,2024-12-31,False
E002894,3,Human Resources,Financial Analyst,1580833.94,2020-06-01,2024-12-31,False
E002895,2,Finance,Financial Analyst,1521079.46,2024-01-16,2024-12-31,False
E002896,1,Engineering,Marketing Specialist,1986947.77,2017-08-27,2024-12-31,False
E002897,3,Human Resources,Software Engineer,1544949.47,2021-10-05,2024-12-31,False
E002898,4,Sales,HR Specialist,1447335.67,2017-12-20,2024-12-31,False
E002899,2,Finance,Data Scientist,1442612.16,2017-04-10,2024-12-31,False
E002900,6,Operations,Sales Executive,1785293.42,2023-08-06,2024-12-31,False
E002901,4,Sales,Project Manager,2058696.52,2022-05-31,2024-12-31,False
E002902,6,Operations,Data Scientist,2203207.87,2021-10-26,2024-12-31,False
E002903,1,Engineering,Software Engineer,2106286.6,2023-08-29,2024-12-31,False
E002904,1,Engineering,Business Analyst,403949.39,2020-06-11,2024-12-31,False
E002905,3,Human Resources,Sales Executive,1991832.3,2023-09-16,2024-12-31,False
E002906,6,Operations,Operations Analyst,405027.32,2010-03-20,2024-12-31,False
E002907,5,Marketing,Marketing Specialist,839736.49,2024-06-01,2024-12-31,False
E002908,5,Marketing,Financial Analyst,1817491.57,2023-10-02,2024-12-31,False
E002909,4,Sales,Project Manager,1180534.55,2023-04-22,2024-12-31,False
E002910,6,Operations,Data Scientist,953241.05,2019-07-23,2024-12-31,False
E002911,1,Engineering,Operations Analyst,1552128.36,2020-10-09,2024-12-31,False
E002912,3,Human Resources,Software Engineer,265633.6,2024-06-01,2024-12-31,False
E002913,4,Sales,Project Manager,2361886.1,2023-08-01,2024-12-31,False
E002914,6,Operations,Business Analyst,1957685.8,2018-05-15,2024-12-31,False
E002915,1,Engineering,HR Specialist,1876769.61,2014-12-25,2024-12-31,False
E002916,2,Finance,Data Analyst,397042.47,2024-06-01,2024-12-31,False
E002917,4,Sales,Operations Analyst,2223949.47,2024-06-01,2024-12-31,False
E002918,6,Operations,Financial Analyst,1759382.85,2023-07-05,2024-12-31,False
E002919,6,Operations,Product Manager,1617738.97,2023-12-15,2024-12-31,False
E002920,4,Sales,Business Analyst,418289.38,2021-03-01,2024-12-31,False
E002921,1,Engineering,Data Scientist,1538258.84,2004-11-19,2024-12-31,False
E002922,2,Finance,Sales Executive,2059968.4,2024-06-01,2024-12-31,False
E002923,4,Sales,Marketing Specialist,351767.77,2021-02-10,2024-12-31,False
E002924,5,Marketing,Marketing Specialist,288598.26,2021-08-28,2024-12-31,False
E002925,5,Marketing,Senior Software Engineer,1612298.86,2017-11-01,2024-12-31,False
E002926,1,Engineering,Business Analyst,584879.67,2021-10-26,2024-12-31,False
E002927,4,Sales,Business Analyst,1496196.8,2012-12-15,2024-12-31,False
E002928,3,Human Resources,Business Analyst,1683178.81,2023-08-31,2024-12-31,False
E002929,2,Finance,Business Analyst,1484829.22,2024-01-17,2024-12-31,False
E002930,6,Operations,Financial Analyst,592945.69,2015-03-11,2024-12-31,False
E002931,2,Finance,Operations Analyst,1707142.49,2018-12-27,2024-12-31,False
E002932,1,Engineering,Senior Software Engineer,1831720.18,2021-07-05,2024-12-31,False
E002933,1,Engineering,Business Analyst,1133719.95,2015-02-16,2024-12-31,False
E002934,3,Human Resources,Data Scientist,878859.25,2022-11-04,2024-12-31,False
E002935,1,Engineering,Operations Analyst,886488.43,2019-12-20,2024-12-31,False
E002936,2,Finance,Project Manager,1927138.81,2022-09-23,2024-12-31,False
E002937,6,Operations,Senior Software Engineer,298244.7,2024-06-01,2024-12-31,False
E002938,3,Human Resources,Project Manager,1894192.23,2021-05-08,2024-12-31,False
E002939,6,Operations,Software Engineer,2003382.1,2022-09-04,2024-12-31,False
E002940,4,Sales,Business Analyst,2202411.78,2023-11-23,2024-12-31,False
E002941,1,Engineering,Project Manager,851620.89,2023-10-18,2024-12-31,False
E002942,2,Finance,Business Analyst,860355.39,2023-03-02,2024-12-31,False
E002943,3,Human Resources,Product Manager,1512659.89,2024-01-28,2024-12-31,False
E002944,5,Marketing,Data Analyst,691490.8,2017-07-11,2024-12-31,False
E002945,2,Finance,Marketing Specialist,1725074.29,2024-06-01,2024-12-31,False
E002946,5,Marketing,Project Manager,1015671.15,2021-12-13,2024-12-31,False
E002947,2,Finance,Business Analyst,459539.44,2024-02-05,2024-12-31,False
E002948,1,Engineering,Financial Analyst,1180599.3,2019-03-30,2024-12-31,False
E002949,6,Operations,Financial Analyst,1461406.36,2024-06-01,2024-12-31,False
E002950,2,Finance,Business Analyst,1092073.87,2018-07-24,2024-12-31,False
E002951,3,Human Resources,Marketing Specialist,1883554.79,2023-10-20,2024-12-31,False
E002952,1,Engineering,Software Engineer,1940443.59,2024-02-26,2024-12-31,False
E002953,3,Human Resources,Data Analyst,359296.11,2020-07-01,2024-12-31,False
E002954,2,Finance,Financial Analyst,1861601.76,2006-04-23,2024-12-31,False
E002955,1,Engineering,Business Analyst,1764498.44,2024-05-05,2024-12-31,False
E002956,3,Human Resources,Data Scientist,2361484.7,2018-09-09,2024-12-31,False
E002957,1,Engineering,Business Analyst,1648871.56,2024-06-01,2024-12-31,False
E002958,3,Human Resources,Business Analyst,1165658.71,2018-02-27,2024-12-31,False
E002959,4,Sales,HR Specialist,858455.81,2008-11-30,2024-12-31,False
E002960,6,Operations,Project Manager,1864066.13,2024-02-09,2024-12-31,False
E002961,6,Operations,Operations Analyst,1680806.09,2017-09-23,2024-12-31,False
E002962,6,Operations,Software Engineer,874130.63,2014-06-03,2024-12-31,False
E002963,6,Operations,Data Scientist,811155.18,2018-12-29,2024-12-31,False
E002964,2,Finance,Project Manager,1536146.98,2023-01-27,2024-12-31,False
E002965,1,Engineering,Data Analyst,1572808.32,2019-09-02,2024-12-31,False
E002966,4,Sales,Project Manager,1411959.93,2019-05-02,2024-12-31,False
E002967,4,Sales,Marketing Specialist,708274.5,2008-02-13,2024-12-31,False
E002968,3,Human Resources,Operations Analyst,990930.73,2021-12-07,2024-12-31,False
E002969,1,Engineering,Product Manager,826739.27,2023-01-30,2024-12-31,False
E002970,5,Marketing,Data Analyst,1333893.78,2021-08-14,2024-12-31,False
E002971,5,Marketing,Financial Analyst,745317.9,2023-01-31,2024-12-31,False
E002972,6,Operations,Project Manager,1063094.6,2012-12-23,2024-12-31,False
E002973,6,Operations,Marketing Specialist,1496890.55,2014-11-16,2024-12-31,False
E002974,1,Engineering,Software Engineer,614316.05,2022-09-27,2024-12-31,False
E002975,6,Operations,Financial Analyst,2022701.55,2024-06-01,2024-12-31,False
E002976,3,Human Resources,HR Specialist,975997.94,2019-07-25,2024-12-31,False
E002977,2,Finance,Financial Analyst,1866183.25,2024-06-01,2024-12-31,False
E002978,6,Operations,Software Engineer,1281932.55,2024-05-31,2024-12-31,False
E002979,5,Marketing,Financial Analyst,2102168.26,2023-10-28,2024-12-31,False
E002980,2,Finance,Operations Analyst,535346.04,2003-10-19,2024-12-31,False
E002981,6,Operations,HR Specialist,1091405.81,2015-08-03,2024-12-31,False
E002982,2,Finance,Data Analyst,1448838.01,2024-06-01,2024-12-31,False
E002983,3,Human Resources,Data Scientist,2391647.11,2002-04-07,2024-12-31,False
E002984,2,Finance,Project Manager,677431.89,2023-03-10,2024-12-31,False
E002985,3,Human Resources,Business Analyst,378760.64,2017-07-04,2024-12-31,False
E002986,1,Engineering,Product Manager,531160.05,2017-12-20,2024-12-31,False
E002987,3,Human Resources,Sales Executive,736941.04,2000-05-16,2024-12-31,False
E002988,1,Engineering,Product Manager,631293.88,2019-10-10,2024-12-31,False
E002989,3,Human Resources,Financial Analyst,1158269.74,2024-03-23,2024-12-31,False
E002990,4,Sales,HR Specialist,1023760.17,2023-07-25,2024-12-31,False
E002991,2,Finance,Product Manager,746243.74,2021-03-08,2024-12-31,False
E002992,5,Marketing,Product Manager,1159053.76,2021-08-02,2024-12-31,False
E002993,6,Operations,Business Analyst,359768.73,2023-09-09,2024-12-31,False
E002994,1,Engineering,Marketing Specialist,1298840.86,2009-12-21,2024-12-31,False
E002995,2,Finance,Financial Analyst,1086046.37,2019-06-28,2024-12-31,False
E002996,3,Human Resources,Project Manager,2126758.78,2009-08-12,2024-12-31,False
E002997,5,Marketing,Project Manager,959217.42,2022-11-23,2024-12-31,False
E002998,4,Sales,Senior Software Engineer,1393956.55,2005-05-19,2024-12-31,False
E002999,2,Finance,HR Specialist,2188486.16,2022-11-01,2024-12-31,False
E003000,3,Human Resources,Sales Executive,306111.72,2020-03-18,2024-12-31,False
E003001,2,Finance,Software Engineer,2055350.38,2017-02-08,2024-12-31,False
E003002,3,Human Resources,Senior Software Engineer,2091885.9,2014-08-06,2024-12-31,False
E003003,1,Engineering,Product Manager,1821502.53,2021-10-26,2024-12-31,False
E003004,1,Engineering,Sales Executive,1932291.92,2016-05-17,2024-12-31,False
E003005,1,Engineering,Financial Analyst,936029.79,2021-10-23,2024-12-31,False
E003006,3,Human Resources,Project Manager,494665.29,2014-05-05,2024-12-31,False
E003007,6,Operations,Business Analyst,688951.95,2018-06-24,2024-12-31,False
E003008,5,Marketing,Marketing Specialist,1805701.33,2024-06-01,2024-12-31,False
E003009,5,Marketing,Marketing Specialist,1321796.47,2023-02-08,2024-12-31,False
E003010,5,Marketing,Financial Analyst,791463.15,2020-08-10,2024-12-31,False
E003011,4,Sales,Product Manager,729220.95,2023-08-19,2024-12-31,False
E003012,5,Marketing,Senior Software Engineer,1903119.47,2023-01-22,2024-12-31,False
E003013,4,Sales,Operations Analyst,754027.71,2023-08-18,2024-12-31,False
E003014,5,Marketing,HR Specialist,1496336.63,2022-06-09,2024-12-31,False
E003015,1,Engineering,HR Specialist,360138.08,2019-11-07,2024-12-31,False
E003016,3,Human Resources,Operations Analyst,1548446.67,2024-06-01,2024-12-31,False
E003017,4,Sales,Senior Software Engineer,1745484.96,2010-04-21,2024-12-31,False
E003018,6,Operations,Software Engineer,1875434.12,2021-10-27,2024-12-31,False
E003019,2,Finance,HR Specialist,1804466.82,2019-10-28,2024-12-31,False
E003020,5,Marketing,Operations Analyst,1728808.7,2014-05-21,2024-12-31,False
E003021,5,Marketing,Financial Analyst,1569388.33,2021-02-04,2024-12-31,False
E003022,4,Sales,Marketing Specialist,1486174.78,2021-08-15,2024-12-31,False
E003023,4,Sales,HR Specialist,1501696.49,2024-03-17,2024-12-31,False
E003024,5,Marketing,Project Manager,1549977.84,2022-11-02,2024-12-31,False
E003025,6,Operations,Financial Analyst,289616.83,2023-10-19,2024-12-31,False
E003026,5,Marketing,Product Manager,1404380.93,2021-09-15,2024-12-31,False
E003027,3,Human Resources,Business Analyst,834716.49,2023-12-26,2024-12-31,False
E003028,6,Operations,Operations Analyst,1593799.69,2009-02-11,2024-12-31,False
E003029,4,Sales,Senior Software Engineer,2352160.67,2022-10-11,2024-12-31,False
E003030,1,Engineering,Data Scientist,778550.73,2009-01-01,2024-12-31,False
E003031,4,Sales,Sales Executive,1121898.93,2020-11-05,2024-12-31,False
E003032,1,Engineering,Sales Executive,406355.67,2024-06-01,2024-12-31,False
E003033,5,Marketing,HR Specialist,1645399.46,2022-02-07,2024-12-31,False
E003034,3,Human Resources,Data Scientist,1482231.56,2019-02-25,2024-12-31,False
E003035,6,Operations,Operations Analyst,663793.64,2024-06-01,2024-12-31,False
E003036,6,Operations,Software Engineer,1779000.13,2023-11-05,2024-12-31,False
E003037,5,Marketing,Financial Analyst,1437493.63,2024-06-01,2024-12-31,False
E003038,1,Engineering,Financial Analyst,1948871.01,2022-11-29,2024-12-31,False
E003039,3,Human Resources,Senior Software Engineer,243215.08,2024-04-18,2024-12-31,False
E003040,2,Finance,Data Analyst,2201273.02,2020-01-24,2024-12-31,False
E003041,1,Engineering,Business Analyst,548283.13,2017-05-11,2024-12-31,False
E003042,2,Finance,Marketing Specialist,1125379.37,2023-04-05,2024-12-31,False
E003043,5,Marketing,Data Scientist,1332800.67,2021-09-26,2024-12-31,False
E003044,2,Finance,Marketing Specialist,2232587.77,2015-02-13,2024-12-31,False
E003045,3,Human Resources,Data Analyst,974712.74,2023-12-02,2024-12-31,False
E003046,1,Engineering,Software Engineer,746764.66,2012-09-22,2024-12-31,False
E003047,4,Sales,Software Engineer,1181515.06,2022-01-24,2024-12-31,False
E003048,5,Marketing,Marketing Specialist,1247037.27,2012-02-25,2024-12-31,False
E003049,4,Sales,Operations Analyst,1335959.96,2020-06-06,2024-12-31,False
E003050,2,Finance,Operations Analyst,1224519.32,2022-10-31,2024-12-31,False
E003051,4,Sales,Data Analyst,1331245.69,2024-04-02,2024-12-31,False
E003052,3,Human Resources,HR Specialist,1606551.38,2022-07-06,2024-12-31,False
E003053,2,Finance,Product Manager,1931466.74,2024-06-01,2024-12-31,False
E003054,4,Sales,Financial Analyst,1466348.5,2020-03-19,2024-12-31,False
E003055,3,Human Resources,Data Scientist,925208.94,2019-07-18,2024-12-31,False
E003056,4,Sales,Software Engineer,1798893.98,2024-04-16,2024-12-31,False
E003057,4,Sales,Business Analyst,1836379.72,2015-09-02,2024-12-31,False
E003058,6,Operations,HR Specialist,1260249.6,2021-11-25,2024-12-31,False
E003059,1,Engineering,Data Scientist,345888.64,2021-12-05,2024-12-31,False
E003060,5,Marketing,Senior Software Engineer,1429002.14,2023-08-24,2024-12-31,False
E003061,5,Marketing,Project Manager,1802470.99,2024-03-23,2024-12-31,False
E003062,4,Sales,Sales Executive,343162.95,2023-08-11,2024-12-31,False
E003063,1,Engineering,Sales Executive,526800.98,2023-08-02,2024-12-31,False
E003064,2,Finance,Software Engineer,1111348.85,2023-07-05,2024-12-31,False
E003065,6,Operations,Data Scientist,2229900.56,2022-05-30,2024-12-31,False
E003066,6,Operations,Sales Executive,1672056.25,2023-11-29,2024-12-31,False
E003067,4,Sales,Software Engineer,1068817.17,2017-11-12,2024-12-31,False
E003068,6,Operations,Data Analyst,1343153.36,2020-10-24,2024-12-31,False
E003069,5,Marketing,HR Specialist,1341108.89,2019-09-07,2024-12-31,False
E003070,2,Finance,Financial Analyst,285036.49,2020-07-25,2024-12-31,False
E003071,3,Human Resources,Data Analyst,1883283.98,2019-10-20,2024-12-31,False
E003072,2,Finance,Data Scientist,1496788.75,2018-05-17,2024-12-31,False
E003073,4,Sales,Senior Software Engineer,1322238.25,2022-01-30,2024-12-31,False
E003074,6,Operations,Sales Executive,888213.2,2018-02-21,2024-12-31,False
E003075,2,Finance,Operations Analyst,1897546.45,2015-08-18,2024-12-31,False
E003076,2,Finance,Financial Analyst,619253.96,2023-10-02,2024-12-31,False
E003077,1,Engineering,Marketing Specialist,1990243.53,2018-01-21,2024-12-31,False
E003078,4,Sales,Software Engineer,439431.94,2019-03-29,2024-12-31,False
E003079,2,Finance,Data Analyst,1583140.83,2023-10-01,2024-12-31,False
E003080,5,Marketing,Software Engineer,2001108.02,2020-05-07,2024-12-31,False
E003081,1,Engineering,HR Specialist,1976953.64,2024-06-01,2024-12-31,False
E003082,5,Marketing,Marketing Specialist,1138965.94,2017-10-30,2024-12-31,False
E003083,5,Marketing,Marketing Specialist,613034.13,2024-06-01,2024-12-31,False
E003084,2,Finance,Project Manager,605767.29,2024-04-26,2024-12-31,False
E003085,6,Operations,Data Scientist,1171729.65,2017-06-03,2024-12-31,False
E003086,3,Human Resources,Senior Software Engineer,569535.11,2024-06-01,2024-12-31,False
E003087,3,Human Resources,Software Engineer,720242.59,2011-11-29,2024-12-31,False
E003088,2,Finance,Senior Software Engineer,1469350.08,2024-06-01,2024-12-31,False
E003089,6,Operations,Sales Executive,399063.43,2019-05-01,2024-12-31,False
E003090,5,Marketing,Marketing Specialist,2103690.13,2024-06-01,2024-12-31,False
E003091,4,Sales,Project Manager,626722.08,2023-10-25,2024-12-31,False
E003092,4,Sales,Sales Executive,1586545.14,2013-12-15,2024-12-31,False
E003093,2,Finance,Operations Analyst,1953320.85,2012-06-28,2024-12-31,False
E003094,5,Marketing,Software Engineer,1416526.51,2022-04-15,2024-12-31,False
E003095,1,Engineering,Business Analyst,665548.95,2021-03-02,2024-12-31,False
E003096,5,Marketing,Sales Executive,2109672.69,2022-02-06,2024-12-31,False
E003097,6,Operations,Sales Executive,623929.95,2018-12-01,2024-12-31,False
E003098,6,Operations,Data Scientist,552940.03,2024-06-01,2024-12-31,False
E003099,5,Marketing,Data Analyst,1176983.13,2020-09-25,2024-12-31,False
E003100,3,Human Resources,HR Specialist,2040754.96,2023-09-05,2024-12-31,False
E003101,1,Engineering,Product Manager,736420.77,2005-02-22,2024-12-31,False
E003102,3,Human Resources,Data Analyst,2163440.5,2024-03-25,2024-12-31,False
E003103,1,Engineering,Senior Software Engineer,1408990.04,2023-05-08,2024-12-31,False
E003104,1,Engineering,Product Manager,1827514.38,2020-05-29,2024-12-31,False
E003105,6,Operations,Senior Software Engineer,466329.96,2022-12-16,2024-12-31,False
E003106,5,Marketing,Data Scientist,849907.04,2010-11-29,2024-12-31,False
E003107,4,Sales,Software Engineer,1877837.5,2024-04-04,2024-12-31,False
E003108,2,Finance,Product Manager,1140683.77,2022-03-28,2024-12-31,False
E003109,2,Finance,Financial Analyst,1429815.21,2024-01-18,2024-12-31,False
E003110,3,Human Resources,HR Specialist,1313588.26,2015-05-16,2024-12-31,False
E003111,4,Sales,Financial Analyst,1315606.46,2024-06-01,2024-12-31,False
E003112,4,Sales,Data Analyst,1544215.89,2024-03-21,2024-12-31,False
E003113,5,Marketing,Data Analyst,449124.1,2024-06-01,2024-12-31,False
E003114,3,Human Resources,Business Analyst,1990796.74,2022-10-02,2024-12-31,False
E003115,4,Sales,Financial Analyst,522607.32,2023-02-02,2024-12-31,False
E003116,3,Human Resources,Project Manager,2065208.46,2023-09-05,2024-12-31,False
E003117,1,Engineering,Data Analyst,1114759.27,2023-11-18,2024-12-31,False
E003118,1,Engineering,Operations Analyst,1860741.7,2024-03-13,2024-12-31,False
E003119,5,Marketing,Financial Analyst,394016.24,2020-08-19,2024-12-31,False
E003120,5,Marketing,Product Manager,1686391.58,2022-05-07,2024-12-31,False
E003121,6,Operations,Software Engineer,662171.35,2024-06-01,2024-12-31,False
E003122,2,Finance,Project Manager,958925.51,2012-10-07,2024-12-31,False
E003123,3,Human Resources,Data Scientist,957719.92,2019-01-27,2024-12-31,False
E003124,1,Engineering,Business Analyst,1124600.26,2024-01-25,2024-12-31,False
E003125,1,Engineering,Senior Software Engineer,440621.57,2020-03-20,2024-12-31,False
E003126,1,Engineering,Data Analyst,1863184.42,2009-08-03,2024-12-31,False
E003127,4,Sales,Software Engineer,2164556.21,2017-08-26,2024-12-31,False
E003128,2,Finance,Financial Analyst,781188.3,2021-02-16,2024-12-31,False
E003129,3,Human Resources,Financial Analyst,1029488.68,2020-07-02,2024-12-31,False
E003130,1,Engineering,Sales Executive,589318.36,2023-05-20,2024-12-31,False
E003131,1,Engineering,Project Manager,1360178.01,2023-10-01,2024-12-31,False
E003132,6,Operations,Marketing Specialist,1357878.94,2018-08-19,2024-12-31,False
E003133,3,Human Resources,Data Scientist,1836114.94,2021-10-19,2024-12-31,False
E003134,6,Operations,Operations Analyst,818783.31,2018-02-05,2024-12-31,False
E003135,5,Marketing,Business Analyst,530119.47,2022-11-19,2024-12-31,False
E003136,4,Sales,Data Analyst,676297.12,2023-12-25,2024-12-31,False
E003137,2,Finance,Marketing Specialist,1422324.94,2022-04-02,2024-12-31,False
E003138,4,Sales,Sales Executive,1151979.45,2024-01-07,2024-12-31,False
E003139,4,Sales,Business Analyst,610341.7,2024-02-03,2024-12-31,False
E003140,2,Finance,HR Specialist,654797.13,2022-06-16,2024-12-31,False
E003141,4,Sales,Software Engineer,596425.1,2021-05-07,2024-12-31,False
E003142,2,Finance,Software Engineer,1861603.4,2020-12-27,2024-12-31,False
E003143,1,Engineering,Product Manager,1446741.5,2024-01-01,2024-12-31,False
E003144,5,Marketing,Operations Analyst,2113055.7,2022-06-30,2024-12-31,False
E003145,5,Marketing,Data Scientist,2006479.77,2023-09-30,2024-12-31,False
E003146,2,Finance,Marketing Specialist,2200936.42,2023-10-28,2024-12-31,False
E003147,4,Sales,Senior Software Engineer,689819.21,2023-06-11,2024-12-31,False
E003148,1,Engineering,HR Specialist,1109251.14,2022-09-29,2024-12-31,False
E003149,4,Sales,Business Analyst,1529697.56,2024-01-07,2024-12-31,False
E003150,2,Finance,HR Specialist,613714.64,2021-03-23,2024-12-31,False
E003151,4,Sales,Sales Executive,2233905.19,2020-01-27,2024-12-31,False
E003152,1,Engineering,Senior Software Engineer,1296225.84,2023-09-15,2024-12-31,False
E003153,2,Finance,Senior Software Engineer,1929921.1,2024-03-24,2024-12-31,False
E003154,5,Marketing,Data Scientist,1359750.37,2018-01-14,2024-12-31,False
E003155,5,Marketing,Data Analyst,376891.76,2022-12-01,2024-12-31,False
E003156,1,Engineering,Data Scientist,636288.66,2023-12-04,2024-12-31,False
E003157,3,Human Resources,Software Engineer,1224999.82,2024-06-01,2024-12-31,False
E003158,5,Marketing,Project Manager,1545813.43,2017-07-19,2024-12-31,False
E003159,5,Marketing,Financial Analyst,921937.57,2020-02-07,2024-12-31,False
E003160,6,Operations,Marketing Specialist,547283.43,2020-08-26,2024-12-31,False
E003161,1,Engineering,Software Engineer,584694.6,2017-11-24,2024-12-31,False
E003162,1,Engineering,Data Scientist,2089600.13,2014-12-25,2024-12-31,False
E003163,4,Sales,Sales Executive,2052105.83,2007-04-26,2024-12-31,False
E003164,3,Human Resources,Senior Software Engineer,1521622.47,2023-05-16,2024-12-31,False
E003165,5,Marketing,Financial Analyst,448521.71,2016-06-04,2024-12-31,False
E003166,5,Marketing,Data Analyst,426014.1,2024-06-01,2024-12-31,False
E003167,1,Engineering,Data Scientist,1606972.48,2011-06-13,2024-12-31,False
E003168,2,Finance,Data Scientist,670280.25,2024-05-22,2024-12-31,False
E003169,3,Human Resources,Project Manager,1073644.31,2016-01-19,2024-12-31,False
E003170,3,Human Resources,Product Manager,1567003.17,2019-10-26,2024-12-31,False
E003171,3,Human Resources,Business Analyst,2019409.31,2019-02-11,2024-12-31,False
E003172,2,Finance,Software Engineer,1656236.82,2023-05-09,2024-12-31,False
E003173,1,Engineering,Product Manager,1915853.61,2005-11-21,2024-12-31,False
E003174,1,Engineering,Data Analyst,1512659.77,2024-06-01,2024-12-31,False
E003175,5,Marketing,Project Manager,1174857.11,2017-02-24,2024-12-31,False
E003176,4,Sales,Data Scientist,1253351.71,2016-07-08,2024-12-31,False
E003177,5,Marketing,Operations Analyst,1454224.11,2021-10-04,2024-12-31,False
E003178,5,Marketing,Operations Analyst,719588.21,2024-06-01,2024-12-31,False
E003179,5,Marketing,Senior Software Engineer,1044082.77,2022-10-11,2024-12-31,False
E003180,5,Marketing,Financial Analyst,1750955.96,2018-10-24,2024-12-31,False
E003181,6,Operations,Marketing Specialist,1560298.48,2013-11-01,2024-12-31,False
E003182,1,Engineering,Financial Analyst,1166577.01,2023-07-26,2024-12-31,False
E003183,3,Human Resources,Data Scientist,1109053.88,2008-02-19,2024-12-31,False
E003184,6,Operations,Senior Software Engineer,2156523.82,2004-12-27,2024-12-31,False
E003185,4,Sales,Business Analyst,1209624.3,2019-10-20,2024-12-31,False
E003186,6,Operations,Data Scientist,330556.72,2014-11-17,2024-12-31,False
E003187,3,Human Resources,HR Specialist,1928438.53,2022-08-21,2024-12-31,False
E003188,4,Sales,Sales Executive,1511672.4,2012-03-20,2024-12-31,False
E003189,2,Finance,Project Manager,2042188.51,2020-08-22,2024-12-31,False
E003190,1,Engineering,Financial Analyst,1585237.83,2019-04-02,2024-12-31,False
E003191,6,Operations,Business Analyst,1738957.11,2023-10-01,2024-12-31,False
E003192,6,Operations,Business Analyst,286376.34,2022-11-11,2024-12-31,False
E003193,1,Engineering,Sales Executive,1561689.38,2020-05-26,2024-12-31,False
E003194,3,Human Resources,HR Specialist,1478104.13,2016-01-08,2024-12-31,False
E003195,6,Operations,Marketing Specialist,1249802.76,2022-04-23,2024-12-31,False
E003196,4,Sales,Data Analyst,1055796.84,2020-06-03,2024-12-31,False
E003197,4,Sales,Marketing Specialist,541548.6,2017-09-05,2024-12-31,False
E003198,3,Human Resources,Marketing Specialist,978031.35,2017-10-12,2024-12-31,False
E003199,3,Human Resources,Product Manager,978562.27,2010-06-29,2024-12-31,False
E003200,1,Engineering,Senior Software Engineer,363431.62,2021-05-02,2024-12-31,False
E003201,5,Marketing,Product Manager,1453602.48,2022-10-07,2024-12-31,False
E003202,5,Marketing,HR Specialist,1990240.0,2023-08-14,2024-12-31,False
E003203,2,Finance,Business Analyst,1795539.64,2013-01-31,2024-12-31,False
E003204,3,Human Resources,Data Scientist,1515885.59,2019-03-24,2024-12-31,False
E003205,6,Operations,Sales Executive,1033238.15,2023-07-07,2024-12-31,False
E003206,6,Operations,Business Analyst,727613.29,2020-11-18,2024-12-31,False
E003207,4,Sales,Product Manager,2396894.65,2020-12-23,2024-12-31,False
E003208,6,Operations,Project Manager,1674489.3,2023-11-17,2024-12-31,False
E003209,3,Human Resources,Sales Executive,845032.17,2022-11-24,2024-12-31,False
E003210,4,Sales,Marketing Specialist,1767330.51,2015-07-10,2024-12-31,False
E003211,3,Human Resources,Data Scientist,598236.53,2012-08-08,2024-12-31,False
E003212,6,Operations,Marketing Specialist,607192.73,2018-05-23,2024-12-31,False
E003213,3,Human Resources,Data Scientist,1396458.2,2024-06-01,2024-12-31,False
E003214,6,Operations,Marketing Specialist,2241313.38,2014-01-27,2024-12-31,False
E003215,1,Engineering,Product Manager,1894529.43,2020-02-16,2024-12-31,False
E003216,6,Operations,HR Specialist,1217485.18,2019-07-30,2024-12-31,False
E003217,2,Finance,Software Engineer,1557134.22,2022-10-18,2024-12-31,False
E003218,2,Finance,HR Specialist,1020684.97,2012-11-15,2024-12-31,False
E003219,6,Operations,Senior Software Engineer,1344603.92,2023-10-07,2024-12-31,False
E003220,5,Marketing,Sales Executive,1304919.72,2023-11-25,2024-12-31,False
E003221,5,Marketing,Data Scientist,502466.08,2012-05-21,2024-12-31,False
E003222,6,Operations,Data Scientist,593500.4,2024-06-01,2024-12-31,False
E003223,1,Engineering,Sales Executive,1219707.62,2018-11-08,2024-12-31,False
E003224,4,Sales,Operations Analyst,551142.72,2023-06-08,2024-12-31,False
E003225,3,Human Resources,Business Analyst,1857845.75,2023-10-01,2024-12-31,False
E003226,1,Engineering,Financial Analyst,1407441.52,2023-07-27,2024-12-31,False
E003227,6,Operations,Marketing Specialist,2078653.75,2024-06-01,2024-12-31,False
E003228,1,Engineering,HR Specialist,1072401.29,2020-03-06,2024-12-31,False
E003229,4,Sales,Financial Analyst,1914848.08,2023-06-13,2024-12-31,False
E003230,4,Sales,HR Specialist,1145338.66,2023-05-30,2024-12-31,False
E003231,3,Human Resources,HR Specialist,873419.34,2023-06-27,2024-12-31,False
E003232,5,Marketing,Business Analyst,1688216.84,2022-12-07,2024-12-31,False
E003233,4,Sales,Financial Analyst,1226621.1,2016-10-18,2024-12-31,False
E003234,5,Marketing,HR Specialist,787091.14,2023-12-06,2024-12-31,False
E003235,4,Sales,Data Scientist,756713.8,2023-04-15,2024-12-31,False
E003236,5,Marketing,HR Specialist,1065723.94,2018-09-09,2024-12-31,False
E003237,4,Sales,Project Manager,1143270.33,2010-10-22,2024-12-31,False
E003238,4,Sales,Operations Analyst,1116065.17,2023-06-11,2024-12-31,False
E003239,2,Finance,Sales Executive,1805795.37,2023-12-25,2024-12-31,False
E003240,4,Sales,HR Specialist,1664472.5,2023-01-17,2024-12-31,False
E003241,5,Marketing,Software Engineer,720643.95,2023-04-03,2024-12-31,False
E003242,3,Human Resources,Senior Software Engineer,372786.32,2022-04-09,2024-12-31,False
E003243,1,Engineering,Senior Software Engineer,2051318.08,2018-11-17,2024-12-31,False
E003244,4,Sales,Project Manager,1959079.71,2014-04-06,2024-12-31,False
E003245,6,Operations,Data Scientist,284072.25,2023-02-25,2024-12-31,False
E003246,6,Operations,Operations Analyst,584014.61,2024-06-01,2024-12-31,False
E003247,6,Operations,Data Scientist,970756.48,2018-05-20,2024-12-31,False
E003248,6,Operations,Marketing Specialist,810688.47,2015-05-03,2024-12-31,False
E003249,5,Marketing,Marketing Specialist,1501016.43,2024-03-22,2024-12-31,False
E003250,5,Marketing,Software Engineer,497539.99,2024-06-01,2024-12-31,False
E003251,4,Sales,Software Engineer,2017744.76,2024-06-01,2024-12-31,False
E003252,4,Sales,Data Analyst,1854749.55,2023-06-01,2024-12-31,False
E003253,6,Operations,Data Scientist,1366822.53,2021-07-01,2024-12-31,False
E003254,1,Engineering,Data Scientist,1176878.44,2014-01-11,2024-12-31,False
E003255,4,Sales,Senior Software Engineer,354096.21,2022-03-24,2024-12-31,False
E003256,6,Operations,Senior Software Engineer,715907.26,2019-10-22,2024-12-31,False
E003257,3,Human Resources,Project Manager,1024856.55,2018-12-03,2024-12-31,False
E003258,4,Sales,Business Analyst,247003.87,2021-05-10,2024-12-31,False
E003259,3,Human Resources,Sales Executive,1321375.56,2022-11-17,2024-12-31,False
E003260,2,Finance,Software Engineer,1115688.56,2015-07-20,2024-12-31,False
E003261,4,Sales,Sales Executive,1097646.54,2003-12-14,2024-12-31,False
E003262,6,Operations,Software Engineer,1358577.19,2024-06-01,2024-12-31,False
E003263,5,Marketing,Data Scientist,727571.26,2021-02-11,2024-12-31,False
E003264,2,Finance,Project Manager,954567.56,2011-09-03,2024-12-31,False
E003265,2,Finance,Business Analyst,257163.82,2023-11-21,2024-12-31,False
E003266,4,Sales,Product Manager,1486456.2,2002-10-29,2024-12-31,False
E003267,1,Engineering,Marketing Specialist,1078854.64,2023-07-14,2024-12-31,False
E003268,5,Marketing,Project Manager,1172221.15,2012-07-04,2024-12-31,False
E003269,3,Human Resources,Project Manager,1717281.93,2019-03-02,2024-12-31,False
E003270,4,Sales,Sales Executive,2196711.69,2001-11-16,2024-12-31,False
E003271,1,Engineering,Senior Software Engineer,1468295.7,2024-02-08,2024-12-31,False
E003272,6,Operations,Financial Analyst,1565643.54,2015-06-27,2024-12-31,False
E003273,6,Operations,Product Manager,923206.15,2015-12-10,2024-12-31,False
E003274,1,Engineering,Operations Analyst,1316552.88,2023-06-04,2024-12-31,False
E003275,6,Operations,Financial Analyst,1323781.13,2024-04-22,2024-12-31,False
E003276,4,Sales,Senior Software Engineer,554184.74,2022-11-25,2024-12-31,False
E003277,4,Sales,Data Scientist,1488029.18,2020-07-27,2024-12-31,False
E003278,2,Finance,Sales Executive,2096336.38,2017-11-17,2024-12-31,False
E003279,1,Engineering,Software Engineer,1197878.11,2024-06-01,2024-12-31,False
E003280,6,Operations,Operations Analyst,1888598.36,2023-06-19,2024-12-31,False
E003281,3,Human Resources,Project Manager,2024689.3,2019-09-20,2024-12-31,False
E003282,5,Marketing,HR Specialist,246088.74,2023-12-23,2024-12-31,False
E003283,6,Operations,Marketing Specialist,1202406.81,2023-08-10,2024-12-31,False
E003284,6,Operations,Financial Analyst,1196997.57,2019-05-10,2024-12-31,False
E003285,4,Sales,Operations Analyst,736919.41,2024-02-15,2024-12-31,False
E003286,4,Sales,HR Specialist,1054023.69,2021-03-25,2024-12-31,False
E003287,5,Marketing,Business Analyst,655081.69,2017-01-27,2024-12-31,False
E003288,1,Engineering,Project Manager,701685.03,2021-06-05,2024-12-31,False
E003289,5,Marketing,Data Analyst,279970.63,2018-01-19,2024-12-31,False
E003290,6,Operations,Marketing Specialist,2185348.09,2010-02-12,2024-12-31,False
E003291,2,Finance,Marketing Specialist,969779.62,2024-06-01,2024-12-31,False
E003292,3,Human Resources,HR Specialist,2349165.63,2019-03-11,2024-12-31,False
E003293,2,Finance,Software Engineer,1146115.21,2023-11-16,2024-12-31,False
E003294,5,Marketing,HR Specialist,1913364.42,2019-12-07,2024-12-31,False
E003295,4,Sales,Data Analyst,545978.47,2015-07-24,2024-12-31,False
E003296,6,Operations,Operations Analyst,1926206.62,2015-03-23,2024-12-31,False
E003297,4,Sales,Data Analyst,1630776.8,2023-08-29,2024-12-31,False
E003298,4,Sales,Financial Analyst,1447245.94,2024-06-01,2024-12-31,False
E003299,3,Human Resources,Product Manager,2130180.99,2022-09-10,2024-12-31,False
E003300,4,Sales,Marketing Specialist,1446221.06,2009-08-09,2024-12-31,False
E003301,4,Sales,Business Analyst,1474884.63,2013-07-09,2024-12-31,False
E003302,1,Engineering,Product Manager,1726714.8,2020-07-24,2024-12-31,False
E003303,4,Sales,Product Manager,1146099.74,2009-05-13,2024-12-31,False
E003304,4,Sales,Software Engineer,488887.29,2021-12-28,2024-12-31,False
E003305,5,Marketing,Product Manager,791427.45,2022-03-08,2024-12-31,False
E003306,1,Engineering,Data Scientist,497553.38,2023-03-02,2024-12-31,False
E003307,4,Sales,HR Specialist,1935396.36,2004-10-24,2024-12-31,False
E003308,2,Finance,Software Engineer,806258.53,2014-09-04,2024-12-31,False
E003309,2,Finance,Operations Analyst,613699.39,2024-06-01,2024-12-31,False
E003310,1,Engineering,Marketing Specialist,1068319.25,2023-07-24,2024-12-31,False
E003311,3,Human Resources,Business Analyst,1542750.17,2006-11-08,2024-12-31,False
E003312,4,Sales,Senior Software Engineer,616570.0,2021-09-07,2024-12-31,False
E003313,2,Finance,Software Engineer,1736038.55,2021-07-05,2024-12-31,False
E003314,3,Human Resources,Business Analyst,511283.11,2021-12-27,2024-12-31,False
E003315,6,Operations,Data Analyst,313923.74,2010-04-24,2024-12-31,False
E003316,3,Human Resources,Project Manager,1866848.52,2012-12-04,2024-12-31,False
E003317,3,Human Resources,Product Manager,1963877.45,2023-09-11,2024-12-31,False
E003318,3,Human Resources,Software Engineer,1283700.87,2021-12-27,2024-12-31,False
E003319,2,Finance,Marketing Specialist,415080.0,2020-01-10,2024-12-31,False
E003320,5,Marketing,Financial Analyst,2225961.51,2023-08-27,2024-12-31,False
E003321,1,Engineering,Data Analyst,502497.7,2023-05-07,2024-12-31,False
E003322,6,Operations,Senior Software Engineer,1965111.91,2024-06-01,2024-12-31,False
E003323,3,Human Resources,Sales Executive,558211.94,2023-06-11,2024-12-31,False
E003324,1,Engineering,Marketing Specialist,296434.31,2023-11-11,2024-12-31,False
E003325,6,Operations,Data Scientist,1210965.02,2022-06-26,2024-12-31,False
E003326,5,Marketing,Business Analyst,402171.07,2021-11-13,2024-12-31,False
E003327,6,Operations,Product Manager,1470864.9,2021-12-20,2024-12-31,False
E003328,2,Finance,Data Scientist,2267798.83,2023-11-01,2024-12-31,False
E003329,2,Finance,Sales Executive,1362755.08,2023-12-06,2024-12-31,False
E003330,1,Engineering,Product Manager,1195461.29,2009-06-05,2024-12-31,False
E003331,6,Operations,Sales Executive,1627507.83,2023-10-16,2024-12-31,False
E003332,5,Marketing,Marketing Specialist,978027.6,2024-04-19,2024-12-31,False
E003333,2,Finance,Data Analyst,1035777.16,2024-06-01,2024-12-31,False
E003334,4,Sales,Project Manager,2285209.1,2015-09-15,2024-12-31,False
E003335,2,Finance,Data Analyst,1222620.88,2021-12-31,2024-12-31,False
E003336,1,Engineering,Project Manager,777998.31,2011-09-03,2024-12-31,False
E003337,3,Human Resources,Financial Analyst,401199.94,2023-09-17,2024-12-31,False
E003338,1,Engineering,Senior Software Engineer,541382.37,2014-01-31,2024-12-31,False
E003339,5,Marketing,Software Engineer,965191.73,2023-12-05,2024-12-31,False
E003340,5,Marketing,Data Scientist,429692.28,2018-03-02,2024-12-31,False
E003341,2,Finance,Data Analyst,1398788.0,2023-08-28,2024-12-31,False
E003342,3,Human Resources,Sales Executive,1384913.44,2020-09-18,2024-12-31,False
E003343,1,Engineering,Product Manager,2146330.62,2022-06-03,2024-12-31,False
E003344,2,Finance,HR Specialist,1217997.84,2020-02-22,2024-12-31,False
E003345,2,Finance,Sales Executive,1737834.55,2020-03-28,2024-12-31,False
E003346,3,Human Resources,Data Analyst,433685.21,2023-08-21,2024-12-31,False
E003347,1,Engineering,Senior Software Engineer,1912726.17,2018-05-29,2024-12-31,False
E003348,1,Engineering,Data Analyst,492247.27,2021-06-14,2024-12-31,False
E003349,3,Human Resources,Sales Executive,1277812.14,2024-06-01,2024-12-31,False
E003350,4,Sales,Data Analyst,978311.66,2023-09-13,2024-12-31,False
E003351,6,Operations,Financial Analyst,977997.82,2024-01-11,2024-12-31,False
E003352,2,Finance,Project Manager,664101.65,2024-04-11,2024-12-31,False
E003353,2,Finance,Senior Software Engineer,1277109.23,2015-07-25,2024-12-31,False
E003354,6,Operations,Marketing Specialist,985707.0,2023-09-23,2024-12-31,False
E003355,2,Finance,Product Manager,1605311.15,2019-04-06,2024-12-31,False
E003356,2,Finance,Marketing Specialist,972619.4,2022-06-08,2024-12-31,False
E003357,4,Sales,Project Manager,920626.31,2023-09-29,2024-12-31,False
E003358,1,Engineering,Software Engineer,1758574.97,2024-04-17,2024-12-31,False
E003359,4,Sales,Data Scientist,380589.59,2012-04-04,2024-12-31,False
E003360,2,Finance,Project Manager,1220184.44,2021-11-17,2024-12-31,False
E003361,3,Human Resources,Business Analyst,294976.96,2008-01-13,2024-12-31,False
E003362,4,Sales,Data Analyst,2204780.5,2020-08-25,2024-12-31,False
E003363,4,Sales,Data Scientist,2070986.82,2024-06-01,2024-12-31,False
E003364,6,Operations,Operations Analyst,2166307.59,2023-02-06,2024-12-31,False
E003365,4,Sales,Financial Analyst,2073508.04,2005-02-22,2024-12-31,False
E003366,3,Human Resources,Sales Executive,829577.63,2024-04-25,2024-12-31,False
E003367,1,Engineering,Business Analyst,1159375.27,2021-10-30,2024-12-31,False
E003368,2,Finance,Project Manager,934462.36,2011-07-26,2024-12-31,False
E003369,2,Finance,Data Analyst,2065919.32,2024-01-31,2024-12-31,False
E003370,4,Sales,Data Scientist,1621093.53,2014-07-21,2024-12-31,False
E003371,2,Finance,Senior Software Engineer,1042831.05,2024-06-01,2024-12-31,False
E003372,5,Marketing,Senior Software Engineer,431811.13,2019-06-07,2024-12-31,False
E003373,5,Marketing,Software Engineer,1861703.93,2019-08-06,2024-12-31,False
E003374,2,Finance,Product Manager,759042.86,2023-11-27,2024-12-31,False
E003375,4,Sales,Senior Software Engineer,375229.86,2018-07-31,2024-12-31,False
E003376,2,Finance,Data Analyst,1367795.3,2018-12-26,2024-12-31,False
E003377,2,Finance,HR Specialist,698632.92,2021-11-20,2024-12-31,False
E003378,5,Marketing,Product Manager,1918897.72,2023-10-01,2024-12-31,False
E003379,4,Sales,Project Manager,693433.03,2024-06-01,2024-12-31,False
E003380,4,Sales,Product Manager,1693929.09,2012-11-03,2024-12-31,False
E003381,6,Operations,Project Manager,928813.86,2023-12-21,2024-12-31,False
E003382,6,Operations,HR Specialist,943362.34,2012-10-05,2024-12-31,False
E003383,2,Finance,HR Specialist,1518486.21,2018-08-07,2024-12-31,False
E003384,2,Finance,Operations Analyst,2027459.36,2021-05-20,2024-12-31,False
E003385,4,Sales,Financial Analyst,1392282.62,2017-10-06,2024-12-31,False
E003386,6,Operations,Data Scientist,1976440.32,2024-04-09,2024-12-31,False
E003387,5,Marketing,Project Manager,1739743.72,2022-11-08,2024-12-31,False
E003388,2,Finance,Data Analyst,1172797.73,2023-11-14,2024-12-31,False
E003389,6,Operations,Project Manager,718936.47,2020-06-16,2024-12-31,False
E003390,1,Engineering,Senior Software Engineer,1388061.64,2008-08-04,2024-12-31,False
E003391,4,Sales,Project Manager,1038141.08,2022-04-14,2024-12-31,False
E003392,3,Human Resources,Marketing Specialist,1486402.76,2023-07-17,2024-12-31,False
E003393,2,Finance,Data Analyst,874044.42,2008-04-21,2024-12-31,False
E003394,6,Operations,Sales Executive,1012324.55,2024-06-01,2024-12-31,False
E003395,2,Finance,Business Analyst,780147.95,2012-08-05,2024-12-31,False
E003396,4,Sales,HR Specialist,1182967.46,2024-06-01,2024-12-31,False
E003397,2,Finance,Product Manager,1501145.52,2018-09-14,2024-12-31,False
E003398,6,Operations,Senior Software Engineer,746772.26,2011-04-25,2024-12-31,False
E003399,2,Finance,Senior Software Engineer,863905.78,2018-12-05,2024-12-31,False
E003400,5,Marketing,Financial Analyst,285921.96,2004-10-03,2024-12-31,False
E003401,2,Finance,Product Manager,2004083.33,2019-09-16,2024-12-31,False
E003402,5,Marketing,Operations Analyst,1603373.6,2016-04-20,2024-12-31,False
E003403,2,Finance,HR Specialist,2010369.3,2010-07-14,2024-12-31,False
E003404,4,Sales,Software Engineer,431714.11,2013-07-02,2024-12-31,False
E003405,1,Engineering,Project Manager,693384.18,2021-05-05,2024-12-31,False
E003406,1,Engineering,Sales Executive,607711.19,2016-10-13,2024-12-31,False
E003407,5,Marketing,Business Analyst,328953.59,2012-04-17,2024-12-31,False
E003408,1,Engineering,Data Scientist,1564770.0,2021-07-10,2024-12-31,False
E003409,1,Engineering,Sales Executive,482523.91,2023-12-22,2024-12-31,False
E003410,3,Human Resources,Financial Analyst,500809.62,2001-02-16,2024-12-31,False
E003411,4,Sales,Business Analyst,1891832.41,2019-04-20,2024-12-31,False
E003412,1,Engineering,Project Manager,784284.49,2024-06-01,2024-12-31,False
E003413,5,Marketing,Product Manager,648231.88,2022-06-30,2024-12-31,False
E003414,3,Human Resources,Software Engineer,716587.02,2009-12-19,2024-12-31,False
E003415,1,Engineering,Operations Analyst,1384871.09,2023-12-28,2024-12-31,False
E003416,3,Human Resources,Sales Executive,608111.46,2013-09-05,2024-12-31,False
E003417,5,Marketing,Software Engineer,368203.4,2022-12-18,2024-12-31,False
E003418,6,Operations,Business Analyst,1911907.22,2020-05-24,2024-12-31,False
E003419,3,Human Resources,Senior Software Engineer,1670433.28,2022-09-09,2024-12-31,False
E003420,4,Sales,Data Scientist,2366665.54,2023-10-17,2024-12-31,False
E003421,1,Engineering,HR Specialist,1489746.12,2023-07-25,2024-12-31,False
E003422,3,Human Resources,Data Analyst,623302.88,2024-06-01,2024-12-31,False
E003423,2,Finance,Financial Analyst,2009270.74,2018-10-01,2024-12-31,False
E003424,2,Finance,Business Analyst,514863.38,2011-07-20,2024-12-31,False
E003425,5,Marketing,Product Manager,861242.9,2013-05-27,2024-12-31,False
E003426,5,Marketing,Operations Analyst,1642119.3,2023-11-30,2024-12-31,False
E003427,2,Finance,Marketing Specialist,546117.09,2021-11-02,2024-12-31,False
E003428,4,Sales,Product Manager,2064217.11,2021-06-15,2024-12-31,False
E003429,5,Marketing,Sales Executive,1521067.01,2023-11-16,2024-12-31,False
E003430,2,Finance,Senior Software Engineer,480208.53,2023-06-27,2024-12-31,False
E003431,5,Marketing,Sales Executive,1546537.98,2021-09-26,2024-12-31,False
E003432,4,Sales,Data Scientist,2160544.62,2023-02-19,2024-12-31,False
E003433,1,Engineering,HR Specialist,1127195.33,2022-04-09,2024-12-31,False
E003434,4,Sales,Data Analyst,1218544.86,2023-01-21,2024-12-31,False
E003435,5,Marketing,Software Engineer,748959.06,2024-06-01,2024-12-31,False
E003436,5,Marketing,Marketing Specialist,2156768.2,2023-10-06,2024-12-31,False
E003437,4,Sales,Product Manager,2161344.4,2009-12-30,2024-12-31,False
E003438,5,Marketing,Data Analyst,908164.08,2018-05-18,2024-12-31,False
E003439,6,Operations,Project Manager,1173472.89,2017-03-15,2024-12-31,False
E003440,1,Engineering,Business Analyst,1259983.28,2017-02-20,2024-12-31,False
E003441,2,Finance,Data Analyst,1460153.79,2023-03-11,2024-12-31,False
E003442,3,Human Resources,Senior Software Engineer,421085.84,2024-06-01,2024-12-31,False
E003443,3,Human Resources,Data Scientist,1358450.1,2018-05-03,2024-12-31,False
E003444,4,Sales,Operations Analyst,1858678.08,2016-11-11,2024-12-31,False
E003445,6,Operations,Financial Analyst,1860505.75,2024-02-24,2024-12-31,False
E003446,1,Engineering,Business Analyst,1319157.04,2022-05-13,2024-12-31,False
E003447,6,Operations,Project Manager,2151624.09,2011-10-03,2024-12-31,False
E003448,2,Finance,HR Specialist,1993960.43,2022-06-17,2024-12-31,False
E003449,2,Finance,Data Scientist,1618874.06,2017-10-30,2024-12-31,False
E003450,3,Human Resources,Software Engineer,1335371.05,2010-03-04,2024-12-31,False
E003451,5,Marketing,Data Scientist,2031531.99,2024-01-14,2024-12-31,False
E003452,6,Operations,Operations Analyst,286745.36,2013-06-15,2024-12-31,False
E003453,5,Marketing,Data Scientist,1702557.5,2014-06-04,2024-12-31,False
E003454,6,Operations,Data Analyst,1359886.77,2010-06-05,2024-12-31,False
E003455,4,Sales,Software Engineer,647482.72,2023-11-26,2024-12-31,False
E003456,1,Engineering,Product Manager,2329112.29,2018-06-08,2024-12-31,False
E003457,1,Engineering,Business Analyst,652230.77,2023-07-28,2024-12-31,False
E003458,2,Finance,Senior Software Engineer,1593910.89,2023-06-02,2024-12-31,False
E003459,5,Marketing,Data Scientist,554167.19,2019-07-27,2024-12-31,False
E003460,2,Finance,Data Scientist,701164.91,2020-05-26,2024-12-31,False
E003461,4,Sales,Project Manager,332888.18,2022-03-28,2024-12-31,False
E003462,1,Engineering,HR Specialist,2021641.37,2007-07-05,2024-12-31,False
E003463,1,Engineering,HR Specialist,1991793.34,1998-11-25,2024-12-31,False
E003464,1,Engineering,Software Engineer,412814.32,2003-06-02,2024-12-31,False
E003465,5,Marketing,Senior Software Engineer,1984941.23,2008-02-08,2024-12-31,False
E003466,1,Engineering,Senior Software Engineer,1480635.69,2024-05-03,2024-12-31,False
E003467,6,Operations,Sales Executive,391085.68,2017-06-22,2024-12-31,False
E003468,3,Human Resources,Project Manager,1130528.18,2018-02-20,2024-12-31,False
E003469,6,Operations,HR Specialist,1788905.45,2023-10-21,2024-12-31,False
E003470,2,Finance,Senior Software Engineer,822309.03,2015-05-11,2024-12-31,False
E003471,5,Marketing,Business Analyst,1200686.67,2021-12-04,2024-12-31,False
E003472,4,Sales,Software Engineer,1546874.03,2024-02-25,2024-12-31,False
E003473,4,Sales,Financial Analyst,1973709.3,2014-10-13,2024-12-31,False
E003474,4,Sales,Operations Analyst,1371877.63,2023-10-17,2024-12-31,False
E003475,4,Sales,Marketing Specialist,359583.32,2022-09-20,2024-12-31,False
E003476,2,Finance,Sales Executive,1570339.6,2022-12-07,2024-12-31,False
E003477,2,Finance,Sales Executive,2251864.35,2024-06-01,2024-12-31,False
E003478,1,Engineering,Data Analyst,527959.32,2024-06-01,2024-12-31,False
E003479,2,Finance,Software Engineer,1438834.95,2015-05-03,2024-12-31,False
E003480,2,Finance,Business Analyst,527765.89,2017-08-09,2024-12-31,False
E003481,1,Engineering,Business Analyst,1730792.81,2024-06-01,2024-12-31,False
E003482,4,Sales,Marketing Specialist,1297279.85,2023-09-25,2024-12-31,False
E003483,3,Human Resources,Financial Analyst,1040642.53,2021-05-31,2024-12-31,False
E003484,2,Finance,Data Scientist,1640942.6,2022-11-09,2024-12-31,False
E003485,4,Sales,HR Specialist,2177016.29,2023-07-25,2024-12-31,False
E003486,3,Human Resources,Data Analyst,2008019.73,2020-11-26,2024-12-31,False
E003487,6,Operations,Data Analyst,1386156.1,2022-10-08,2024-12-31,False
E003488,2,Finance,Financial Analyst,1947574.95,2020-09-28,2024-12-31,False
E003489,1,Engineering,Product Manager,959367.85,2020-11-20,2024-12-31,False
E003490,5,Marketing,Marketing Specialist,2021547.53,2007-04-05,2024-12-31,False
E003491,4,Sales,Business Analyst,757526.7,2014-07-29,2024-12-31,False
E003492,4,Sales,Product Manager,2135297.64,2024-06-01,2024-12-31,False
E003493,4,Sales,Software Engineer,518208.15,2017-05-08,2024-12-31,False
E003494,6,Operations,Financial Analyst,2138110.81,2023-03-21,2024-12-31,False
E003495,2,Finance,Marketing Specialist,805720.13,2008-11-01,2024-12-31,False
E003496,5,Marketing,Product Manager,1400675.64,2016-05-25,2024-12-31,False
E003497,6,Operations,Sales Executive,1271606.1,2020-08-26,2024-12-31,False
E003498,3,Human Resources,Sales Executive,716039.66,2024-06-01,2024-12-31,False
E003499,1,Engineering,Marketing Specialist,370663.79,2019-11-07,2024-12-31,False
E003500,4,Sales,Data Analyst,2091719.46,2023-05-07,2024-12-31,False
E003501,5,Marketing,Operations Analyst,1874288.22,2017-03-09,2024-12-31,False
E003502,6,Operations,Operations Analyst,1965171.09,2021-01-20,2024-12-31,False
E003503,5,Marketing,Business Analyst,1333911.65,2021-04-25,2024-12-31,False
E003504,2,Finance,HR Specialist,665509.89,2024-06-01,2024-12-31,False
E003505,3,Human Resources,Marketing Specialist,1278917.12,2024-06-01,2024-12-31,False
E003506,4,Sales,Software Engineer,2205138.53,2004-05-18,2024-12-31,False
E003507,1,Engineering,Senior Software Engineer,892499.61,2017-11-11,2024-12-31,False
E003508,3,Human Resources,Marketing Specialist,696243.88,2021-05-17,2024-12-31,False
E003509,5,Marketing,HR Specialist,2247783.09,2023-08-11,2024-12-31,False
E003510,5,Marketing,Data Scientist,881344.1,2018-02-24,2024-12-31,False
E003511,3,Human Resources,Data Scientist,2143097.99,2015-05-18,2024-12-31,False
E003512,3,Human Resources,Marketing Specialist,589500.0,2024-06-01,2024-12-31,False
E003513,1,Engineering,Data Analyst,2004456.89,2013-05-11,2024-12-31,False
E003514,2,Finance,Business Analyst,1432602.44,2021-11-24,2024-12-31,False
E003515,6,Operations,Software Engineer,394698.82,2022-08-20,2024-12-31,False
E003516,5,Marketing,Sales Executive,2287665.17,2008-02-14,2024-12-31,False
E003517,5,Marketing,Senior Software Engineer,1059473.3,2022-06-10,2024-12-31,False
E003518,2,Finance,Data Scientist,1603595.5,2022-06-10,2024-12-31,False
E003519,3,Human Resources,Software Engineer,1273420.37,2022-12-28,2024-12-31,False
E003520,4,Sales,Financial Analyst,1199988.92,2024-02-28,2024-12-31,False
E003521,6,Operations,Marketing Specialist,1225114.47,2018-06-03,2024-12-31,False
E003522,6,Operations,Software Engineer,1346070.69,2022-11-20,2024-12-31,False
E003523,1,Engineering,Project Manager,863759.02,2020-02-14,2024-12-31,False
E003524,1,Engineering,Senior Software Engineer,1339807.66,2017-11-21,2024-12-31,False
E003525,5,Marketing,Data Analyst,907331.02,2022-01-05,2024-12-31,False
E003526,1,Engineering,Software Engineer,2011236.58,2023-12-26,2024-12-31,False
E003527,3,Human Resources,Marketing Specialist,283239.31,2024-05-26,2024-12-31,False
E003528,6,Operations,Project Manager,700312.42,2023-08-09,2024-12-31,False
E003529,2,Finance,Operations Analyst,1284343.18,2024-02-02,2024-12-31,False
E003530,1,Engineering,Senior Software Engineer,1801039.94,2024-06-01,2024-12-31,False
E003531,4,Sales,Business Analyst,722006.87,2013-12-20,2024-12-31,False
E003532,3,Human Resources,Software Engineer,513246.36,2024-01-08,2024-12-31,False
E003533,2,Finance,HR Specialist,1822467.76,2018-04-22,2024-12-31,False
E003534,3,Human Resources,HR Specialist,2066115.72,2014-11-01,2024-12-31,False
E003535,4,Sales,HR Specialist,1799038.75,2022-07-13,2024-12-31,False
E003536,6,Operations,Software Engineer,899282.35,2020-11-22,2024-12-31,False
E003537,1,Engineering,Business Analyst,1762745.23,2012-12-19,2024-12-31,False
E003538,6,Operations,Operations Analyst,1935407.33,2021-11-13,2024-12-31,False
E003539,4,Sales,Operations Analyst,818402.35,2016-04-25,2024-12-31,False
E003540,2,Finance,Software Engineer,1944742.73,2012-01-13,2024-12-31,False
E003541,5,Marketing,Marketing Specialist,1083160.7,2023-06-14,2024-12-31,False
E003542,6,Operations,Senior Software Engineer,828174.0,2023-08-03,2024-12-31,False
E003543,5,Marketing,Data Analyst,358752.38,2014-10-09,2024-12-31,False
E003544,2,Finance,Financial Analyst,2066361.37,2020-05-28,2024-12-31,False
E003545,2,Finance,Data Scientist,1920083.35,2014-08-25,2024-12-31,False
E003546,4,Sales,Project Manager,1143612.19,2018-01-09,2024-12-31,False
E003547,5,Marketing,Product Manager,1273271.67,2021-04-12,2024-12-31,False
E003548,6,Operations,Sales Executive,2196170.52,2023-08-29,2024-12-31,False
E003549,3,Human Resources,HR Specialist,658577.91,2021-12-29,2024-12-31,False
E003550,3,Human Resources,Sales Executive,1073704.16,2019-03-13,2024-12-31,False
E003551,2,Finance,Financial Analyst,866143.73,2022-06-08,2024-12-31,False
E003552,4,Sales,Sales Executive,1190111.49,2011-10-10,2024-12-31,False
E003553,5,Marketing,Operations Analyst,2092123.66,2024-06-01,2024-12-31,False
E003554,1,Engineering,HR Specialist,1117139.0,2014-03-26,2024-12-31,False
E003555,5,Marketing,Financial Analyst,2005451.51,2023-12-08,2024-12-31,False
E003556,6,Operations,Senior Software Engineer,492031.36,2007-12-26,2024-12-31,False
E003557,1,Engineering,Business Analyst,953117.42,2016-10-31,2024-12-31,False
E003558,4,Sales,HR Specialist,696875.84,2014-11-05,2024-12-31,False
E003559,1,Engineering,Marketing Specialist,750081.71,2019-12-19,2024-12-31,False
E003560,6,Operations,Business Analyst,1423811.43,2023-10-03,2024-12-31,False
E003561,3,Human Resources,Senior Software Engineer,1325214.01,2022-02-08,2024-12-31,False
E003562,1,Engineering,Senior Software Engineer,1719024.88,2011-01-12,2024-12-31,False
E003563,5,Marketing,HR Specialist,995467.03,2014-11-20,2024-12-31,False
E003564,6,Operations,Financial Analyst,2093224.12,2024-06-01,2024-12-31,False
E003565,4,Sales,Business Analyst,927753.49,2024-04-30,2024-12-31,False
E003566,4,Sales,HR Specialist,297649.65,2020-07-12,2024-12-31,False
E003567,5,Marketing,Operations Analyst,1576045.75,2016-12-05,2024-12-31,False
E003568,4,Sales,Data Scientist,1805629.0,2004-03-21,2024-12-31,False
E003569,5,Marketing,Data Scientist,2344143.71,2016-02-19,2024-12-31,False
E003570,5,Marketing,Operations Analyst,1742552.29,2020-08-24,2024-12-31,False
E003571,3,Human Resources,Software Engineer,602323.32,2016-01-10,2024-12-31,False
E003572,4,Sales,Data Scientist,1165155.15,2022-01-17,2024-12-31,False
E003573,3,Human Resources,Senior Software Engineer,1017472.25,2023-12-17,2024-12-31,False
E003574,3,Human Resources,Marketing Specialist,792609.94,2024-03-12,2024-12-31,False
E003575,5,Marketing,Product Manager,447227.74,2012-12-23,2024-12-31,False
E003576,6,Operations,Financial Analyst,740927.71,2024-06-01,2024-12-31,False
E003577,5,Marketing,Sales Executive,2154398.12,2023-04-10,2024-12-31,False
E003578,1,Engineering,Product Manager,1229151.38,2024-05-06,2024-12-31,False
E003579,6,Operations,Sales Executive,1533179.42,2020-10-10,2024-12-31,False
E003580,1,Engineering,Operations Analyst,957179.29,2024-06-01,2024-12-31,False
E003581,4,Sales,Project Manager,897122.14,2019-07-07,2024-12-31,False
E003582,6,Operations,Financial Analyst,533815.43,2012-01-12,2024-12-31,False
E003583,1,Engineering,Sales Executive,1304599.34,2023-02-20,2024-12-31,False
E003584,3,Human Resources,Data Scientist,1833091.23,2018-10-25,2024-12-31,False
E003585,4,Sales,Software Engineer,362191.29,2023-03-07,2024-12-31,False
E003586,1,Engineering,Data Analyst,1822537.36,2024-03-30,2024-12-31,False
E003587,5,Marketing,Business Analyst,1660808.9,2001-07-24,2024-12-31,False
E003588,4,Sales,Business Analyst,1185137.13,2023-03-08,2024-12-31,False
E003589,3,Human Resources,HR Specialist,1281655.95,2016-11-09,2024-12-31,False
E003590,3,Human Resources,Project Manager,649436.68,2023-07-12,2024-12-31,False
E003591,4,Sales,Marketing Specialist,1767596.63,2019-12-09,2024-12-31,False
E003592,2,Finance,Software Engineer,1573147.93,2014-03-19,2024-12-31,False
E003593,5,Marketing,Software Engineer,1887676.27,2021-04-24,2024-12-31,False
E003594,6,Operations,Operations Analyst,807300.0,2020-07-06,2024-12-31,False
E003595,6,Operations,Software Engineer,1992327.66,2023-10-29,2024-12-31,False
E003596,1,Engineering,Product Manager,466568.77,2024-03-12,2024-12-31,False
E003597,6,Operations,Product Manager,814558.2,2023-12-14,2024-12-31,False
E003598,1,Engineering,Data Analyst,526162.16,2022-07-22,2024-12-31,False
E003599,3,Human Resources,Marketing Specialist,1237087.54,2022-07-22,2024-12-31,False
E003600,5,Marketing,Product Manager,1731006.94,2018-11-25,2024-12-31,False
E003601,4,Sales,Operations Analyst,1765434.81,2003-10-17,2024-12-31,False
E003602,5,Marketing,Financial Analyst,234996.95,2019-10-01,2024-12-31,False
E003603,3,Human Resources,Data Scientist,1092719.37,2024-05-14,2024-12-31,False
E003604,6,Operations,Senior Software Engineer,338353.73,2022-12-15,2024-12-31,False
E003605,4,Sales,Financial Analyst,945533.3,2024-03-02,2024-12-31,False
E003606,3,Human Resources,Business Analyst,1150868.81,2015-02-19,2024-12-31,False
E003607,6,Operations,Product Manager,2110162.2,2022-07-27,2024-12-31,False
E003608,4,Sales,Business Analyst,1309532.37,2023-01-02,2024-12-31,False
E003609,2,Finance,HR Specialist,353751.49,2021-10-30,2024-12-31,False
E003610,6,Operations,Product Manager,364016.9,2019-09-11,2024-12-31,False
E003611,2,Finance,Financial Analyst,1005406.84,2008-07-03,2024-12-31,False
E003612,5,Marketing,Product Manager,1359578.22,2024-05-10,2024-12-31,False
E003613,1,Engineering,Marketing Specialist,1650376.0,2023-03-25,2024-12-31,False
E003614,6,Operations,Data Scientist,1981660.68,2012-03-13,2024-12-31,False
E003615,5,Marketing,Data Scientist,1662996.26,2023-10-24,2024-12-31,False
E003616,4,Sales,Software Engineer,1140323.99,2024-06-01,2024-12-31,False
E003617,6,Operations,Product Manager,666421.1,2021-12-08,2024-12-31,False
E003618,3,Human Resources,Data Scientist,2300377.25,2022-02-05,2024-12-31,False
E003619,2,Finance,Senior Software Engineer,547706.82,2023-12-05,2024-12-31,False
E003620,3,Human Resources,Business Analyst,1726264.74,2024-06-01,2024-12-31,False
E003621,1,Engineering,Financial Analyst,2129324.37,2021-10-01,2024-12-31,False
E003622,4,Sales,Marketing Specialist,963022.29,2023-09-04,2024-12-31,False
E003623,1,Engineering,Operations Analyst,1263075.34,2021-07-14,2024-12-31,False
E003624,1,Engineering,Product Manager,1309432.24,2022-12-19,2024-12-31,False
E003625,6,Operations,Software Engineer,746280.0,2016-06-21,2024-12-31,False
E003626,3,Human Resources,HR Specialist,1438270.72,2023-11-18,2024-12-31,False
E003627,4,Sales,Software Engineer,1054620.01,2019-01-02,2024-12-31,False
E003628,4,Sales,Project Manager,1643495.03,2023-12-09,2024-12-31,False
E003629,1,Engineering,Financial Analyst,2052207.95,2021-03-15,2024-12-31,False
E003630,3,Human Resources,Financial Analyst,1011180.93,2024-04-27,2024-12-31,False
E003631,3,Human Resources,Sales Executive,1606197.18,2021-04-16,2024-12-31,False
E003632,5,Marketing,Business Analyst,1816772.08,2022-07-03,2024-12-31,False
E003633,1,Engineering,Data Analyst,1020291.23,2005-09-13,2024-12-31,False
E003634,4,Sales,Data Analyst,2031483.19,2019-05-02,2024-12-31,False
E003635,3,Human Resources,Product Manager,1838029.55,2022-02-25,2024-12-31,False
E003636,6,Operations,Software Engineer,2165860.67,2016-09-18,2024-12-31,False
E003637,6,Operations,Marketing Specialist,2010770.13,2020-06-22,2024-12-31,False
E003638,3,Human Resources,Sales Executive,810419.91,2009-01-24,2024-12-31,False
E003639,3,Human Resources,Operations Analyst,419238.29,2015-11-15,2024-12-31,False
E003640,4,Sales,Data Analyst,1415211.27,2009-05-20,2024-12-31,False
E003641,4,Sales,Financial Analyst,2369339.77,2006-07-17,2024-12-31,False
E003642,1,Engineering,HR Specialist,538343.55,2024-04-01,2024-12-31,False
E003643,6,Operations,Financial Analyst,346137.47,2019-05-28,2024-12-31,False
E003644,4,Sales,Software Engineer,1009198.7,2024-05-23,2024-12-31,False
E003645,6,Operations,Business Analyst,1748937.05,2021-10-14,2024-12-31,False
E003646,2,Finance,Software Engineer,2093615.91,2019-12-05,2024-12-31,False
E003647,5,Marketing,Operations Analyst,1358983.5,2015-06-07,2024-12-31,False
E003648,4,Sales,Sales Executive,2121109.45,2023-08-05,2024-12-31,False
E003649,4,Sales,HR Specialist,2236861.95,2024-06-01,2024-12-31,False
E003650,6,Operations,Senior Software Engineer,724652.12,2022-06-12,2024-12-31,False
E003651,3,Human Resources,Product Manager,360797.76,2023-01-09,2024-12-31,False
E003652,1,Engineering,Operations Analyst,642938.28,2023-04-14,2024-12-31,False
E003653,5,Marketing,Sales Executive,1650790.51,2023-11-11,2024-12-31,False
E003654,6,Operations,Financial Analyst,1390246.51,2021-04-27,2024-12-31,False
E003655,3,Human Resources,Data Analyst,2048815.7,2024-06-01,2024-12-31,False
E003656,2,Finance,Product Manager,678233.02,2021-10-19,2024-12-31,False
E003657,2,Finance,Software Engineer,1480497.66,2022-12-30,2024-12-31,False
E003658,1,Engineering,Marketing Specialist,1879761.79,2006-08-03,2024-12-31,False
E003659,4,Sales,Operations Analyst,1299927.34,2023-12-12,2024-12-31,False
E003660,2,Finance,HR Specialist,1770843.03,2023-06-02,2024-12-31,False
E003661,2,Finance,Data Analyst,2338832.36,2023-11-12,2024-12-31,False
E003662,4,Sales,Senior Software Engineer,1984704.4,2024-06-01,2024-12-31,False
E003663,3,Human Resources,Data Scientist,948921.65,2020-07-17,2024-12-31,False
E003664,1,Engineering,Financial Analyst,797739.49,2024-06-01,2024-12-31,False
E003665,4,Sales,Software Engineer,1992997.71,2024-05-18,2024-12-31,False
E003666,4,Sales,HR Specialist,540296.1,2021-01-21,2024-12-31,False
E003667,2,Finance,Business Analyst,1167615.03,2021-02-20,2024-12-31,False
E003668,3,Human Resources,Financial Analyst,1945683.58,2022-11-12,2024-12-31,False
E003669,5,Marketing,Data Scientist,1133243.67,2008-09-05,2024-12-31,False
E003670,3,Human Resources,Marketing Specialist,415569.01,2024-02-28,2024-12-31,False
E003671,1,Engineering,Product Manager,1904215.54,2015-03-30,2024-12-31,False
E003672,1,Engineering,Sales Executive,359848.51,2024-02-21,2024-12-31,False
E003673,4,Sales,Operations Analyst,843586.86,2023-11-12,2024-12-31,False
E003674,2,Finance,Operations Analyst,1536539.63,2024-06-01,2024-12-31,False
E003675,3,Human Resources,Project Manager,2132238.38,2020-03-07,2024-12-31,False
E003676,2,Finance,Data Analyst,2196413.73,2019-04-10,2024-12-31,False
E003677,2,Finance,Data Analyst,2002701.82,2021-07-25,2024-12-31,False
E003678,2,Finance,Product Manager,1947392.18,2024-06-01,2024-12-31,False
E003679,4,Sales,Sales Executive,1190645.53,2019-03-26,2024-12-31,False
E003680,4,Sales,Senior Software Engineer,1986431.49,2023-07-05,2024-12-31,False
E003681,6,Operations,Product Manager,662039.5,2022-02-20,2024-12-31,False
E003682,4,Sales,Product Manager,1537221.36,2023-02-28,2024-12-31,False
E003683,2,Finance,Sales Executive,429589.93,2008-05-26,2024-12-31,False
E003684,6,Operations,Business Analyst,1232321.04,2017-01-31,2024-12-31,False
E003685,5,Marketing,Product Manager,2111474.19,2024-06-01,2024-12-31,False
E003686,1,Engineering,Product Manager,856067.96,2004-10-28,2024-12-31,False
E003687,5,Marketing,HR Specialist,1933870.8,2016-03-21,2024-12-31,False
E003688,2,Finance,Product Manager,1224671.12,2023-11-01,2024-12-31,False
E003689,6,Operations,HR Specialist,491883.7,2021-03-17,2024-12-31,False
E003690,2,Finance,Business Analyst,1486936.16,2018-06-02,2024-12-31,False
E003691,6,Operations,Business Analyst,1323968.74,2021-11-21,2024-12-31,False
E003692,5,Marketing,Senior Software Engineer,2048418.25,2018-11-01,2024-12-31,False
E003693,2,Finance,Operations Analyst,1614225.57,2010-12-28,2024-12-31,False
E003694,2,Finance,Business Analyst,1891132.47,2014-10-22,2024-12-31,False
E003695,3,Human Resources,Marketing Specialist,1948607.33,2022-10-25,2024-12-31,False
E003696,4,Sales,Business Analyst,1866730.24,2020-12-09,2024-12-31,False
E003697,6,Operations,Senior Software Engineer,2073313.54,2017-02-01,2024-12-31,False
E003698,3,Human Resources,Marketing Specialist,1218183.87,2019-10-29,2024-12-31,False
E003699,2,Finance,Marketing Specialist,940158.51,2021-01-11,2024-12-31,False
E003700,5,Marketing,Senior Software Engineer,1457912.61,2021-08-26,2024-12-31,False
E003701,3,Human Resources,Senior Software Engineer,1318916.23,2021-08-02,2024-12-31,False
E003702,2,Finance,Product Manager,2063974.89,2023-12-25,2024-12-31,False
E003703,1,Engineering,Business Analyst,2054500.53,2023-03-29,2024-12-31,False
E003704,6,Operations,Senior Software Engineer,1386614.01,2020-11-10,2024-12-31,False
E003705,6,Operations,Data Scientist,1628095.14,2018-09-11,2024-12-31,False
E003706,6,Operations,Senior Software Engineer,348868.21,2017-10-02,2024-12-31,False
E003707,5,Marketing,Project Manager,2198027.63,2022-08-05,2024-12-31,False
E003708,6,Operations,Data Scientist,1520056.05,2024-06-01,2024-12-31,False
E003709,2,Finance,Software Engineer,299517.01,2011-11-04,2024-12-31,False
E003710,1,Engineering,HR Specialist,1187368.22,2013-10-26,2024-12-31,False
E003711,6,Operations,Project Manager,1880140.35,2022-01-22,2024-12-31,False
E003712,6,Operations,Project Manager,1009120.76,2021-01-27,2024-12-31,False
E003713,3,Human Resources,Senior Software Engineer,885855.95,2021-08-09,2024-12-31,False
E003714,2,Finance,HR Specialist,689310.17,2020-06-25,2024-12-31,False
E003715,3,Human Resources,Project Manager,849949.19,2005-12-03,2024-12-31,False
E003716,2,Finance,Financial Analyst,625507.5,2020-06-17,2024-12-31,False
E003717,1,Engineering,Project Manager,1832970.49,2019-03-29,2024-12-31,False
E003718,3,Human Resources,Software Engineer,1584872.16,2024-06-01,2024-12-31,False
E003719,1,Engineering,Product Manager,904148.62,2020-10-22,2024-12-31,False
E003720,5,Marketing,Business Analyst,1178987.33,2023-01-12,2024-12-31,False
E003721,4,Sales,Operations Analyst,1891043.04,2016-05-03,2024-12-31,False
E003722,4,Sales,Senior Software Engineer,2227073.3,2023-07-15,2024-12-31,False
E003723,1,Engineering,Software Engineer,1640937.39,2022-06-18,2024-12-31,False
E003724,2,Finance,Sales Executive,1534463.77,2024-06-01,2024-12-31,False
E003725,2,Finance,Project Manager,536935.45,2017-04-20,2024-12-31,False
E003726,2,Finance,Operations Analyst,1911727.54,2017-04-13,2024-12-31,False
E003727,2,Finance,Sales Executive,997778.84,2015-07-02,2024-12-31,False
E003728,1,Engineering,Financial Analyst,663366.95,2017-12-18,2024-12-31,False
E003729,4,Sales,Marketing Specialist,1018989.66,2017-12-15,2024-12-31,False
E003730,6,Operations,Business Analyst,2017391.72,2022-10-12,2024-12-31,False
E003731,5,Marketing,Sales Executive,1900510.2,2006-09-13,2024-12-31,False
E003732,2,Finance,Senior Software Engineer,2304799.13,2024-06-01,2024-12-31,False
E003733,1,Engineering,Sales Executive,2179988.5,2022-07-30,2024-12-31,False
E003734,6,Operations,HR Specialist,2237435.4,2023-12-14,2024-12-31,False
E003735,2,Finance,Marketing Specialist,1213506.57,2002-08-14,2024-12-31,False
E003736,4,Sales,Sales Executive,411743.52,2022-08-26,2024-12-31,False
E003737,5,Marketing,Senior Software Engineer,802033.31,2022-06-13,2024-12-31,False
E003738,3,Human Resources,Data Analyst,1297004.32,2008-06-18,2024-12-31,False
E003739,1,Engineering,Marketing Specialist,332688.12,2021-08-03,2024-12-31,False
E003740,5,Marketing,HR Specialist,1991292.4,2014-03-04,2024-12-31,False
E003741,2,Finance,Business Analyst,1062835.97,2023-03-11,2024-12-31,False
E003742,5,Marketing,Senior Software Engineer,1911893.17,2013-06-28,2024-12-31,False
E003743,1,Engineering,Product Manager,1974666.39,2020-06-12,2024-12-31,False
E003744,1,Engineering,Financial Analyst,513611.53,2023-07-30,2024-12-31,False
E003745,2,Finance,Marketing Specialist,1977408.84,2024-01-10,2024-12-31,False
E003746,4,Sales,Data Analyst,568797.23,2023-05-16,2024-12-31,False
E003747,2,Finance,Product Manager,450970.03,2021-12-07,2024-12-31,False
E003748,1,Engineering,Sales Executive,695186.7,2023-10-19,2024-12-31,False
E003749,2,Finance,Financial Analyst,292845.14,2023-10-09,2024-12-31,False
E003750,2,Finance,Financial Analyst,2261298.55,2024-02-27,2024-12-31,False
E003751,4,Sales,Software Engineer,863264.36,2013-04-29,2024-12-31,False
E003752,1,Engineering,Data Analyst,477443.49,2020-01-19,2024-12-31,False
E003753,3,Human Resources,Sales Executive,503570.27,2024-06-01,2024-12-31,False
E003754,5,Marketing,Data Analyst,417164.93,2021-03-19,2024-12-31,False
E003755,3,Human Resources,Business Analyst,381456.84,2011-10-15,2024-12-31,False
E003756,4,Sales,Project Manager,1354145.4,2017-06-18,2024-12-31,False
E003757,3,Human Resources,Financial Analyst,1509153.47,2022-10-08,2024-12-31,False
E003758,6,Operations,Marketing Specialist,831223.32,2019-05-20,2024-12-31,False
E003759,2,Finance,HR Specialist,1383734.39,2022-05-08,2024-12-31,False
E003760,6,Operations,Product Manager,1536350.34,2024-06-01,2024-12-31,False
E003761,5,Marketing,Project Manager,1568355.43,2024-06-01,2024-12-31,False
E003762,3,Human Resources,Business Analyst,1636722.8,2019-04-03,2024-12-31,False
E003763,5,Marketing,Product Manager,1262414.11,2024-06-01,2024-12-31,False
E003764,1,Engineering,Data Scientist,1632389.44,2018-08-17,2024-12-31,False
E003765,3,Human Resources,Product Manager,988967.87,2014-02-03,2024-12-31,False
E003766,5,Marketing,Data Scientist,652997.36,2024-06-01,2024-12-31,False
E003767,5,Marketing,Marketing Specialist,1747636.94,2023-12-17,2024-12-31,False
E003768,3,Human Resources,Business Analyst,300795.48,2015-12-06,2024-12-31,False
E003769,3,Human Resources,Project Manager,1573371.44,2024-06-01,2024-12-31,False
E003770,6,Operations,Marketing Specialist,1382977.81,2021-08-11,2024-12-31,False
E003771,5,Marketing,Sales Executive,456668.03,2011-05-31,2024-12-31,False
E003772,5,Marketing,Data Analyst,1912478.68,2023-12-01,2024-12-31,False
E003773,1,Engineering,Senior Software Engineer,2061784.23,2018-01-31,2024-12-31,False
E003774,5,Marketing,Sales Executive,1209033.63,2018-07-31,2024-12-31,False
E003775,3,Human Resources,Project Manager,861957.91,2014-06-24,2024-12-31,False
E003776,3,Human Resources,Senior Software Engineer,1183223.27,2018-06-01,2024-12-31,False
E003777,2,Finance,Operations Analyst,1408130.3,2021-04-05,2024-12-31,False
E003778,1,Engineering,Product Manager,1938898.49,2021-03-11,2024-12-31,False
E003779,2,Finance,Data Analyst,943646.47,2022-10-30,2024-12-31,False
E003780,1,Engineering,Software Engineer,648401.45,2022-07-15,2024-12-31,False
E003781,1,Engineering,Marketing Specialist,1220065.86,2019-10-05,2024-12-31,False
E003782,2,Finance,Sales Executive,1546277.77,2023-06-25,2024-12-31,False
E003783,1,Engineering,Project Manager,1736806.84,2011-12-01,2024-12-31,False
E003784,6,Operations,Project Manager,728649.86,2014-07-02,2024-12-31,False
E003785,2,Finance,Data Scientist,940703.0,2016-12-22,2024-12-31,False
E003786,6,Operations,Financial Analyst,703062.26,2024-06-01,2024-12-31,False
E003787,4,Sales,Data Analyst,1026776.43,2024-02-24,2024-12-31,False
E003788,2,Finance,Operations Analyst,669789.02,2021-06-03,2024-12-31,False
E003789,4,Sales,Marketing Specialist,1412018.37,2015-10-04,2024-12-31,False
E003790,2,Finance,Financial Analyst,2256071.93,2018-12-12,2024-12-31,False
E003791,3,Human Resources,Sales Executive,2115493.02,2019-01-04,2024-12-31,False
E003792,6,Operations,Business Analyst,344306.48,2020-12-24,2024-12-31,False
E003793,2,Finance,Software Engineer,1779025.71,2023-03-28,2024-12-31,False
E003794,3,Human Resources,Operations Analyst,1562901.82,2019-06-10,2024-12-31,False
E003795,5,Marketing,Financial Analyst,1949341.35,2022-05-21,2024-12-31,False
E003796,1,Engineering,Software Engineer,1341866.87,2022-12-26,2024-12-31,False
E003797,4,Sales,Operations Analyst,469647.47,2023-02-05,2024-12-31,False
E003798,3,Human Resources,HR Specialist,1313711.18,2020-05-12,2024-12-31,False
E003799,3,Human Resources,HR Specialist,1791346.04,2023-07-24,2024-12-31,False
E003800,2,Finance,Sales Executive,1020172.85,2023-12-03,2024-12-31,False
E003801,6,Operations,Business Analyst,802760.07,2006-12-05,2024-12-31,False
E003802,4,Sales,Software Engineer,1625992.45,2023-02-10,2024-12-31,False
E003803,4,Sales,Business Analyst,1920190.54,2023-12-08,2024-12-31,False
E003804,5,Marketing,Business Analyst,584767.62,2024-06-01,2024-12-31,False
E003805,4,Sales,Senior Software Engineer,1525549.68,2009-03-17,2024-12-31,False
E003806,1,Engineering,Software Engineer,712434.75,2019-05-27,2024-12-31,False
E003807,1,Engineering,Project Manager,731339.68,2021-01-17,2024-12-31,False
E003808,4,Sales,Sales Executive,1076949.07,2011-04-07,2024-12-31,False
E003809,2,Finance,Data Analyst,1128315.3,2024-03-08,2024-12-31,False
E003810,6,Operations,Data Analyst,267017.62,2023-12-16,2024-12-31,False
E003811,5,Marketing,Product Manager,733023.14,2004-06-14,2024-12-31,False
E003812,3,Human Resources,Data Analyst,1523735.05,2024-05-02,2024-12-31,False
E003813,4,Sales,Data Analyst,1267214.65,2023-12-04,2024-12-31,False
E003814,4,Sales,Software Engineer,1125620.52,2006-10-15,2024-12-31,False
E003815,3,Human Resources,Business Analyst,550469.14,2022-06-20,2024-12-31,False
E003816,2,Finance,Project Manager,1479231.59,2023-03-16,2024-12-31,False
E003817,1,Engineering,Marketing Specialist,585153.84,2024-06-01,2024-12-31,False
E003818,2,Finance,Sales Executive,1728235.87,2024-06-01,2024-12-31,False
E003819,4,Sales,Product Manager,609584.27,2024-06-01,2024-12-31,False
E003820,6,Operations,Data Scientist,1681847.2,2022-04-13,2024-12-31,False
E003821,1,Engineering,Business Analyst,730857.53,2024-01-16,2024-12-31,False
E003822,1,Engineering,Senior Software Engineer,1999430.31,2010-09-01,2024-12-31,False
E003823,4,Sales,Data Analyst,763388.25,2024-02-13,2024-12-31,False
E003824,2,Finance,Marketing Specialist,1562534.01,2024-06-01,2024-12-31,False
E003825,1,Engineering,Project Manager,1117334.83,2023-11-27,2024-12-31,False
E003826,6,Operations,Business Analyst,1406589.77,2023-01-03,2024-12-31,False
E003827,3,Human Resources,Marketing Specialist,1990849.84,2023-04-18,2024-12-31,False
E003828,2,Finance,Data Scientist,1620638.81,2004-03-16,2024-12-31,False
E003829,1,Engineering,Sales Executive,758878.12,2018-01-13,2024-12-31,False
E003830,6,Operations,Project Manager,863950.61,2022-12-19,2024-12-31,False
E003831,4,Sales,Marketing Specialist,1630771.02,2015-03-05,2024-12-31,False
E003832,3,Human Resources,HR Specialist,596296.69,2016-07-01,2024-12-31,False
E003833,2,Finance,Operations Analyst,403697.87,2023-01-23,2024-12-31,False
E003834,6,Operations,Marketing Specialist,1035628.48,2023-08-14,2024-12-31,False
E003835,5,Marketing,Data Scientist,2009117.82,2023-07-04,2024-12-31,False
E003836,4,Sales,Data Scientist,1409466.0,2022-01-27,2024-12-31,False
E003837,5,Marketing,Sales Executive,323815.64,2016-08-26,2024-12-31,False
E003838,5,Marketing,Operations Analyst,2327290.47,2023-07-21,2024-12-31,False
E003839,5,Marketing,Business Analyst,1826037.52,2013-10-07,2024-12-31,False
E003840,5,Marketing,Operations Analyst,2191467.29,2023-06-11,2024-12-31,False
E003841,6,Operations,Product Manager,1258702.69,2023-04-04,2024-12-31,False
E003842,2,Finance,Marketing Specialist,1233657.92,2017-02-21,2024-12-31,False
E003843,3,Human Resources,Financial Analyst,515590.67,2021-11-13,2024-12-31,False
E003844,2,Finance,Product Manager,1556681.59,2023-06-06,2024-12-31,False
E003845,2,Finance,Data Analyst,322133.5,2019-01-28,2024-12-31,False
E003846,6,Operations,Senior Software Engineer,516311.57,2017-04-30,2024-12-31,False
E003847,1,Engineering,Sales Executive,1890107.64,2012-03-11,2024-12-31,False
E003848,1,Engineering,HR Specialist,830117.05,2013-07-02,2024-12-31,False
E003849,5,Marketing,HR Specialist,2209918.77,2010-05-19,2024-12-31,False
E003850,4,Sales,Operations Analyst,1676920.82,2014-10-30,2024-12-31,False
E003851,2,Finance,Product Manager,1143815.26,2019-12-10,2024-12-31,False
E003852,5,Marketing,Data Analyst,1550814.26,2015-07-11,2024-12-31,False
E003853,3,Human Resources,Marketing Specialist,2114735.43,2024-01-08,2024-12-31,False
E003854,5,Marketing,Financial Analyst,784302.78,2012-09-16,2024-12-31,False
E003855,1,Engineering,Sales Executive,1267102.97,2023-08-24,2024-12-31,False
E003856,4,Sales,Product Manager,2211982.43,2023-12-24,2024-12-31,False
E003857,3,Human Resources,HR Specialist,973174.04,2024-04-06,2024-12-31,False
E003858,5,Marketing,HR Specialist,675205.63,2021-05-18,2024-12-31,False
E003859,1,Engineering,Financial Analyst,376199.29,2016-09-04,2024-12-31,False
E003860,6,Operations,Product Manager,1373382.85,2024-06-01,2024-12-31,False
E003861,2,Finance,Data Scientist,1959547.22,2023-06-09,2024-12-31,False
E003862,3,Human Resources,Financial Analyst,1071629.95,2023-06-07,2024-12-31,False
E003863,3,Human Resources,Business Analyst,818843.01,2017-10-09,2024-12-31,False
E003864,2,Finance,Business Analyst,1223146.25,2022-04-27,2024-12-31,False
E003865,1,Engineering,Product Manager,623623.25,2014-10-23,2024-12-31,False
E003866,1,Engineering,Software Engineer,2146974.96,2023-12-20,2024-12-31,False
E003867,4,Sales,Senior Software Engineer,617522.93,2022-04-14,2024-12-31,False
E003868,5,Marketing,Software Engineer,479054.81,2023-08-19,2024-12-31,False
E003869,1,Engineering,Software Engineer,1356619.0,2016-08-14,2024-12-31,False
E003870,1,Engineering,Financial Analyst,2156761.39,2015-05-25,2024-12-31,False
E003871,2,Finance,Product Manager,1807823.88,2012-01-17,2024-12-31,False
E003872,1,Engineering,Data Analyst,1378547.45,2023-11-16,2024-12-31,False
E003873,4,Sales,Product Manager,665684.08,2018-04-14,2024-12-31,False
E003874,5,Marketing,Software Engineer,1442269.25,2008-03-07,2024-12-31,False
E003875,4,Sales,Operations Analyst,1309686.27,2018-08-01,2024-12-31,False
E003876,3,Human Resources,Data Scientist,1776915.96,2016-10-01,2024-12-31,False
E003877,4,Sales,Marketing Specialist,1408955.82,2022-10-06,2024-12-31,False
E003878,2,Finance,Project Manager,1826070.82,2024-01-25,2024-12-31,False
E003879,5,Marketing,Sales Executive,874955.3,2019-07-17,2024-12-31,False
E003880,5,Marketing,Financial Analyst,796755.56,2012-08-13,2024-12-31,False
E003881,3,Human Resources,Financial Analyst,306695.71,2011-09-18,2024-12-31,False
E003882,3,Human Resources,Marketing Specialist,2004040.07,2017-01-07,2024-12-31,False
E003883,4,Sales,Business Analyst,857950.92,2024-06-01,2024-12-31,False
E003884,2,Finance,Operations Analyst,1067928.63,2024-06-01,2024-12-31,False
E003885,6,Operations,Marketing Specialist,858728.37,2009-05-16,2024-12-31,False
E003886,1,Engineering,Project Manager,1773302.22,2017-09-17,2024-12-31,False
E003887,6,Operations,Product Manager,1528564.74,2023-04-02,2024-12-31,False
E003888,3,Human Resources,Financial Analyst,1135804.52,2013-06-21,2024-12-31,False
E003889,5,Marketing,Operations Analyst,1832016.77,2017-05-19,2024-12-31,False
E003890,4,Sales,Business Analyst,1748614.42,2019-10-27,2024-12-31,False
E003891,3,Human Resources,Data Scientist,1549796.43,2024-06-01,2024-12-31,False
E003892,5,Marketing,Product Manager,1135463.63,2020-02-20,2024-12-31,False
E003893,1,Engineering,Marketing Specialist,1105172.53,2022-12-11,2024-12-31,False
E003894,3,Human Resources,Financial Analyst,1977707.46,2017-04-10,2024-12-31,False
E003895,5,Marketing,Product Manager,1603751.8,2021-12-07,2024-12-31,False
E003896,1,Engineering,Sales Executive,1346854.97,2019-12-19,2024-12-31,False
E003897,2,Finance,Financial Analyst,1914757.23,2024-03-17,2024-12-31,False
E003898,2,Finance,Project Manager,2008508.13,2011-06-24,2024-12-31,False
E003899,3,Human Resources,Software Engineer,1048463.29,2020-06-29,2024-12-31,False
E003900,5,Marketing,HR Specialist,958257.01,2012-11-30,2024-12-31,False
E003901,3,Human Resources,Software Engineer,1250548.74,2024-01-12,2024-12-31,False
E003902,5,Marketing,Product Manager,1841184.31,2016-12-10,2024-12-31,False
E003903,3,Human Resources,Software Engineer,1272545.82,2014-03-30,2024-12-31,False
E003904,2,Finance,Operations Analyst,1759910.03,2012-02-02,2024-12-31,False
E003905,6,Operations,Business Analyst,1913565.6,2024-06-01,2024-12-31,False
E003906,1,Engineering,Project Manager,1608024.48,2013-08-16,2024-12-31,False
E003907,3,Human Resources,Operations Analyst,1707227.4,2023-02-04,2024-12-31,False
E003908,2,Finance,Data Scientist,540219.68,2022-07-27,2024-12-31,False
E003909,1,Engineering,Data Scientist,885305.49,2024-06-01,2024-12-31,False
E003910,1,Engineering,Software Engineer,803015.98,2024-01-25,2024-12-31,False
E003911,4,Sales,Data Analyst,2206375.74,2011-03-14,2024-12-31,False
E003912,3,Human Resources,Data Scientist,431863.76,2016-02-01,2024-12-31,False
E003913,2,Finance,HR Specialist,520853.99,2023-12-19,2024-12-31,False
E003914,5,Marketing,Software Engineer,2061050.06,2016-09-10,2024-12-31,False
E003915,3,Human Resources,Data Analyst,808416.24,2024-06-01,2024-12-31,False
E003916,5,Marketing,Financial Analyst,859174.09,2024-06-01,2024-12-31,False
E003917,5,Marketing,Project Manager,1319579.51,2021-02-03,2024-12-31,False
E003918,1,Engineering,Sales Executive,1525038.0,2018-12-11,2024-12-31,False
E003919,4,Sales,Financial Analyst,1211814.75,2017-09-06,2024-12-31,False
E003920,1,Engineering,Data Analyst,1662169.82,2006-09-10,2024-12-31,False
E003921,6,Operations,Project Manager,2242379.0,2024-06-01,2024-12-31,False
E003922,4,Sales,HR Specialist,1824945.66,2018-03-09,2024-12-31,False
E003923,1,Engineering,Financial Analyst,2007440.96,2014-11-02,2024-12-31,False
E003924,5,Marketing,Project Manager,821307.07,2016-12-17,2024-12-31,False
E003925,1,Engineering,Operations Analyst,1009801.74,2007-09-11,2024-12-31,False
E003926,3,Human Resources,Business Analyst,1951911.14,2023-01-12,2024-12-31,False
E003927,3,Human Resources,Data Analyst,1338170.46,2023-12-17,2024-12-31,False
E003928,2,Finance,Data Analyst,1217832.23,2022-09-12,2024-12-31,False
E003929,4,Sales,Operations Analyst,1825438.98,2023-10-03,2024-12-31,False
E003930,4,Sales,Project Manager,355919.01,2013-07-22,2024-12-31,False
E003931,1,Engineering,Data Analyst,401243.53,2015-10-25,2024-12-31,False
E003932,6,Operations,Senior Software Engineer,360034.5,2022-07-04,2024-12-31,False
E003933,4,Sales,Business Analyst,987211.4,2021-11-25,2024-12-31,False
E003934,1,Engineering,Data Scientist,593584.54,2024-06-01,2024-12-31,False
E003935,2,Finance,Software Engineer,1204452.5,2016-01-14,2024-12-31,False
E003936,4,Sales,Business Analyst,2047442.51,2022-03-01,2024-12-31,False
E003937,3,Human Resources,Marketing Specialist,1441177.77,2010-11-01,2024-12-31,False
E003938,5,Marketing,Software Engineer,2123043.45,2023-12-14,2024-12-31,False
E003939,5,Marketing,Project Manager,387185.65,2020-10-27,2024-12-31,False
E003940,1,Engineering,Software Engineer,1267398.02,2024-06-01,2024-12-31,False
E003941,4,Sales,Sales Executive,1326952.54,2023-03-22,2024-12-31,False
E003942,6,Operations,Marketing Specialist,1159281.42,2021-06-29,2024-12-31,False
E003943,6,Operations,Project Manager,2266764.13,2024-01-19,2024-12-31,False
E003944,2,Finance,HR Specialist,1239069.78,2023-08-12,2024-12-31,False
E003945,4,Sales,Product Manager,2321976.75,2009-08-06,2024-12-31,False
E003946,4,Sales,Data Scientist,1741803.93,2021-03-24,2024-12-31,False
E003947,4,Sales,Data Scientist,1074847.48,2024-04-19,2024-12-31,False
E003948,3,Human Resources,Data Scientist,1019049.83,2019-09-20,2024-12-31,False
E003949,3,Human Resources,Sales Executive,1539124.5,2008-10-12,2024-12-31,False
E003950,3,Human Resources,Software Engineer,505887.56,2022-06-04,2024-12-31,False
E003951,3,Human Resources,Sales Executive,1143575.55,2020-03-28,2024-12-31,False
E003952,5,Marketing,Product Manager,1561179.3,2024-02-01,2024-12-31,False
E003953,3,Human Resources,Business Analyst,1983119.74,2024-06-01,2024-12-31,False
E003954,1,Engineering,Marketing Specialist,1415979.78,2024-06-01,2024-12-31,False
E003955,6,Operations,Data Scientist,597149.92,2022-10-11,2024-12-31,False
E003956,3,Human Resources,Project Manager,1045576.81,2024-06-01,2024-12-31,False
E003957,3,Human Resources,Data Analyst,1465701.5,2024-06-01,2024-12-31,False
E003958,1,Engineering,Business Analyst,613889.61,2020-05-31,2024-12-31,False
E003959,5,Marketing,Business Analyst,1513066.51,2024-03-24,2024-12-31,False
E003960,3,Human Resources,Software Engineer,1915866.65,2020-07-19,2024-12-31,False
E003961,5,Marketing,HR Specialist,1166445.22,2022-09-09,2024-12-31,False
E003962,2,Finance,Project Manager,296249.23,2017-05-06,2024-12-31,False
E003963,6,Operations,Marketing Specialist,1907688.95,2022-11-06,2024-12-31,False
E003964,3,Human Resources,Senior Software Engineer,304304.14,2011-09-19,2024-12-31,False
E003965,3,Human Resources,Business Analyst,1838862.03,2024-06-01,2024-12-31,False
E003966,5,Marketing,Data Analyst,338294.68,2023-12-18,2024-12-31,False
E003967,6,Operations,Project Manager,891281.14,2024-06-01,2024-12-31,False
E003968,4,Sales,Operations Analyst,938611.59,2019-08-25,2024-12-31,False
E003969,3,Human Resources,Operations Analyst,1187075.48,2023-02-22,2024-12-31,False
E003970,2,Finance,Marketing Specialist,1303551.66,2017-05-26,2024-12-31,False
E003971,3,Human Resources,Business Analyst,1729388.44,2022-09-04,2024-12-31,False
E003972,2,Finance,Senior Software Engineer,1190177.74,2020-10-29,2024-12-31,False
E003973,2,Finance,Financial Analyst,890977.56,2015-12-01,2024-12-31,False
E003974,2,Finance,Sales Executive,1944259.85,2007-09-20,2024-12-31,False
E003975,2,Finance,Marketing Specialist,1187972.14,2014-12-01,2024-12-31,False
E003976,6,Operations,Product Manager,261199.08,2022-11-20,2024-12-31,False
E003977,2,Finance,Product Manager,1870281.22,2023-10-07,2024-12-31,False
E003978,4,Sales,Operations Analyst,2209794.58,2023-08-08,2024-12-31,False
E003979,5,Marketing,HR Specialist,2139885.3,2023-12-22,2024-12-31,False
E003980,4,Sales,Data Scientist,904574.73,2010-10-05,2024-12-31,False
E003981,3,Human Resources,Marketing Specialist,1048178.29,2011-11-09,2024-12-31,False
E003982,2,Finance,Sales Executive,760503.48,2019-01-21,2024-12-31,False
E003983,2,Finance,Financial Analyst,324841.23,2023-04-06,2024-12-31,False
E003984,4,Sales,Marketing Specialist,1968126.6,2024-05-05,2024-12-31,False
E003985,5,Marketing,Senior Software Engineer,2298391.92,2020-11-21,2024-12-31,False
E003986,6,Operations,Sales Executive,813738.09,2023-12-22,2024-12-31,False
E003987,5,Marketing,Sales Executive,769855.79,2024-06-01,2024-12-31,False
E003988,5,Marketing,Project Manager,794270.65,2022-08-25,2024-12-31,False
E003989,6,Operations,Financial Analyst,458630.25,2023-12-17,2024-12-31,False
E003990,1,Engineering,Project Manager,1970135.66,2022-10-14,2024-12-31,False
E003991,5,Marketing,Operations Analyst,2035092.27,2022-12-22,2024-12-31,False
E003992,2,Finance,Software Engineer,1166702.16,2021-04-29,2024-12-31,False
E003993,5,Marketing,Financial Analyst,286086.19,2023-06-07,2024-12-31,False
E003994,1,Engineering,HR Specialist,1478161.26,2023-01-05,2024-12-31,False
E003995,4,Sales,Product Manager,2066903.06,2023-09-08,2024-12-31,False
E003996,2,Finance,Financial Analyst,890072.0,2020-06-10,2024-12-31,False
E003997,4,Sales,Software Engineer,2001603.4,2023-11-20,2024-12-31,False
E003998,2,Finance,Business Analyst,326065.57,2024-06-01,2024-12-31,False
E003999,5,Marketing,Project Manager,1938316.54,2023-12-22,2024-12-31,False
E004000,2,Finance,Senior Software Engineer,1221282.21,2024-06-01,2024-12-31,False
E004001,5,Marketing,Operations Analyst,1401154.27,2024-06-01,2024-12-31,False
E004002,1,Engineering,Operations Analyst,1531082.74,2022-08-07,2024-12-31,False
E004003,2,Finance,Marketing Specialist,786913.12,2023-06-24,2024-12-31,False
E004004,5,Marketing,HR Specialist,1919100.45,2013-01-16,2024-12-31,False
E004005,2,Finance,Sales Executive,1856597.71,2023-12-06,2024-12-31,False
E004006,6,Operations,Sales Executive,1471471.73,2021-11-10,2024-12-31,False
E004007,2,Finance,Financial Analyst,900193.55,2015-08-16,2024-12-31,False
E004008,3,Human Resources,HR Specialist,798700.07,2015-12-27,2024-12-31,False
E004009,1,Engineering,HR Specialist,2037919.21,2018-03-26,2024-12-31,False
E004010,4,Sales,Senior Software Engineer,690238.24,2010-09-29,2024-12-31,False
E004011,2,Finance,Project Manager,800259.78,2019-06-22,2024-12-31,False
E004012,1,Engineering,Product Manager,1295352.73,2014-05-12,2024-12-31,False
E004013,2,Finance,Financial Analyst,327533.35,2023-08-24,2024-12-31,False
E004014,3,Human Resources,Data Scientist,307163.76,2020-09-28,2024-12-31,False
E004015,4,Sales,Business Analyst,1704877.21,2024-06-01,2024-12-31,False
E004016,4,Sales,Product Manager,2178032.54,2024-06-01,2024-12-31,False
E004017,4,Sales,Sales Executive,1183958.73,2018-09-01,2024-12-31,False
E004018,1,Engineering,Operations Analyst,686579.75,2022-11-30,2024-12-31,False
E004019,1,Engineering,Operations Analyst,1880081.99,2015-10-01,2024-12-31,False
E004020,3,Human Resources,Data Scientist,1165135.12,2012-05-17,2024-12-31,False
E004021,6,Operations,Project Manager,2225093.8,2021-10-28,2024-12-31,False
E004022,6,Operations,Sales Executive,1700060.9,2023-05-28,2024-12-31,False
E004023,4,Sales,Senior Software Engineer,2087705.1,2022-06-30,2024-12-31,False
E004024,5,Marketing,Product Manager,828892.42,2011-06-01,2024-12-31,False
E004025,4,Sales,HR Specialist,1639239.96,2024-03-20,2024-12-31,False
E004026,3,Human Resources,Product Manager,1479343.18,2022-11-20,2024-12-31,False
E004027,5,Marketing,Marketing Specialist,1470076.64,2024-06-01,2024-12-31,False
E004028,5,Marketing,Senior Software Engineer,1231499.39,2011-11-11,2024-12-31,False
E004029,1,Engineering,Software Engineer,499815.2,2017-08-15,2024-12-31,False
E004030,2,Finance,Sales Executive,488395.37,2016-09-21,2024-12-31,False
E004031,3,Human Resources,Product Manager,1939121.34,2024-05-17,2024-12-31,False
E004032,1,Engineering,HR Specialist,2196387.15,2021-06-09,2024-12-31,False
E004033,4,Sales,Sales Executive,1952767.59,2017-02-13,2024-12-31,False
E004034,3,Human Resources,Software Engineer,804614.82,2021-12-08,2024-12-31,False
E004035,6,Operations,Sales Executive,1422143.48,2015-03-05,2024-12-31,False
E004036,1,Engineering,Operations Analyst,1371445.92,2023-04-15,2024-12-31,False
E004037,6,Operations,Financial Analyst,2403606.24,2023-12-06,2024-12-31,False
E004038,5,Marketing,HR Specialist,1362907.09,2020-08-13,2024-12-31,False
E004039,6,Operations,Marketing Specialist,677438.23,2023-04-07,2024-12-31,False
E004040,5,Marketing,Data Scientist,1389614.07,2019-05-28,2024-12-31,False
E004041,2,Finance,Marketing Specialist,1534649.09,2022-09-21,2024-12-31,False
E004042,3,Human Resources,Software Engineer,1780700.67,2018-05-13,2024-12-31,False
E004043,5,Marketing,Financial Analyst,857701.03,2022-01-30,2024-12-31,False
E004044,4,Sales,HR Specialist,1151816.13,2023-05-29,2024-12-31,False
E004045,6,Operations,Business Analyst,2268706.33,2021-12-10,2024-12-31,False
E004046,4,Sales,Business Analyst,1906414.55,2022-10-24,2024-12-31,False
E004047,6,Operations,Marketing Specialist,2323984.25,2013-09-09,2024-12-31,False
E004048,5,Marketing,Marketing Specialist,1975157.52,2023-10-16,2024-12-31,False
E004049,5,Marketing,Product Manager,354158.84,2020-09-05,2024-12-31,False
E004050,1,Engineering,Marketing Specialist,2036838.29,2020-11-06,2024-12-31,False
E004051,6,Operations,Software Engineer,1327356.85,2023-06-22,2024-12-31,False
E004052,2,Finance,Marketing Specialist,942067.38,2019-03-21,2024-12-31,False
E004053,5,Marketing,Data Analyst,459927.11,2021-07-22,2024-12-31,False
E004054,3,Human Resources,Sales Executive,1690686.13,2016-04-29,2024-12-31,False
E004055,5,Marketing,Operations Analyst,1370061.23,2022-09-29,2024-12-31,False
E004056,2,Finance,Data Analyst,2131296.13,2022-03-04,2024-12-31,False
E004057,6,Operations,Data Scientist,1400185.51,2023-10-02,2024-12-31,False
E004058,2,Finance,HR Specialist,1117156.04,2024-06-01,2024-12-31,False
E004059,1,Engineering,Business Analyst,1064860.63,2023-05-15,2024-12-31,False
E004060,1,Engineering,Project Manager,1690221.08,2023-03-26,2024-12-31,False
E004061,1,Engineering,Marketing Specialist,2100318.29,2012-09-30,2024-12-31,False
E004062,2,Finance,Operations Analyst,898801.74,2024-06-01,2024-12-31,False
E004063,5,Marketing,Data Analyst,1144949.63,2024-06-01,2024-12-31,False
E004064,1,Engineering,Software Engineer,1476333.38,2023-09-04,2024-12-31,False
E004065,1,Engineering,Sales Executive,748542.64,2016-12-27,2024-12-31,False
E004066,3,Human Resources,Financial Analyst,1173553.37,2023-04-14,2024-12-31,False
E004067,5,Marketing,Senior Software Engineer,824258.23,2024-06-01,2024-12-31,False
E004068,2,Finance,Marketing Specialist,998288.24,2024-06-01,2024-12-31,False
E004069,6,Operations,Financial Analyst,481572.56,2012-09-22,2024-12-31,False
E004070,3,Human Resources,Software Engineer,1425795.24,2020-04-26,2024-12-31,False
E004071,5,Marketing,Data Scientist,1943730.8,2024-01-04,2024-12-31,False
E004072,2,Finance,Marketing Specialist,865461.18,2024-06-01,2024-12-31,False
E004073,3,Human Resources,Operations Analyst,1095361.32,2022-06-20,2024-12-31,False
E004074,3,Human Resources,Data Scientist,1180094.74,2024-02-28,2024-12-31,False
E004075,5,Marketing,Business Analyst,813207.56,2022-07-30,2024-12-31,False
E004076,1,Engineering,Data Analyst,2076966.64,2024-06-01,2024-12-31,False
E004077,3,Human Resources,Senior Software Engineer,274522.88,2024-05-12,2024-12-31,False
E004078,1,Engineering,Software Engineer,549057.65,2024-06-01,2024-12-31,False
E004079,3,Human Resources,Sales Executive,468735.12,2021-01-16,2024-12-31,False
E004080,3,Human Resources,Project Manager,749286.15,2024-06-01,2024-12-31,False
E004081,5,Marketing,HR Specialist,1613577.34,2021-04-15,2024-12-31,False
E004082,5,Marketing,Software Engineer,1538997.23,2020-01-04,2024-12-31,False
E004083,5,Marketing,Marketing Specialist,1129000.57,2024-05-09,2024-12-31,False
E004084,3,Human Resources,Sales Executive,1547531.67,2016-01-25,2024-12-31,False
E004085,6,Operations,Financial Analyst,1155672.99,2009-09-26,2024-12-31,False
E004086,2,Finance,Project Manager,2251431.47,2022-09-29,2024-12-31,False
E004087,1,Engineering,Financial Analyst,1516328.81,2024-06-01,2024-12-31,False
E004088,2,Finance,Data Analyst,697372.59,2023-12-04,2024-12-31,False
E004089,1,Engineering,Senior Software Engineer,1973428.86,2017-01-14,2024-12-31,False
E004090,3,Human Resources,Operations Analyst,369345.77,2021-02-12,2024-12-31,False
E004091,5,Marketing,Data Scientist,842513.12,2015-01-20,2024-12-31,False
E004092,2,Finance,Sales Executive,2001789.32,2023-08-07,2024-12-31,False
E004093,3,Human Resources,Software Engineer,2010963.77,2016-02-15,2024-12-31,False
E004094,4,Sales,HR Specialist,470064.21,2007-09-20,2024-12-31,False
E004095,1,Engineering,Product Manager,1353242.22,2023-12-31,2024-12-31,False
E004096,2,Finance,Product Manager,1370345.82,2023-07-01,2024-12-31,False
E004097,3,Human Resources,Senior Software Engineer,2275980.38,2023-12-02,2024-12-31,False
E004098,2,Finance,HR Specialist,836005.8,2022-08-29,2024-12-31,False
E004099,3,Human Resources,Business Analyst,1478261.11,2014-07-30,2024-12-31,False
E004100,2,Finance,Business Analyst,968381.74,2023-08-18,2024-12-31,False
E004101,5,Marketing,Business Analyst,492743.18,2024-01-19,2024-12-31,False
E004102,2,Finance,HR Specialist,276608.64,2024-06-01,2024-12-31,False
E004103,5,Marketing,Marketing Specialist,1464138.22,2008-05-24,2024-12-31,False
E004104,4,Sales,Product Manager,1805768.3,2020-12-04,2024-12-31,False
E004105,5,Marketing,Project Manager,620876.0,2024-06-01,2024-12-31,False
E004106,1,Engineering,Sales Executive,1390333.99,2017-04-16,2024-12-31,False
E004107,3,Human Resources,Data Analyst,1170764.26,2004-03-22,2024-12-31,False
E004108,5,Marketing,Senior Software Engineer,1630116.78,2008-05-12,2024-12-31,False
E004109,5,Marketing,Marketing Specialist,1211276.53,2019-12-09,2024-12-31,False
E004110,6,Operations,Business Analyst,1505597.34,2023-04-05,2024-12-31,False
E004111,5,Marketing,Software Engineer,2097574.56,2021-09-24,2024-12-31,False
E004112,1,Engineering,Product Manager,1439499.13,2021-05-16,2024-12-31,False
E004113,4,Sales,HR Specialist,891770.37,2008-03-19,2024-12-31,False
E004114,1,Engineering,Sales Executive,2173723.99,2009-02-18,2024-12-31,False
E004115,1,Engineering,Product Manager,2160451.51,2023-05-16,2024-12-31,False
E004116,4,Sales,HR Specialist,462295.91,2023-07-06,2024-12-31,False
E004117,1,Engineering,Operations Analyst,1333635.67,2022-06-04,2024-12-31,False
E004118,2,Finance,Project Manager,1947224.62,2006-05-08,2024-12-31,False
E004119,4,Sales,Product Manager,1933286.09,2013-03-18,2024-12-31,False
E004120,2,Finance,Project Manager,647217.53,2024-06-01,2024-12-31,False
E004121,6,Operations,Sales Executive,2026477.13,2024-04-20,2024-12-31,False
E004122,1,Engineering,Data Scientist,2023845.67,2018-03-07,2024-12-31,False
E004123,1,Engineering,HR Specialist,1081834.61,2023-07-19,2024-12-31,False
E004124,3,Human Resources,Product Manager,1339306.91,2022-04-12,2024-12-31,False
E004125,4,Sales,Business Analyst,1599831.28,2015-10-17,2024-12-31,False
E004126,4,Sales,Software Engineer,1592536.68,2024-06-01,2024-12-31,False
E004127,2,Finance,Software Engineer,2143813.91,2013-03-20,2024-12-31,False
E004128,5,Marketing,Operations Analyst,774322.59,2009-05-21,2024-12-31,False
E004129,6,Operations,Operations Analyst,701246.96,2016-11-25,2024-12-31,False
E004130,4,Sales,Operations Analyst,383530.28,2024-03-28,2024-12-31,False
E004131,3,Human Resources,HR Specialist,339795.95,2018-08-09,2024-12-31,False
E004132,1,Engineering,Marketing Specialist,1198295.38,2015-07-12,2024-12-31,False
E004133,1,Engineering,Software Engineer,268762.92,2008-06-23,2024-12-31,False
E004134,1,Engineering,Project Manager,1686560.79,2019-05-03,2024-12-31,False
E004135,6,Operations,Operations Analyst,1590693.21,2022-05-30,2024-12-31,False
E004136,4,Sales,Data Analyst,1629567.29,2021-08-13,2024-12-31,False
E004137,6,Operations,Software Engineer,1661683.45,2018-01-15,2024-12-31,False
E004138,3,Human Resources,Software Engineer,1659626.1,2023-04-26,2024-12-31,False
E004139,6,Operations,Software Engineer,669747.08,2024-06-01,2024-12-31,False
E004140,2,Finance,Business Analyst,1717505.57,2024-04-24,2024-12-31,False
E004141,2,Finance,Data Scientist,1680771.38,2024-06-01,2024-12-31,False
E004142,4,Sales,Operations Analyst,1740645.56,2015-12-14,2024-12-31,False
E004143,2,Finance,HR Specialist,1054827.2,2024-06-01,2024-12-31,False
E004144,6,Operations,Senior Software Engineer,561989.91,2020-09-10,2024-12-31,False
E004145,4,Sales,Financial Analyst,655915.3,2022-10-28,2024-12-31,False
E004146,1,Engineering,Software Engineer,826979.23,2014-07-30,2024-12-31,False
E004147,1,Engineering,Software Engineer,663388.28,2013-11-01,2024-12-31,False
E004148,3,Human Resources,Data Analyst,586112.18,2023-09-14,2024-12-31,False
E004149,4,Sales,Marketing Specialist,1077449.59,2021-03-24,2024-12-31,False
E004150,2,Finance,Product Manager,1170335.58,2023-09-06,2024-12-31,False
E004151,4,Sales,Data Scientist,1661861.69,2013-01-02,2024-12-31,False
E004152,6,Operations,Financial Analyst,696647.92,2016-09-06,2024-12-31,False
E004153,1,Engineering,Financial Analyst,1726375.46,2006-11-09,2024-12-31,False
E004154,3,Human Resources,Software Engineer,1289190.54,2008-11-16,2024-12-31,False
E004155,3,Human Resources,Senior Software Engineer,1445406.0,2012-08-13,2024-12-31,False
E004156,4,Sales,Financial Analyst,1632705.26,2018-02-24,2024-12-31,False
E004157,4,Sales,Operations Analyst,493329.4,2022-05-02,2024-12-31,False
E004158,2,Finance,Senior Software Engineer,1042784.23,2023-10-04,2024-12-31,False
E004159,6,Operations,Senior Software Engineer,1672021.6,2022-04-24,2024-12-31,False
E004160,6,Operations,Project Manager,296362.71,2024-06-01,2024-12-31,False
E004161,1,Engineering,Financial Analyst,1397631.43,2024-02-20,2024-12-31,False
E004162,4,Sales,Product Manager,1159964.6,2024-06-01,2024-12-31,False
E004163,4,Sales,Senior Software Engineer,2084312.47,2021-02-04,2024-12-31,False
E004164,5,Marketing,Financial Analyst,781577.79,2023-06-28,2024-12-31,False
E004165,1,Engineering,Operations Analyst,1754800.59,2020-01-15,2024-12-31,False
E004166,4,Sales,Sales Executive,545608.03,2022-05-09,2024-12-31,False
E004167,2,Finance,Marketing Specialist,1493389.84,2024-05-25,2024-12-31,False
E004168,5,Marketing,Data Analyst,256047.56,2024-01-26,2024-12-31,False
E004169,4,Sales,Data Scientist,1356633.42,2017-08-10,2024-12-31,False
E004170,1,Engineering,Financial Analyst,617745.47,2017-11-28,2024-12-31,False
E004171,3,Human Resources,Data Analyst,1002183.07,2007-04-17,2024-12-31,False
E004172,4,Sales,Software Engineer,2182652.85,2013-06-16,2024-12-31,False
E004173,5,Marketing,Software Engineer,2181749.74,2024-04-21,2024-12-31,False
E004174,1,Engineering,Financial Analyst,507013.34,2009-02-24,2024-12-31,False
E004175,6,Operations,Senior Software Engineer,926754.86,2024-06-01,2024-12-31,False
E004176,2,Finance,Financial Analyst,984511.32,2011-02-06,2024-12-31,False
E004177,6,Operations,Financial Analyst,1606118.98,2017-10-10,2024-12-31,False
E004178,1,Engineering,Senior Software Engineer,1317724.55,2020-08-28,2024-12-31,False
E004179,3,Human Resources,Product Manager,2049862.79,2011-01-17,2024-12-31,False
E004180,2,Finance,Sales Executive,695127.84,2019-07-26,2024-12-31,False
E004181,2,Finance,Product Manager,1719522.84,2021-09-13,2024-12-31,False
E004182,5,Marketing,Sales Executive,1293376.43,2012-10-24,2024-12-31,False
E004183,4,Sales,Sales Executive,1274202.92,2017-08-06,2024-12-31,False
E004184,2,Finance,HR Specialist,1190221.12,2024-06-01,2024-12-31,False
E004185,2,Finance,Data Scientist,979366.01,2016-05-06,2024-12-31,False
E004186,2,Finance,Sales Executive,1645551.02,2023-07-06,2024-12-31,False
E004187,6,Operations,Software Engineer,2066140.88,2013-07-23,2024-12-31,False
E004188,2,Finance,Marketing Specialist,2298753.39,2021-05-22,2024-12-31,False
E004189,3,Human Resources,HR Specialist,1397264.39,2007-05-14,2024-12-31,False
E004190,4,Sales,Operations Analyst,1694544.83,2019-12-22,2024-12-31,False
E004191,6,Operations,Financial Analyst,1244760.91,2018-12-13,2024-12-31,False
E004192,5,Marketing,Software Engineer,1720123.64,2021-08-29,2024-12-31,False
E004193,4,Sales,HR Specialist,447550.35,2023-05-24,2024-12-31,False
E004194,2,Finance,Senior Software Engineer,1628232.89,2021-05-17,2024-12-31,False
E004195,4,Sales,Marketing Specialist,262354.86,2024-06-01,2024-12-31,False
E004196,2,Finance,Data Scientist,2301710.91,2000-10-20,2024-12-31,False
E004197,1,Engineering,Business Analyst,577725.05,2020-02-08,2024-12-31,False
E004198,4,Sales,HR Specialist,658824.66,2021-03-26,2024-12-31,False
E004199,3,Human Resources,Project Manager,564280.43,2022-04-18,2024-12-31,False
E004200,2,Finance,HR Specialist,586884.59,2020-12-12,2024-12-31,False
E004201,1,Engineering,Marketing Specialist,903936.03,2023-11-16,2024-12-31,False
E004202,1,Engineering,Marketing Specialist,2008267.28,2024-06-01,2024-12-31,False
E004203,5,Marketing,Marketing Specialist,917016.66,2024-06-01,2024-12-31,False
E004204,3,Human Resources,Marketing Specialist,608559.39,2022-11-06,2024-12-31,False
E004205,3,Human Resources,Marketing Specialist,1857495.3,2019-10-25,2024-12-31,False
E004206,3,Human Resources,Financial Analyst,2231395.19,2023-04-11,2024-12-31,False
E004207,5,Marketing,Project Manager,1962153.83,2022-12-06,2024-12-31,False
E004208,2,Finance,HR Specialist,1231269.36,2019-10-24,2024-12-31,False
E004209,3,Human Resources,Financial Analyst,586320.06,2022-08-25,2024-12-31,False
E004210,1,Engineering,Business Analyst,445868.32,2024-06-01,2024-12-31,False
E004211,3,Human Resources,Marketing Specialist,1426008.07,2021-08-18,2024-12-31,False
E004212,4,Sales,Software Engineer,354816.41,2013-12-23,2024-12-31,False
E004213,5,Marketing,Data Analyst,910879.35,2017-09-14,2024-12-31,False
E004214,4,Sales,Business Analyst,2128192.02,2020-10-25,2024-12-31,False
E004215,3,Human Resources,Sales Executive,1259185.0,2024-06-01,2024-12-31,False
E004216,2,Finance,Marketing Specialist,671549.91,2022-01-05,2024-12-31,False
E004217,3,Human Resources,Project Manager,2024322.48,2022-04-12,2024-12-31,False
E004218,4,Sales,Software Engineer,1299217.9,2020-12-31,2024-12-31,False
E004219,1,Engineering,Data Scientist,651046.14,2016-07-25,2024-12-31,False
E004220,6,Operations,Product Manager,1058491.65,2023-01-31,2024-12-31,False
E004221,5,Marketing,Senior Software Engineer,1622178.89,2024-03-27,2024-12-31,False
E004222,1,Engineering,Sales Executive,1915255.33,2005-11-18,2024-12-31,False
E004223,6,Operations,Senior Software Engineer,1615911.84,2010-09-19,2024-12-31,False
E004224,5,Marketing,Operations Analyst,498165.07,2003-11-07,2024-12-31,False
E004225,4,Sales,Data Analyst,585562.94,2023-12-23,2024-12-31,False
E004226,5,Marketing,Financial Analyst,1429031.36,2023-06-30,2024-12-31,False
E004227,3,Human Resources,Operations Analyst,2077013.48,2024-03-03,2024-12-31,False
E004228,2,Finance,Data Scientist,1945459.58,2023-03-04,2024-12-31,False
E004229,3,Human Resources,Data Analyst,488112.62,2024-06-01,2024-12-31,False
E004230,3,Human Resources,Sales Executive,2247312.96,2020-12-13,2024-12-31,False
E004231,1,Engineering,Business Analyst,1860770.78,2015-02-12,2024-12-31,False
E004232,1,Engineering,Data Analyst,684267.72,2023-08-14,2024-12-31,False
E004233,1,Engineering,Senior Software Engineer,2176116.99,2016-07-18,2024-12-31,False
E004234,3,Human Resources,Financial Analyst,1008653.09,2011-11-19,2024-12-31,False
E004235,3,Human Resources,Project Manager,381900.95,2016-07-23,2024-12-31,False
E004236,2,Finance,HR Specialist,1018347.44,2022-05-22,2024-12-31,False
E004237,4,Sales,Marketing Specialist,955789.81,2021-03-16,2024-12-31,False
E004238,4,Sales,Data Analyst,992013.37,2023-03-23,2024-12-31,False
E004239,6,Operations,Data Scientist,778484.54,2023-09-21,2024-12-31,False
E004240,2,Finance,Business Analyst,1428164.82,2022-09-18,2024-12-31,False
E004241,2,Finance,HR Specialist,1417572.7,2023-03-31,2024-12-31,False
E004242,4,Sales,Financial Analyst,1988540.39,2021-10-16,2024-12-31,False
E004243,6,Operations,Business Analyst,1841205.37,2024-06-01,2024-12-31,False
E004244,3,Human Resources,Data Analyst,1371741.32,2021-05-28,2024-12-31,False
E004245,1,Engineering,Data Scientist,1560405.76,2023-07-10,2024-12-31,False
E004246,3,Human Resources,HR Specialist,1233068.79,2015-07-13,2024-12-31,False
E004247,3,Human Resources,Software Engineer,1705032.43,2024-06-01,2024-12-31,False
E004248,4,Sales,Marketing Specialist,494451.63,2018-01-13,2024-12-31,False
E004249,2,Finance,Senior Software Engineer,1201231.07,2019-06-15,2024-12-31,False
E004250,5,Marketing,Senior Software Engineer,863974.67,2023-08-26,2024-12-31,False
E004251,2,Finance,Software Engineer,1253704.34,2014-12-20,2024-12-31,False
E004252,6,Operations,Business Analyst,447244.83,2022-06-08,2024-12-31,False
E004253,6,Operations,Marketing Specialist,866987.77,2022-07-05,2024-12-31,False
E004254,5,Marketing,Senior Software Engineer,1360698.13,2023-01-25,2024-12-31,False
E004255,2,Finance,Data Scientist,1394050.28,2020-01-08,2024-12-31,False
E004256,1,Engineering,HR Specialist,1482094.03,2023-08-16,2024-12-31,False
E004257,4,Sales,Data Scientist,2114398.3,2018-01-10,2024-12-31,False
E004258,6,Operations,HR Specialist,665298.43,2024-03-13,2024-12-31,False
E004259,5,Marketing,Senior Software Engineer,1517178.86,2022-12-18,2024-12-31,False
E004260,1,Engineering,Data Analyst,936533.37,2024-02-15,2024-12-31,False
E004261,5,Marketing,Data Analyst,2050392.16,2019-01-13,2024-12-31,False
E004262,3,Human Resources,Sales Executive,1286392.79,2021-03-18,2024-12-31,False
E004263,5,Marketing,Product Manager,1578923.66,2023-10-07,2024-12-31,False
E004264,2,Finance,Product Manager,2275310.0,2021-04-17,2024-12-31,False
E004265,1,Engineering,Marketing Specialist,705147.55,2018-12-22,2024-12-31,False
E004266,1,Engineering,Product Manager,1706847.24,2019-12-20,2024-12-31,False
E004267,6,Operations,Project Manager,832971.15,2015-04-11,2024-12-31,False
E004268,5,Marketing,Operations Analyst,787550.15,2019-02-26,2024-12-31,False
E004269,2,Finance,Senior Software Engineer,1512315.3,2021-10-19,2024-12-31,False
E004270,4,Sales,Sales Executive,1428731.98,2013-07-24,2024-12-31,False
E004271,5,Marketing,HR Specialist,1857679.32,2022-10-28,2024-12-31,False
E004272,4,Sales,Senior Software Engineer,1060236.36,2022-03-11,2024-12-31,False
E004273,1,Engineering,Data Analyst,1390002.41,2024-05-15,2024-12-31,False
E004274,1,Engineering,Senior Software Engineer,1705979.74,2022-03-12,2024-12-31,False
E004275,5,Marketing,Senior Software Engineer,833971.58,2022-09-20,2024-12-31,False
E004276,1,Engineering,Data Scientist,1202309.65,2010-08-20,2024-12-31,False
E004277,4,Sales,Project Manager,905026.25,2019-02-20,2024-12-31,False
E004278,3,Human Resources,Marketing Specialist,2216759.12,2024-06-01,2024-12-31,False
E004279,5,Marketing,Financial Analyst,1372009.14,2022-03-26,2024-12-31,False
E004280,6,Operations,Data Analyst,2036035.81,2021-07-26,2024-12-31,False
E004281,3,Human Resources,Financial Analyst,550585.74,2013-04-05,2024-12-31,False
E004282,5,Marketing,Financial Analyst,659043.89,2007-09-08,2024-12-31,False
E004283,5,Marketing,Marketing Specialist,1721827.25,2024-04-01,2024-12-31,False
E004284,6,Operations,Financial Analyst,2203558.05,2020-09-19,2024-12-31,False
E004285,1,Engineering,Project Manager,818021.92,2024-06-01,2024-12-31,False
E004286,4,Sales,Sales Executive,1891539.35,2021-05-12,2024-12-31,False
E004287,6,Operations,Product Manager,589480.42,2021-12-04,2024-12-31,False
E004288,5,Marketing,Financial Analyst,1355269.45,2024-06-01,2024-12-31,False
E004289,5,Marketing,Data Scientist,2057750.02,2024-06-01,2024-12-31,False
E004290,3,Human Resources,Marketing Specialist,279646.42,2009-10-21,2024-12-31,False
E004291,4,Sales,Project Manager,1830981.86,2023-08-25,2024-12-31,False
E004292,1,Engineering,Data Scientist,754070.34,2018-09-06,2024-12-31,False
E004293,6,Operations,Software Engineer,1247404.45,2023-05-08,2024-12-31,False
E004294,3,Human Resources,Operations Analyst,2263918.81,2022-08-14,2024-12-31,False
E004295,2,Finance,Marketing Specialist,1722211.76,2017-09-28,2024-12-31,False
E004296,5,Marketing,Financial Analyst,729122.71,2008-02-26,2024-12-31,False
E004297,6,Operations,Operations Analyst,866622.85,2018-04-01,2024-12-31,False
E004298,1,Engineering,Operations Analyst,1764955.4,2003-09-15,2024-12-31,False
E004299,6,Operations,Software Engineer,2084775.66,2021-03-30,2024-12-31,False
E004300,4,Sales,Financial Analyst,1779196.49,2021-08-26,2024-12-31,False
E004301,3,Human Resources,Sales Executive,790059.44,2023-05-07,2024-12-31,False
E004302,4,Sales,Software Engineer,624333.31,2022-02-27,2024-12-31,False
E004303,5,Marketing,Software Engineer,1886530.33,2023-08-15,2024-12-31,False
E004304,6,Operations,Data Analyst,1804446.59,2023-04-04,2024-12-31,False
E004305,5,Marketing,Data Scientist,1063116.42,2020-09-25,2024-12-31,False
E004306,2,Finance,Business Analyst,607114.97,2014-09-08,2024-12-31,False
E004307,6,Operations,Product Manager,1652061.11,2023-10-16,2024-12-31,False
E004308,5,Marketing,Project Manager,1399796.06,2024-04-10,2024-12-31,False
E004309,1,Engineering,Marketing Specialist,1409735.55,2022-10-01,2024-12-31,False
E004310,4,Sales,Sales Executive,1714325.09,2018-09-12,2024-12-31,False
E004311,4,Sales,Senior Software Engineer,2065822.66,2024-06-01,2024-12-31,False
E004312,3,Human Resources,Business Analyst,584658.44,2024-06-01,2024-12-31,False
E004313,2,Finance,Business Analyst,1160132.19,2024-06-01,2024-12-31,False
E004314,2,Finance,Data Analyst,454446.14,2022-12-20,2024-12-31,False
E004315,1,Engineering,Product Manager,1826762.25,2019-06-09,2024-12-31,False
E004316,6,Operations,Sales Executive,1379359.99,2022-05-17,2024-12-31,False
E004317,5,Marketing,Software Engineer,1207614.68,2023-12-28,2024-12-31,False
E004318,1,Engineering,Data Analyst,1615784.68,2022-05-19,2024-12-31,False
E004319,2,Finance,Software Engineer,1980714.55,2022-11-30,2024-12-31,False
E004320,2,Finance,Business Analyst,1716250.18,2016-06-25,2024-12-31,False
E004321,5,Marketing,HR Specialist,532391.63,2014-09-30,2024-12-31,False
E004322,6,Operations,Business Analyst,763105.68,2012-11-28,2024-12-31,False
E004323,4,Sales,Data Scientist,1372835.95,2021-05-10,2024-12-31,False
E004324,3,Human Resources,Data Scientist,1403802.08,2024-05-16,2024-12-31,False
E004325,6,Operations,Product Manager,1431653.25,2020-08-09,2024-12-31,False
E004326,6,Operations,Operations Analyst,1387664.02,2018-11-29,2024-12-31,False
E004327,5,Marketing,Data Scientist,1002327.99,2019-10-10,2024-12-31,False
E004328,6,Operations,Project Manager,1455966.66,2023-07-12,2024-12-31,False
E004329,2,Finance,Financial Analyst,1889183.71,2024-02-13,2024-12-31,False
E004330,4,Sales,Marketing Specialist,2060383.16,2024-06-01,2024-12-31,False
E004331,1,Engineering,Data Scientist,866914.4,2019-07-06,2024-12-31,False
E004332,4,Sales,Data Scientist,693425.84,2024-06-01,2024-12-31,False
E004333,3,Human Resources,Senior Software Engineer,2063538.5,2007-05-15,2024-12-31,False
E004334,3,Human Resources,Product Manager,1449084.48,2021-10-23,2024-12-31,False
E004335,2,Finance,Senior Software Engineer,263960.85,2023-02-17,2024-12-31,False
E004336,5,Marketing,Sales Executive,541454.14,2023-04-17,2024-12-31,False
E004337,6,Operations,Sales Executive,525327.42,2020-10-22,2024-12-31,False
E004338,1,Engineering,Financial Analyst,921104.68,2022-12-15,2024-12-31,False
E004339,4,Sales,Product Manager,1054958.39,2022-11-15,2024-12-31,False
E004340,1,Engineering,Data Analyst,1300403.77,2021-05-30,2024-12-31,False
E004341,3,Human Resources,Data Analyst,747464.04,2022-12-10,2024-12-31,False
E004342,1,Engineering,Marketing Specialist,782278.49,2024-06-01,2024-12-31,False
E004343,5,Marketing,Senior Software Engineer,775100.63,2019-01-10,2024-12-31,False
E004344,2,Finance,Product Manager,1655978.39,2019-11-21,2024-12-31,False
E004345,1,Engineering,Sales Executive,2239392.41,2023-11-19,2024-12-31,False
E004346,1,Engineering,Financial Analyst,1462759.87,2023-08-18,2024-12-31,False
E004347,2,Finance,Sales Executive,1831443.41,2021-06-12,2024-12-31,False
E004348,5,Marketing,Sales Executive,252271.15,2023-08-23,2024-12-31,False
E004349,6,Operations,Marketing Specialist,2151699.67,2020-09-03,2024-12-31,False
E004350,2,Finance,Data Scientist,323256.49,2014-11-26,2024-12-31,False
E004351,5,Marketing,Senior Software Engineer,1140024.38,2018-12-09,2024-12-31,False
E004352,1,Engineering,Project Manager,657620.12,2021-07-18,2024-12-31,False
E004353,3,Human Resources,Software Engineer,513153.14,2007-07-07,2024-12-31,False
E004354,5,Marketing,HR Specialist,658709.54,2023-01-14,2024-12-31,False
E004355,1,Engineering,Business Analyst,1111018.52,2013-12-19,2024-12-31,False
E004356,2,Finance,Data Analyst,462642.93,2024-05-23,2024-12-31,False
E004357,6,Operations,Software Engineer,2069888.46,2011-09-05,2024-12-31,False
E004358,5,Marketing,Operations Analyst,1989310.81,2023-04-21,2024-12-31,False
E004359,2,Finance,Operations Analyst,1857582.03,2021-07-16,2024-12-31,False
E004360,6,Operations,Marketing Specialist,1139153.15,2021-11-29,2024-12-31,False
E004361,1,Engineering,Sales Executive,760024.56,2015-03-11,2024-12-31,False
E004362,3,Human Resources,Financial Analyst,1925793.52,2021-08-14,2024-12-31,False
E004363,3,Human Resources,Operations Analyst,274911.32,2010-03-14,2024-12-31,False
E004364,3,Human Resources,Financial Analyst,1420452.54,2024-06-01,2024-12-31,False
E004365,2,Finance,Senior Software Engineer,1640300.9,2023-08-14,2024-12-31,False
E004366,1,Engineering,Operations Analyst,1973389.64,2011-01-29,2024-12-31,False
E004367,3,Human Resources,Business Analyst,1584656.44,2023-06-03,2024-12-31,False
E004368,4,Sales,Operations Analyst,1576504.14,2023-09-22,2024-12-31,False
E004369,2,Finance,Software Engineer,1418469.12,2008-03-03,2024-12-31,False
E004370,6,Operations,Product Manager,1659687.77,2024-06-01,2024-12-31,False
E004371,4,Sales,Data Scientist,2225232.86,2022-08-18,2024-12-31,False
E004372,6,Operations,Product Manager,2204569.52,2022-04-02,2024-12-31,False
E004373,1,Engineering,Operations Analyst,2116297.79,2023-06-03,2024-12-31,False
E004374,1,Engineering,Project Manager,428196.77,2023-05-01,2024-12-31,False
E004375,3,Human Resources,Data Scientist,2184471.75,2005-08-26,2024-12-31,False
E004376,6,Operations,Data Analyst,385088.56,2021-03-27,2024-12-31,False
E004377,5,Marketing,Product Manager,928460.18,2021-11-22,2024-12-31,False
E004378,5,Marketing,Sales Executive,2045196.33,2022-07-08,2024-12-31,False
E004379,4,Sales,Financial Analyst,1139189.49,2019-05-27,2024-12-31,False
E004380,6,Operations,Operations Analyst,937531.25,2020-07-08,2024-12-31,False
E004381,1,Engineering,Data Analyst,1550128.98,2020-11-18,2024-12-31,False
E004382,3,Human Resources,Marketing Specialist,251395.46,2021-11-02,2024-12-31,False
E004383,4,Sales,Data Analyst,2247545.34,2024-06-01,2024-12-31,False
E004384,6,Operations,Sales Executive,1839372.49,2014-07-09,2024-12-31,False
E004385,1,Engineering,Project Manager,1684515.93,2014-07-13,2024-12-31,False
E004386,2,Finance,Senior Software Engineer,395947.65,2024-04-16,2024-12-31,False
E004387,4,Sales,Data Analyst,2110757.2,2023-07-19,2024-12-31,False
E004388,6,Operations,HR Specialist,2008736.03,2024-05-30,2024-12-31,False
E004389,6,Operations,Project Manager,1506682.94,2024-05-04,2024-12-31,False
E004390,4,Sales,HR Specialist,403374.81,2019-10-18,2024-12-31,False
E004391,1,Engineering,Operations Analyst,1688336.6,2001-05-23,2024-12-31,False
E004392,2,Finance,Business Analyst,2121200.42,2024-01-01,2024-12-31,False
E004393,4,Sales,Project Manager,342475.36,2019-08-19,2024-12-31,False
E004394,5,Marketing,Business Analyst,321936.19,2022-05-01,2024-12-31,False
E004395,5,Marketing,Business Analyst,1438114.1,2014-05-05,2024-12-31,False
E004396,1,Engineering,Financial Analyst,599148.87,2019-10-13,2024-12-31,False
E004397,4,Sales,Business Analyst,1437453.1,2022-01-01,2024-12-31,False
E004398,3,Human Resources,Product Manager,1617553.35,2024-05-19,2024-12-31,False
E004399,2,Finance,Senior Software Engineer,1490242.48,2023-01-21,2024-12-31,False
E004400,6,Operations,Sales Executive,608069.74,2019-04-25,2024-12-31,False
E004401,2,Finance,Product Manager,1796404.33,2024-05-29,2024-12-31,False
E004402,1,Engineering,Business Analyst,1738083.26,2012-05-21,2024-12-31,False
E004403,1,Engineering,Marketing Specialist,1240437.75,2019-01-13,2024-12-31,False
E004404,3,Human Resources,HR Specialist,924893.19,2024-02-14,2024-12-31,False
E004405,1,Engineering,HR Specialist,855642.27,2021-11-22,2024-12-31,False
E004406,2,Finance,Marketing Specialist,1802399.88,2022-09-03,2024-12-31,False
E004407,6,Operations,Software Engineer,310813.11,2022-08-23,2024-12-31,False
E004408,3,Human Resources,Operations Analyst,2160639.66,2023-04-15,2024-12-31,False
E004409,6,Operations,Data Scientist,1996001.03,2022-11-14,2024-12-31,False
E004410,4,Sales,Business Analyst,2033913.16,2024-06-01,2024-12-31,False
E004411,1,Engineering,Product Manager,787793.78,2023-05-25,2024-12-31,False
E004412,2,Finance,Financial Analyst,824264.92,2024-02-09,2024-12-31,False
E004413,3,Human Resources,HR Specialist,1361860.94,2021-06-10,2024-12-31,False
E004414,5,Marketing,Marketing Specialist,691206.04,2022-04-01,2024-12-31,False
E004415,2,Finance,Operations Analyst,1844401.7,2024-02-02,2024-12-31,False
E004416,5,Marketing,Data Analyst,1088516.52,2024-06-01,2024-12-31,False
E004417,2,Finance,Financial Analyst,498162.26,2022-05-21,2024-12-31,False
E004418,1,Engineering,Sales Executive,1308789.56,2023-04-14,2024-12-31,False
E004419,6,Operations,HR Specialist,1594793.28,2023-06-16,2024-12-31,False
E004420,2,Finance,Marketing Specialist,1077092.35,2024-04-15,2024-12-31,False
E004421,3,Human Resources,Data Scientist,1965718.14,2012-07-28,2024-12-31,False
E004422,1,Engineering,Sales Executive,1719661.96,2021-11-20,2024-12-31,False
E004423,3,Human Resources,HR Specialist,395802.26,2017-08-27,2024-12-31,False
E004424,2,Finance,Senior Software Engineer,1847722.78,2022-04-05,2024-12-31,False
E004425,1,Engineering,Operations Analyst,1780874.57,2023-07-22,2024-12-31,False
E004426,3,Human Resources,Product Manager,2137670.78,2016-12-12,2024-12-31,False
E004427,1,Engineering,HR Specialist,1695013.26,2022-09-06,2024-12-31,False
E004428,3,Human Resources,Data Analyst,1201225.95,2017-09-22,2024-12-31,False
E004429,4,Sales,Project Manager,970583.12,2020-01-09,2024-12-31,False
E004430,6,Operations,Sales Executive,1871361.06,2024-06-01,2024-12-31,False
E004431,6,Operations,Sales Executive,1659298.49,2021-07-13,2024-12-31,False
E004432,6,Operations,Project Manager,926943.51,2015-03-26,2024-12-31,False
E004433,6,Operations,Sales Executive,777568.76,2024-06-01,2024-12-31,False
E004434,2,Finance,Project Manager,1657418.14,2024-02-03,2024-12-31,False
E004435,1,Engineering,Software Engineer,1542872.45,2024-06-01,2024-12-31,False
E004436,4,Sales,Senior Software Engineer,1535008.12,2017-09-30,2024-12-31,False
E004437,4,Sales,Data Analyst,814080.39,2014-07-19,2024-12-31,False
E004438,3,Human Resources,Project Manager,987887.44,2024-05-31,2024-12-31,False
E004439,1,Engineering,Software Engineer,830358.45,2023-06-11,2024-12-31,False
E004440,5,Marketing,Data Scientist,1355140.58,2024-02-24,2024-12-31,False
E004441,5,Marketing,Senior Software Engineer,740253.7,2020-07-12,2024-12-31,False
E004442,6,Operations,HR Specialist,1101503.43,2015-12-14,2024-12-31,False
E004443,6,Operations,Marketing Specialist,1636095.44,2010-06-24,2024-12-31,False
E004444,1,Engineering,Product Manager,620509.39,2024-01-29,2024-12-31,False
E004445,6,Operations,Senior Software Engineer,1869082.11,2024-04-10,2024-12-31,False
E004446,3,Human Resources,Financial Analyst,933761.72,2018-04-09,2024-12-31,False
E004447,2,Finance,Marketing Specialist,1869986.08,2018-02-23,2024-12-31,False
E004448,6,Operations,Financial Analyst,1157828.24,2023-08-29,2024-12-31,False
E004449,5,Marketing,Data Scientist,2062054.45,2021-05-28,2024-12-31,False
E004450,2,Finance,Product Manager,534145.71,2019-04-25,2024-12-31,False
E004451,6,Operations,Business Analyst,1141035.11,2019-01-09,2024-12-31,False
E004452,2,Finance,Business Analyst,1280802.35,2019-04-30,2024-12-31,False
E004453,3,Human Resources,Marketing Specialist,2120588.65,2023-11-01,2024-12-31,False
E004454,2,Finance,Sales Executive,656322.26,2024-06-01,2024-12-31,False
E004455,3,Human Resources,Business Analyst,390566.5,2017-06-13,2024-12-31,False
E004456,1,Engineering,Senior Software Engineer,532176.06,2017-11-03,2024-12-31,False
E004457,3,Human Resources,Sales Executive,739289.45,2015-01-05,2024-12-31,False
E004458,1,Engineering,Financial Analyst,725995.19,2019-11-18,2024-12-31,False
E004459,3,Human Resources,Financial Analyst,1133179.35,2024-06-01,2024-12-31,False
E004460,4,Sales,Marketing Specialist,999021.17,2016-09-28,2024-12-31,False
E004461,2,Finance,Sales Executive,704465.28,2023-04-28,2024-12-31,False
E004462,5,Marketing,Product Manager,1178704.09,2020-10-13,2024-12-31,False
E004463,6,Operations,Senior Software Engineer,378613.16,2022-06-25,2024-12-31,False
E004464,1,Engineering,Product Manager,1405813.06,2003-09-23,2024-12-31,False
E004465,2,Finance,Financial Analyst,1132903.01,2008-05-23,2024-12-31,False
E004466,3,Human Resources,Software Engineer,1921555.46,2009-01-03,2024-12-31,False
E004467,5,Marketing,Data Scientist,974720.04,2016-05-22,2024-12-31,False
E004468,4,Sales,Data Scientist,1513686.84,2016-02-16,2024-12-31,False
E004469,2,Finance,Senior Software Engineer,1972667.68,2015-07-16,2024-12-31,False
E004470,3,Human Resources,HR Specialist,307500.42,2021-02-02,2024-12-31,False
E004471,2,Finance,Operations Analyst,2033759.41,2016-05-04,2024-12-31,False
E004472,3,Human Resources,Operations Analyst,2003409.18,2013-05-17,2024-12-31,False
E004473,1,Engineering,Data Analyst,1767082.63,2024-04-13,2024-12-31,False
E004474,1,Engineering,HR Specialist,1951760.95,2021-12-16,2024-12-31,False
E004475,1,Engineering,Product Manager,963674.19,2024-06-01,2024-12-31,False
E004476,3,Human Resources,Marketing Specialist,467642.57,2008-11-19,2024-12-31,False
E004477,6,Operations,HR Specialist,706394.44,2020-12-26,2024-12-31,False
E004478,5,Marketing,Data Scientist,1700589.34,2024-06-01,2024-12-31,False
E004479,5,Marketing,Data Analyst,1353569.28,2020-09-05,2024-12-31,False
E004480,5,Marketing,Senior Software Engineer,901554.54,2015-03-28,2024-12-31,False
E004481,4,Sales,Project Manager,690722.75,2022-05-24,2024-12-31,False
E004482,5,Marketing,Marketing Specialist,2083535.98,2024-06-01,2024-12-31,False
E004483,4,Sales,Data Scientist,773806.96,2024-06-01,2024-12-31,False
E004484,5,Marketing,Data Analyst,1635278.95,2024-06-01,2024-12-31,False
E004485,1,Engineering,Marketing Specialist,360108.8,2024-06-01,2024-12-31,False
E004486,3,Human Resources,Data Scientist,1523107.64,2023-04-01,2024-12-31,False
E004487,4,Sales,Marketing Specialist,1733774.9,2017-03-18,2024-12-31,False
E004488,6,Operations,Marketing Specialist,1802756.31,2024-06-01,2024-12-31,False
E004489,2,Finance,Senior Software Engineer,1814628.25,2022-02-21,2024-12-31,False
E004490,5,Marketing,Data Analyst,1587141.14,2021-06-13,2024-12-31,False
E004491,5,Marketing,Data Scientist,1459750.98,2023-11-19,2024-12-31,False
E004492,4,Sales,Software Engineer,1498467.49,2006-12-21,2024-12-31,False
E004493,4,Sales,Marketing Specialist,1438127.72,2024-06-01,2024-12-31,False
E004494,5,Marketing,Senior Software Engineer,1493158.9,2023-06-24,2024-12-31,False
E004495,6,Operations,Business Analyst,266065.37,2018-06-24,2024-12-31,False
E004496,5,Marketing,Project Manager,1470196.41,2021-06-05,2024-12-31,False
E004497,3,Human Resources,Senior Software Engineer,961028.91,2022-02-14,2024-12-31,False
E004498,6,Operations,Data Scientist,1846888.86,2017-07-13,2024-12-31,False
E004499,4,Sales,Product Manager,2341835.01,2020-07-03,2024-12-31,False
E004500,1,Engineering,Senior Software Engineer,792112.04,2004-08-05,2024-12-31,False
E004501,4,Sales,Financial Analyst,1033422.25,2013-02-01,2024-12-31,False
E004502,1,Engineering,Data Scientist,378858.83,2023-10-02,2024-12-31,False
E004503,5,Marketing,Software Engineer,1688196.62,2022-05-11,2024-12-31,False
E004504,3,Human Resources,Marketing Specialist,1433256.54,2011-11-08,2024-12-31,False
E004505,6,Operations,HR Specialist,663530.56,2021-12-14,2024-12-31,False
E004506,6,Operations,Product Manager,1850322.33,2024-06-01,2024-12-31,False
E004507,5,Marketing,Sales Executive,1405632.25,2020-07-03,2024-12-31,False
E004508,1,Engineering,Sales Executive,1921091.56,2024-02-25,2024-12-31,False
E004509,3,Human Resources,Software Engineer,253307.64,2024-06-01,2024-12-31,False
E004510,2,Finance,Product Manager,2299343.76,2019-05-21,2024-12-31,False
E004511,1,Engineering,Product Manager,586100.46,2018-04-21,2024-12-31,False
E004512,2,Finance,Financial Analyst,1052964.33,2019-08-30,2024-12-31,False
E004513,5,Marketing,Project Manager,1353856.7,2023-04-07,2024-12-31,False
E004514,2,Finance,Senior Software Engineer,2223440.26,2018-12-05,2024-12-31,False
E004515,3,Human Resources,Business Analyst,961433.12,2024-06-01,2024-12-31,False
E004516,1,Engineering,Product Manager,784619.39,2020-04-13,2024-12-31,False
E004517,4,Sales,Financial Analyst,1120886.33,2018-08-02,2024-12-31,False
E004518,5,Marketing,Operations Analyst,1404395.64,2015-03-18,2024-12-31,False
E004519,4,Sales,HR Specialist,1285412.26,2024-06-01,2024-12-31,False
E004520,2,Finance,Data Analyst,1193285.49,2022-01-04,2024-12-31,False
E004521,4,Sales,Business Analyst,1410472.65,2024-05-09,2024-12-31,False
E004522,3,Human Resources,Data Analyst,1600194.3,2015-09-07,2024-12-31,False
E004523,2,Finance,Sales Executive,1970421.88,2024-06-01,2024-12-31,False
E004524,4,Sales,HR Specialist,1536845.9,2017-11-19,2024-12-31,False
E004525,3,Human Resources,Financial Analyst,1045560.73,2019-11-07,2024-12-31,False
E004526,4,Sales,Sales Executive,1809360.32,2023-09-14,2024-12-31,False
E004527,4,Sales,Financial Analyst,1573356.62,2016-01-27,2024-12-31,False
E004528,6,Operations,Data Scientist,1352733.04,2022-10-13,2024-12-31,False
E004529,1,Engineering,Senior Software Engineer,360581.21,2023-01-17,2024-12-31,False
E004530,5,Marketing,Sales Executive,1559210.17,2022-09-09,2024-12-31,False
E004531,5,Marketing,Project Manager,2033705.03,2023-06-11,2024-12-31,False
E004532,4,Sales,Data Scientist,354514.39,2010-05-22,2024-12-31,False
E004533,1,Engineering,Product Manager,556746.91,2024-06-01,2024-12-31,False
E004534,2,Finance,Product Manager,1123026.37,2023-06-01,2024-12-31,False
E004535,6,Operations,Project Manager,2139385.09,2024-04-19,2024-12-31,False
E004536,6,Operations,HR Specialist,1719274.51,2019-02-20,2024-12-31,False
E004537,4,Sales,Marketing Specialist,1007830.23,2017-08-18,2024-12-31,False
E004538,6,Operations,Project Manager,1455710.94,2018-03-24,2024-12-31,False
E004539,5,Marketing,Operations Analyst,1208017.59,2014-12-11,2024-12-31,False
E004540,2,Finance,Senior Software Engineer,278492.73,2024-06-01,2024-12-31,False
E004541,3,Human Resources,Financial Analyst,2032674.6,2024-06-01,2024-12-31,False
E004542,2,Finance,Product Manager,1365670.76,2024-06-01,2024-12-31,False
E004543,4,Sales,Marketing Specialist,1310356.47,2023-12-30,2024-12-31,False
E004544,6,Operations,Data Analyst,954650.62,2014-04-20,2024-12-31,False
E004545,2,Finance,Product Manager,1952203.61,2022-04-04,2024-12-31,False
E004546,2,Finance,Software Engineer,625923.6,2024-01-01,2024-12-31,False
E004547,1,Engineering,Data Analyst,2085131.94,2021-06-16,2024-12-31,False
E004548,4,Sales,Data Scientist,430942.1,2013-01-25,2024-12-31,False
E004549,2,Finance,Data Scientist,1526179.07,2024-03-06,2024-12-31,False
E004550,5,Marketing,Product Manager,1919072.83,2022-09-29,2024-12-31,False
E004551,1,Engineering,Business Analyst,1835673.86,2024-06-01,2024-12-31,False
E004552,5,Marketing,Marketing Specialist,1166144.0,2018-11-08,2024-12-31,False
E004553,5,Marketing,Project Manager,563081.86,2023-09-05,2024-12-31,False
E004554,2,Finance,Business Analyst,595832.65,2021-11-16,2024-12-31,False
E004555,6,Operations,Product Manager,1222206.63,2022-04-11,2024-12-31,False
E004556,3,Human Resources,Data Scientist,546902.55,2023-06-23,2024-12-31,False
E004557,3,Human Resources,Marketing Specialist,746418.04,2022-07-06,2024-12-31,False
E004558,2,Finance,Product Manager,1380483.96,2012-03-10,2024-12-31,False
E004559,6,Operations,Financial Analyst,400613.62,2022-03-25,2024-12-31,False
E004560,5,Marketing,Software Engineer,2026513.23,2023-10-04,2024-12-31,False
E004561,4,Sales,Software Engineer,555548.59,2024-06-01,2024-12-31,False
E004562,4,Sales,Data Scientist,1559381.53,2021-06-09,2024-12-31,False
E004563,2,Finance,HR Specialist,1867710.28,2016-09-29,2024-12-31,False
E004564,5,Marketing,Project Manager,1340017.62,2023-10-03,2024-12-31,False
E004565,1,Engineering,HR Specialist,659922.7,2017-08-13,2024-12-31,False
E004566,5,Marketing,Software Engineer,2339275.88,2024-03-06,2024-12-31,False
E004567,6,Operations,Marketing Specialist,611225.14,2023-01-27,2024-12-31,False
E004568,6,Operations,Data Scientist,556443.3,2022-02-17,2024-12-31,False
E004569,5,Marketing,Senior Software Engineer,1101271.36,2023-06-16,2024-12-31,False
E004570,3,Human Resources,Marketing Specialist,1915488.99,2011-02-11,2024-12-31,False
E004571,1,Engineering,Senior Software Engineer,772731.22,2011-08-30,2024-12-31,False
E004572,3,Human Resources,Project Manager,1942748.75,2023-10-29,2024-12-31,False
E004573,1,Engineering,Sales Executive,1306671.7,2024-06-01,2024-12-31,False
E004574,1,Engineering,Operations Analyst,1879846.41,2023-02-20,2024-12-31,False
E004575,6,Operations,Data Analyst,438307.21,2017-08-17,2024-12-31,False
E004576,5,Marketing,HR Specialist,808750.48,2006-05-01,2024-12-31,False
E004577,4,Sales,Project Manager,2161404.3,2024-06-01,2024-12-31,False
E004578,2,Finance,HR Specialist,1009743.97,2018-08-23,2024-12-31,False
E004579,2,Finance,Sales Executive,1402244.17,2023-12-18,2024-12-31,False
E004580,3,Human Resources,Business Analyst,1387897.2,2021-05-09,2024-12-31,False
E004581,4,Sales,Senior Software Engineer,1350069.65,2021-03-29,2024-12-31,False
E004582,4,Sales,Marketing Specialist,1577001.34,2024-03-27,2024-12-31,False
E004583,5,Marketing,Software Engineer,471068.62,2023-12-03,2024-12-31,False
E004584,3,Human Resources,Business Analyst,2003011.71,2022-04-25,2024-12-31,False
E004585,4,Sales,Business Analyst,512564.59,2016-04-05,2024-12-31,False
E004586,3,Human Resources,Project Manager,2054817.78,2021-06-05,2024-12-31,False
E004587,1,Engineering,Software Engineer,1025922.02,2013-05-29,2024-12-31,False
E004588,1,Engineering,Marketing Specialist,1851530.82,2014-07-30,2024-12-31,False
E004589,5,Marketing,Operations Analyst,379136.76,2021-05-26,2024-12-31,False
E004590,5,Marketing,Business Analyst,1620425.57,2017-01-04,2024-12-31,False
E004591,6,Operations,HR Specialist,638035.28,2022-05-15,2024-12-31,False
E004592,2,Finance,HR Specialist,965323.58,2017-12-24,2024-12-31,False
E004593,3,Human Resources,Operations Analyst,983116.05,2012-10-13,2024-12-31,False
E004594,1,Engineering,Sales Executive,1197625.51,2024-06-01,2024-12-31,False
E004595,1,Engineering,Senior Software Engineer,474679.25,2019-02-24,2024-12-31,False
E004596,1,Engineering,Senior Software Engineer,1894653.47,2014-09-13,2024-12-31,False
E004597,4,Sales,Data Analyst,1996678.6,2014-02-22,2024-12-31,False
E004598,2,Finance,Data Scientist,779776.69,2018-11-24,2024-12-31,False
E004599,3,Human Resources,Sales Executive,1114365.72,2023-08-03,2024-12-31,False
E004600,1,Engineering,HR Specialist,643321.93,2024-02-15,2024-12-31,False
E004601,1,Engineering,Financial Analyst,1309207.46,2024-06-01,2024-12-31,False
E004602,6,Operations,Financial Analyst,1411054.15,2024-06-01,2024-12-31,False
E004603,3,Human Resources,Software Engineer,1888408.91,2019-02-16,2024-12-31,False
E004604,6,Operations,Data Analyst,731955.63,2011-09-01,2024-12-31,False
E004605,5,Marketing,Business Analyst,519776.16,2023-10-24,2024-12-31,False
E004606,4,Sales,Senior Software Engineer,651610.08,2024-06-01,2024-12-31,False
E004607,2,Finance,Operations Analyst,1396833.29,2023-01-25,2024-12-31,False
E004608,4,Sales,Product Manager,1114585.65,2024-06-01,2024-12-31,False
E004609,4,Sales,Operations Analyst,599487.57,2023-11-22,2024-12-31,False
E004610,2,Finance,HR Specialist,699492.08,2024-05-03,2024-12-31,False
E004611,4,Sales,Software Engineer,551783.09,2023-04-13,2024-12-31,False
E004612,2,Finance,Data Scientist,1887512.7,2020-09-14,2024-12-31,False
E004613,1,Engineering,Data Analyst,1358776.88,2022-03-20,2024-12-31,False
E004614,5,Marketing,HR Specialist,2053787.49,2020-04-22,2024-12-31,False
E004615,5,Marketing,Product Manager,2039680.93,2023-07-17,2024-12-31,False
E004616,2,Finance,HR Specialist,2262920.27,2024-06-01,2024-12-31,False
E004617,4,Sales,Project Manager,672729.69,2024-06-01,2024-12-31,False
E004618,1,Engineering,Sales Executive,1022976.67,2022-09-26,2024-12-31,False
E004619,4,Sales,Software Engineer,1482727.12,2022-08-26,2024-12-31,False
E004620,2,Finance,Senior Software Engineer,609693.44,2019-08-27,2024-12-31,False
E004621,4,Sales,Data Analyst,1937582.92,2019-07-26,2024-12-31,False
E004622,1,Engineering,Sales Executive,1508597.41,2024-06-01,2024-12-31,False
E004623,2,Finance,Software Engineer,2138355.07,2020-07-28,2024-12-31,False
E004624,5,Marketing,Marketing Specialist,1524848.53,2024-06-01,2024-12-31,False
E004625,5,Marketing,Data Scientist,409984.84,2013-07-26,2024-12-31,False
E004626,1,Engineering,Software Engineer,616977.3,2008-12-22,2024-12-31,False
E004627,3,Human Resources,Financial Analyst,1363617.25,2024-06-01,2024-12-31,False
E004628,5,Marketing,Business Analyst,1520855.93,2017-05-07,2024-12-31,False
E004629,5,Marketing,Business Analyst,1000031.49,2020-02-11,2024-12-31,False
E004630,6,Operations,Marketing Specialist,606162.88,2024-06-01,2024-12-31,False
E004631,1,Engineering,HR Specialist,576866.94,2021-07-04,2024-12-31,False
E004632,1,Engineering,Senior Software Engineer,2143853.69,2024-06-01,2024-12-31,False
E004633,4,Sales,Sales Executive,2270448.32,2010-07-15,2024-12-31,False
E004634,3,Human Resources,Project Manager,1520359.97,2022-08-16,2024-12-31,False
E004635,5,Marketing,Data Analyst,498651.75,2021-11-06,2024-12-31,False
E004636,5,Marketing,Data Analyst,418855.24,2020-04-11,2024-12-31,False
E004637,1,Engineering,Sales Executive,1829562.51,2023-08-14,2024-12-31,False
E004638,2,Finance,Data Scientist,651501.64,2023-08-24,2024-12-31,False
E004639,3,Human Resources,Business Analyst,1057820.78,2012-04-11,2024-12-31,False
E004640,3,Human Resources,Project Manager,1697234.24,2018-06-20,2024-12-31,False
E004641,3,Human Resources,Marketing Specialist,2058516.87,2012-02-01,2024-12-31,False
E004642,2,Finance,Sales Executive,1748907.16,2024-06-01,2024-12-31,False
E004643,1,Engineering,Project Manager,2007687.66,2010-05-06,2024-12-31,False
E004644,1,Engineering,Data Analyst,1572451.18,2023-06-10,2024-12-31,False
E004645,5,Marketing,Sales Executive,1076985.64,2015-09-20,2024-12-31,False
E004646,4,Sales,Project Manager,1220657.86,2012-06-07,2024-12-31,False
E004647,5,Marketing,HR Specialist,1568169.59,2019-06-16,2024-12-31,False
E004648,5,Marketing,Data Scientist,698289.79,2021-02-17,2024-12-31,False
E004649,5,Marketing,Marketing Specialist,1146763.3,2020-12-16,2024-12-31,False
E004650,5,Marketing,HR Specialist,1844521.26,2019-05-04,2024-12-31,False
E004651,6,Operations,Project Manager,1598117.8,2014-03-16,2024-12-31,False
E004652,1,Engineering,Software Engineer,1330396.54,2018-10-10,2024-12-31,False
E004653,3,Human Resources,HR Specialist,1100546.32,2010-07-17,2024-12-31,False
E004654,6,Operations,Senior Software Engineer,1909785.23,2007-07-02,2024-12-31,False
E004655,4,Sales,HR Specialist,1290058.35,2021-09-30,2024-12-31,False
E004656,6,Operations,Senior Software Engineer,386086.24,2012-12-27,2024-12-31,False
E004657,3,Human Resources,Product Manager,1844625.2,2023-12-24,2024-12-31,False
E004658,4,Sales,Financial Analyst,1630584.04,2017-07-19,2024-12-31,False
E004659,2,Finance,Software Engineer,2125755.13,2015-05-06,2024-12-31,False
E004660,1,Engineering,Data Scientist,1452408.52,2015-09-01,2024-12-31,False
E004661,6,Operations,Financial Analyst,1583742.13,2024-06-01,2024-12-31,False
E004662,6,Operations,Senior Software Engineer,297027.08,2024-06-01,2024-12-31,False
E004663,1,Engineering,Senior Software Engineer,1473241.84,2024-06-01,2024-12-31,False
E004664,3,Human Resources,Data Analyst,1427988.19,2018-12-22,2024-12-31,False
E004665,6,Operations,Product Manager,1169213.47,2018-01-09,2024-12-31,False
E004666,4,Sales,HR Specialist,1038893.07,2018-07-19,2024-12-31,False
E004667,4,Sales,Software Engineer,545953.63,2007-10-23,2024-12-31,False
E004668,3,Human Resources,Sales Executive,1030565.84,2013-06-12,2024-12-31,False
E004669,3,Human Resources,Data Scientist,932142.59,2014-04-07,2024-12-31,False
E004670,1,Engineering,Operations Analyst,417039.87,2024-06-01,2024-12-31,False
E004671,5,Marketing,Senior Software Engineer,1527962.9,2024-06-01,2024-12-31,False
E004672,5,Marketing,Data Scientist,1843594.25,2024-06-01,2024-12-31,False
E004673,2,Finance,Sales Executive,1880292.16,2012-08-31,2024-12-31,False
E004674,3,Human Resources,HR Specialist,1631825.38,2021-09-16,2024-12-31,False
E004675,6,Operations,Sales Executive,953480.11,2022-03-17,2024-12-31,False
E004676,6,Operations,Financial Analyst,823891.61,2024-06-01,2024-12-31,False
E004677,4,Sales,Senior Software Engineer,2384110.79,2010-10-11,2024-12-31,False
E004678,6,Operations,Product Manager,1623406.57,2021-02-19,2024-12-31,False
E004679,3,Human Resources,Data Scientist,967809.33,2024-01-08,2024-12-31,False
E004680,4,Sales,Sales Executive,1717211.9,2015-02-18,2024-12-31,False
E004681,3,Human Resources,Data Analyst,577052.67,2011-08-25,2024-12-31,False
E004682,6,Operations,Software Engineer,587147.4,2021-05-21,2024-12-31,False
E004683,3,Human Resources,Business Analyst,1372101.25,2019-04-10,2024-12-31,False
E004684,6,Operations,HR Specialist,2080522.15,2019-06-21,2024-12-31,False
E004685,1,Engineering,Data Scientist,1663935.89,2011-11-12,2024-12-31,False
E004686,6,Operations,Marketing Specialist,1168478.02,2019-04-25,2024-12-31,False
E004687,2,Finance,Marketing Specialist,1471193.79,2017-12-16,2024-12-31,False
E004688,2,Finance,Product Manager,1138343.42,2007-04-09,2024-12-31,False
E004689,6,Operations,Software Engineer,1465474.71,2022-04-12,2024-12-31,False
E004690,5,Marketing,Business Analyst,1310012.74,2023-09-05,2024-12-31,False
E004691,5,Marketing,Senior Software Engineer,507168.1,2018-09-08,2024-12-31,False
E004692,6,Operations,HR Specialist,592177.4,2024-06-01,2024-12-31,False
E004693,1,Engineering,Software Engineer,1348592.13,2022-10-12,2024-12-31,False
E004694,4,Sales,Sales Executive,567943.58,2020-04-03,2024-12-31,False
E004695,3,Human Resources,Senior Software Engineer,1840433.3,2024-06-01,2024-12-31,False
E004696,1,Engineering,Financial Analyst,1393314.79,2022-12-24,2024-12-31,False
E004697,6,Operations,Financial Analyst,2108637.52,2023-01-18,2024-12-31,False
E004698,1,Engineering,Sales Executive,1125511.83,2017-10-15,2024-12-31,False
E004699,4,Sales,HR Specialist,1834066.95,2020-08-28,2024-12-31,False
E004700,4,Sales,HR Specialist,1108264.21,2024-06-01,2024-12-31,False
E004701,3,Human Resources,Operations Analyst,881283.72,2014-05-09,2024-12-31,False
E004702,5,Marketing,Data Analyst,1537738.41,2022-11-30,2024-12-31,False
E004703,4,Sales,Marketing Specialist,1263851.33,2021-11-14,2024-12-31,False
E004704,5,Marketing,Marketing Specialist,758176.38,2023-01-30,2024-12-31,False
E004705,4,Sales,Product Manager,823704.72,2018-06-12,2024-12-31,False
E004706,5,Marketing,Business Analyst,1106728.2,2022-04-12,2024-12-31,False
E004707,4,Sales,Data Scientist,1238539.52,2018-07-08,2024-12-31,False
E004708,4,Sales,HR Specialist,1054727.88,2021-08-05,2024-12-31,False
E004709,2,Finance,Operations Analyst,1815950.14,2023-02-16,2024-12-31,False
E004710,4,Sales,Product Manager,1786560.34,2024-06-01,2024-12-31,False
E004711,5,Marketing,Data Analyst,656515.26,2022-01-30,2024-12-31,False
E004712,3,Human Resources,HR Specialist,355410.22,2022-11-07,2024-12-31,False
E004713,1,Engineering,Data Analyst,2205945.65,2023-12-27,2024-12-31,False
E004714,4,Sales,Senior Software Engineer,2111256.82,2015-06-01,2024-12-31,False
E004715,6,Operations,Financial Analyst,304564.77,2023-08-09,2024-12-31,False
E004716,6,Operations,Senior Software Engineer,541074.5,2024-06-01,2024-12-31,False
E004717,6,Operations,Product Manager,1044643.29,2023-08-19,2024-12-31,False
E004718,6,Operations,HR Specialist,800019.7,2017-12-27,2024-12-31,False
E004719,5,Marketing,Financial Analyst,1428755.05,2021-02-11,2024-12-31,False
E004720,5,Marketing,Data Analyst,474879.81,2023-05-23,2024-12-31,False
E004721,4,Sales,Senior Software Engineer,2149432.43,2021-01-11,2024-12-31,False
E004722,4,Sales,Sales Executive,1771814.86,2024-06-01,2024-12-31,False
E004723,6,Operations,Product Manager,1251073.42,2023-11-29,2024-12-31,False
E004724,1,Engineering,HR Specialist,1177712.51,2024-04-01,2024-12-31,False
E004725,4,Sales,Marketing Specialist,345180.96,2021-10-15,2024-12-31,False
E004726,6,Operations,Business Analyst,778295.91,2016-07-29,2024-12-31,False
E004727,3,Human Resources,Senior Software Engineer,983039.17,2019-02-25,2024-12-31,False
E004728,4,Sales,Senior Software Engineer,249130.58,2019-01-11,2024-12-31,False
E004729,3,Human Resources,Sales Executive,1365962.44,2024-03-29,2024-12-31,False
E004730,2,Finance,Product Manager,1134340.72,2017-11-02,2024-12-31,False
E004731,4,Sales,Business Analyst,1086872.77,2019-04-05,2024-12-31,False
E004732,6,Operations,Operations Analyst,1365375.87,2024-04-16,2024-12-31,False
E004733,5,Marketing,Sales Executive,716821.55,2018-10-15,2024-12-31,False
E004734,2,Finance,Project Manager,888662.01,2022-02-22,2024-12-31,False
E004735,2,Finance,Marketing Specialist,266514.38,2009-03-16,2024-12-31,False
E004736,4,Sales,Operations Analyst,1467582.41,2005-08-16,2024-12-31,False
E004737,1,Engineering,HR Specialist,1144383.95,2010-09-04,2024-12-31,False
E004738,5,Marketing,Business Analyst,1228567.33,2008-01-19,2024-12-31,False
E004739,3,Human Resources,Product Manager,1734493.28,2014-10-30,2024-12-31,False
E004740,4,Sales,Operations Analyst,2210763.41,2017-11-12,2024-12-31,False
E004741,1,Engineering,Software Engineer,1283652.15,2023-12-16,2024-12-31,False
E004742,6,Operations,Data Scientist,1730797.23,2016-01-22,2024-12-31,False
E004743,6,Operations,Data Analyst,937624.04,2017-10-23,2024-12-31,False
E004744,1,Engineering,Operations Analyst,1508757.02,2024-06-01,2024-12-31,False
E004745,6,Operations,Marketing Specialist,1178372.77,2023-08-02,2024-12-31,False
E004746,4,Sales,Data Analyst,559021.68,2020-08-24,2024-12-31,False
E004747,4,Sales,Data Analyst,1537520.33,2024-04-03,2024-12-31,False
E004748,2,Finance,Sales Executive,2146375.08,2011-12-06,2024-12-31,False
E004749,1,Engineering,Product Manager,1078614.49,2024-06-01,2024-12-31,False
E004750,6,Operations,Marketing Specialist,1841946.83,2020-04-17,2024-12-31,False
E004751,3,Human Resources,Sales Executive,2153068.49,2012-06-03,2024-12-31,False
E004752,5,Marketing,Software Engineer,274598.24,2022-12-04,2024-12-31,False
E004753,6,Operations,Sales Executive,1146478.5,2024-06-01,2024-12-31,False
E004754,6,Operations,Data Scientist,1236555.3,2013-03-04,2024-12-31,False
E004755,4,Sales,Sales Executive,755046.27,2023-09-25,2024-12-31,False
E004756,4,Sales,Data Scientist,986114.15,2023-09-22,2024-12-31,False
E004757,5,Marketing,Project Manager,640336.07,2023-07-15,2024-12-31,False
E004758,1,Engineering,Data Scientist,666284.56,2020-10-22,2024-12-31,False
E004759,5,Marketing,Marketing Specialist,296786.98,2022-06-15,2024-12-31,False
E004760,6,Operations,Product Manager,2135345.68,2015-10-12,2024-12-31,False
E004761,2,Finance,HR Specialist,1110665.45,2016-12-28,2024-12-31,False
E004762,3,Human Resources,Data Analyst,2214170.42,2024-04-27,2024-12-31,False
E004763,2,Finance,Business Analyst,1317762.68,2018-03-11,2024-12-31,False
E004764,5,Marketing,Operations Analyst,1952227.43,2021-10-11,2024-12-31,False
E004765,4,Sales,Software Engineer,534163.86,2021-05-31,2024-12-31,False
E004766,6,Operations,Software Engineer,2036219.65,2011-05-17,2024-12-31,False
E004767,4,Sales,HR Specialist,1741919.9,2024-03-24,2024-12-31,False
E004768,4,Sales,Financial Analyst,1343247.9,2011-09-04,2024-12-31,False
E004769,3,Human Resources,Marketing Specialist,2199625.72,2024-06-01,2024-12-31,False
E004770,4,Sales,Marketing Specialist,1475157.04,2019-02-14,2024-12-31,False
E004771,4,Sales,Software Engineer,1646185.87,2017-08-08,2024-12-31,False
E004772,1,Engineering,Operations Analyst,1806504.87,2023-03-24,2024-12-31,False
E004773,4,Sales,Operations Analyst,1063283.62,2016-09-01,2024-12-31,False
E004774,4,Sales,HR Specialist,522287.44,2024-03-05,2024-12-31,False
E004775,5,Marketing,Project Manager,736163.2,2022-11-04,2024-12-31,False
E004776,1,Engineering,Data Scientist,512768.43,2024-06-01,2024-12-31,False
E004777,4,Sales,Financial Analyst,2031407.65,2016-04-09,2024-12-31,False
E004778,2,Finance,Software Engineer,789767.02,2008-11-17,2024-12-31,False
E004779,2,Finance,Financial Analyst,596137.51,2023-05-30,2024-12-31,False
E004780,1,Engineering,Product Manager,1061268.67,2023-05-18,2024-12-31,False
E004781,3,Human Resources,Financial Analyst,1682135.4,2005-01-31,2024-12-31,False
E004782,4,Sales,Data Analyst,711990.97,2024-06-01,2024-12-31,False
E004783,2,Finance,Product Manager,1729744.69,2024-01-01,2024-12-31,False
E004784,3,Human Resources,Sales Executive,514289.59,2023-07-13,2024-12-31,False
E004785,6,Operations,Business Analyst,323292.94,2022-09-29,2024-12-31,False
E004786,3,Human Resources,Operations Analyst,2077927.62,2024-06-01,2024-12-31,False
E004787,3,Human Resources,Marketing Specialist,1974083.76,2019-12-31,2024-12-31,False
E004788,3,Human Resources,Project Manager,1339580.0,2022-03-06,2024-12-31,False
E004789,2,Finance,Data Analyst,450858.53,2017-05-11,2024-12-31,False
E004790,5,Marketing,Data Analyst,2299967.22,2023-06-13,2024-12-31,False
E004791,1,Engineering,Senior Software Engineer,479090.47,2024-05-02,2024-12-31,False
E004792,6,Operations,Business Analyst,1871676.15,2023-06-12,2024-12-31,False
E004793,3,Human Resources,Operations Analyst,533821.15,2023-06-30,2024-12-31,False
E004794,1,Engineering,Senior Software Engineer,292170.19,2023-05-29,2024-12-31,False
E004795,6,Operations,Data Scientist,1157226.83,2011-01-10,2024-12-31,False
E004796,5,Marketing,Software Engineer,457146.77,2020-11-14,2024-12-31,False
E004797,6,Operations,Business Analyst,1625305.58,2015-02-14,2024-12-31,False
E004798,2,Finance,Product Manager,2412494.09,2019-05-28,2024-12-31,False
E004799,2,Finance,Project Manager,1356167.3,2022-04-26,2024-12-31,False
E004800,1,Engineering,Data Analyst,1206240.75,2022-06-14,2024-12-31,False
E004801,6,Operations,Sales Executive,1598672.25,2021-06-06,2024-12-31,False
E004802,5,Marketing,Product Manager,932014.22,2023-10-02,2024-12-31,False
E004803,2,Finance,Software Engineer,1008216.99,2023-02-02,2024-12-31,False
E004804,4,Sales,Software Engineer,2056621.28,2019-08-08,2024-12-31,False
E004805,2,Finance,Sales Executive,1193702.31,2024-06-01,2024-12-31,False
E004806,1,Engineering,Business Analyst,863313.38,2008-08-12,2024-12-31,False
E004807,3,Human Resources,Senior Software Engineer,380759.17,2024-05-25,2024-12-31,False
E004808,1,Engineering,Software Engineer,539995.49,2014-10-02,2024-12-31,False
E004809,5,Marketing,Data Scientist,980169.94,2024-04-24,2024-12-31,False
E004810,5,Marketing,Operations Analyst,481595.59,2024-06-01,2024-12-31,False
E004811,2,Finance,Data Scientist,1457720.91,2019-08-05,2024-12-31,False
E004812,3,Human Resources,Software Engineer,1608186.33,2022-05-28,2024-12-31,False
E004813,1,Engineering,Business Analyst,2100497.08,2013-06-06,2024-12-31,False
E004814,2,Finance,Product Manager,1389028.4,2023-05-21,2024-12-31,False
E004815,2,Finance,HR Specialist,1631661.2,2023-10-16,2024-12-31,False
E004816,3,Human Resources,Data Analyst,429386.35,2024-06-01,2024-12-31,False
E004817,1,Engineering,Business Analyst,1918483.7,2022-12-14,2024-12-31,False
E004818,1,Engineering,Sales Executive,502534.46,2024-06-01,2024-12-31,False
E004819,3,Human Resources,Data Scientist,1376270.55,2023-08-24,2024-12-31,False
E004820,4,Sales,Software Engineer,1046458.45,2021-01-18,2024-12-31,False
E004821,6,Operations,HR Specialist,1084268.38,2023-02-25,2024-12-31,False
E004822,2,Finance,Software Engineer,653522.37,2024-06-01,2024-12-31,False
E004823,2,Finance,Marketing Specialist,1186380.47,2014-02-03,2024-12-31,False
E004824,6,Operations,Operations Analyst,947908.15,2019-07-14,2024-12-31,False
E004825,2,Finance,Business Analyst,1437020.63,2021-09-04,2024-12-31,False
E004826,2,Finance,Senior Software Engineer,963538.75,2021-06-06,2024-12-31,False
E004827,4,Sales,Business Analyst,828714.29,2021-06-25,2024-12-31,False
E004828,1,Engineering,Marketing Specialist,1703439.06,2024-06-01,2024-12-31,False
E004829,4,Sales,Data Analyst,330916.51,2005-11-28,2024-12-31,False
E004830,2,Finance,Sales Executive,1169445.99,2017-12-22,2024-12-31,False
E004831,3,Human Resources,Project Manager,308025.06,2009-05-23,2024-12-31,False
E004832,4,Sales,Product Manager,2100693.99,2016-08-29,2024-12-31,False
E004833,4,Sales,Product Manager,2365703.71,2024-06-01,2024-12-31,False
E004834,6,Operations,Financial Analyst,1914361.07,2018-10-11,2024-12-31,False
E004835,4,Sales,Senior Software Engineer,2250209.18,2018-08-13,2024-12-31,False
E004836,3,Human Resources,Product Manager,882434.21,2024-01-18,2024-12-31,False
E004837,1,Engineering,Marketing Specialist,1109664.52,2022-04-26,2024-12-31,False
E004838,2,Finance,Marketing Specialist,868834.18,2011-01-10,2024-12-31,False
E004839,2,Finance,Software Engineer,2269506.97,2023-12-05,2024-12-31,False
E004840,4,Sales,Marketing Specialist,1634553.93,2020-12-17,2024-12-31,False
E004841,2,Finance,Software Engineer,1158228.75,2021-11-21,2024-12-31,False
E004842,5,Marketing,Data Analyst,430604.41,2022-03-26,2024-12-31,False
E004843,5,Marketing,Product Manager,2033082.85,2007-12-01,2024-12-31,False
E004844,2,Finance,Financial Analyst,707380.95,2024-06-01,2024-12-31,False
E004845,4,Sales,Software Engineer,405028.13,2023-12-05,2024-12-31,False
E004846,2,Finance,Project Manager,1495354.81,2023-05-13,2024-12-31,False
E004847,2,Finance,Business Analyst,690849.17,2020-12-22,2024-12-31,False
E004848,5,Marketing,Project Manager,2177157.96,2024-06-01,2024-12-31,False
E004849,4,Sales,Software Engineer,701340.63,2024-06-01,2024-12-31,False
E004850,4,Sales,Data Scientist,1643992.94,2022-12-16,2024-12-31,False
E004851,6,Operations,Senior Software Engineer,884986.56,2021-07-20,2024-12-31,False
E004852,6,Operations,HR Specialist,886717.56,2022-09-14,2024-12-31,False
E004853,2,Finance,Product Manager,1523563.4,2016-01-21,2024-12-31,False
E004854,2,Finance,Data Scientist,2092898.61,2024-01-13,2024-12-31,False
E004855,4,Sales,Marketing Specialist,1322872.66,2022-03-27,2024-12-31,False
E004856,6,Operations,Product Manager,2017329.27,2020-02-25,2024-12-31,False
E004857,5,Marketing,Data Analyst,1905721.13,2021-09-01,2024-12-31,False
E004858,2,Finance,Marketing Specialist,1212848.4,2022-06-19,2024-12-31,False
E004859,6,Operations,Software Engineer,718303.82,2008-04-09,2024-12-31,False
E004860,1,Engineering,Operations Analyst,1285078.34,2020-06-13,2024-12-31,False
E004861,4,Sales,Data Analyst,1079723.5,2024-06-01,2024-12-31,False
E004862,3,Human Resources,Financial Analyst,1461278.26,2022-09-10,2024-12-31,False
E004863,2,Finance,Marketing Specialist,846869.55,2006-12-14,2024-12-31,False
E004864,6,Operations,Data Scientist,1037488.65,2023-08-08,2024-12-31,False
E004865,2,Finance,Data Scientist,768560.42,2009-04-13,2024-12-31,False
E004866,4,Sales,Operations Analyst,1270829.66,2023-05-27,2024-12-31,False
E004867,2,Finance,HR Specialist,1447613.54,2024-06-01,2024-12-31,False
E004868,6,Operations,Operations Analyst,712955.01,2015-11-19,2024-12-31,False
E004869,2,Finance,Marketing Specialist,765815.55,2024-06-01,2024-12-31,False
E004870,5,Marketing,Product Manager,268157.91,2015-02-20,2024-12-31,False
E004871,2,Finance,Software Engineer,1936290.09,2009-06-13,2024-12-31,False
E004872,5,Marketing,Senior Software Engineer,1467117.16,2024-06-01,2024-12-31,False
E004873,2,Finance,Operations Analyst,2144770.24,2021-12-02,2024-12-31,False
E004874,4,Sales,Sales Executive,413324.89,2023-06-11,2024-12-31,False
E004875,1,Engineering,Financial Analyst,603868.12,2019-05-25,2024-12-31,False
E004876,1,Engineering,Business Analyst,597441.17,2015-01-17,2024-12-31,False
E004877,5,Marketing,Operations Analyst,361390.82,2024-06-01,2024-12-31,False
E004878,1,Engineering,Data Analyst,1785040.58,2018-10-29,2024-12-31,False
E004879,1,Engineering,Marketing Specialist,487738.83,2024-06-01,2024-12-31,False
E004880,3,Human Resources,Software Engineer,479223.17,2004-07-13,2024-12-31,False
E004881,4,Sales,HR Specialist,1893347.12,2024-05-20,2024-12-31,False
E004882,1,Engineering,Software Engineer,730773.58,2023-03-14,2024-12-31,False
E004883,5,Marketing,Software Engineer,614083.15,2024-06-01,2024-12-31,False
E004884,3,Human Resources,Sales Executive,717176.61,2009-05-28,2024-12-31,False
E004885,1,Engineering,Sales Executive,1508161.22,2021-12-12,2024-12-31,False
E004886,3,Human Resources,Software Engineer,599765.97,2020-04-28,2024-12-31,False
E004887,5,Marketing,Project Manager,361889.21,2023-12-02,2024-12-31,False
E004888,6,Operations,Financial Analyst,1934611.01,2024-06-01,2024-12-31,False
E004889,3,Human Resources,Marketing Specialist,1579177.18,2019-06-22,2024-12-31,False
E004890,4,Sales,Data Analyst,2340137.33,2024-06-01,2024-12-31,False
E004891,1,Engineering,Operations Analyst,1520454.61,2011-03-25,2024-12-31,False
E004892,3,Human Resources,Operations Analyst,580141.17,2024-06-01,2024-12-31,False
E004893,2,Finance,Marketing Specialist,2125533.33,2024-06-01,2024-12-31,False
E004894,2,Finance,Financial Analyst,530581.9,2011-01-21,2024-12-31,False
E004895,5,Marketing,Marketing Specialist,903787.28,2014-10-17,2024-12-31,False
E004896,5,Marketing,Sales Executive,1774820.73,2024-03-29,2024-12-31,False
E004897,2,Finance,Project Manager,534812.55,2019-02-28,2024-12-31,False
E004898,4,Sales,Data Scientist,2140563.1,2024-06-01,2024-12-31,False
E004899,5,Marketing,Data Scientist,1442270.46,2018-07-10,2024-12-31,False
E004900,2,Finance,Software Engineer,516170.6,2024-06-01,2024-12-31,False
E004901,5,Marketing,Marketing Specialist,1599914.46,2018-07-07,2024-12-31,False
E004902,4,Sales,Operations Analyst,2106541.1,2019-09-23,2024-12-31,False
E004903,1,Engineering,Financial Analyst,1249694.29,2024-04-03,2024-12-31,False
E004904,4,Sales,Financial Analyst,1277672.82,2020-11-09,2024-12-31,False
E004905,5,Marketing,Sales Executive,664138.57,2016-09-13,2024-12-31,False
E004906,5,Marketing,Software Engineer,2165190.87,2022-06-18,2024-12-31,False
E004907,4,Sales,Operations Analyst,2195102.18,2018-02-25,2024-12-31,False
E004908,5,Marketing,Project Manager,1015116.95,2021-08-15,2024-12-31,False
E004909,6,Operations,Project Manager,1120056.8,2007-11-24,2024-12-31,False
E004910,1,Engineering,Sales Executive,1221844.2,2022-12-07,2024-12-31,False
E004911,2,Finance,Financial Analyst,1443864.47,2023-11-13,2024-12-31,False
E004912,3,Human Resources,Business Analyst,375668.81,2017-06-04,2024-12-31,False
E004913,3,Human Resources,Financial Analyst,1490992.8,2022-07-13,2024-12-31,False
E004914,4,Sales,Project Manager,2046044.11,2020-10-22,2024-12-31,False
E004915,6,Operations,Product Manager,1998189.21,2024-01-23,2024-12-31,False
E004916,1,Engineering,Project Manager,1327250.51,2022-09-26,2024-12-31,False
E004917,6,Operations,HR Specialist,2135854.61,2021-07-01,2024-12-31,False
E004918,2,Finance,Data Scientist,1874386.29,2018-08-21,2024-12-31,False
E004919,2,Finance,HR Specialist,1520702.89,2006-02-28,2024-12-31,False
E004920,3,Human Resources,Data Scientist,1219502.66,2017-08-02,2024-12-31,False
E004921,5,Marketing,Business Analyst,2158737.05,2023-01-11,2024-12-31,False
E004922,6,Operations,Project Manager,256174.43,2014-08-07,2024-12-31,False
E004923,5,Marketing,Software Engineer,1890670.06,2017-12-17,2024-12-31,False
E004924,6,Operations,Data Scientist,1242872.43,2018-10-28,2024-12-31,False
E004925,4,Sales,Software Engineer,648238.16,2018-04-15,2024-12-31,False
E004926,1,Engineering,Data Scientist,2228878.69,2020-03-29,2024-12-31,False
E004927,1,Engineering,Business Analyst,599586.8,2023-11-29,2024-12-31,False
E004928,2,Finance,Sales Executive,1451595.76,2017-01-05,2024-12-31,False
E004929,5,Marketing,Business Analyst,540326.15,2021-04-02,2024-12-31,False
E004930,2,Finance,Marketing Specialist,741156.32,2023-07-15,2024-12-31,False
E004931,4,Sales,Software Engineer,339778.8,2024-06-01,2024-12-31,False
E004932,1,Engineering,Operations Analyst,1988593.38,2011-04-15,2024-12-31,False
E004933,1,Engineering,Marketing Specialist,2187446.35,2011-07-13,2024-12-31,False
E004934,1,Engineering,Sales Executive,414392.06,2023-01-03,2024-12-31,False
E004935,5,Marketing,Project Manager,2038470.92,2020-07-06,2024-12-31,False
E004936,1,Engineering,Senior Software Engineer,1515865.24,2021-07-20,2024-12-31,False
E004937,6,Operations,Sales Executive,337993.64,2014-01-31,2024-12-31,False
E004938,3,Human Resources,Sales Executive,1054459.02,2024-03-16,2024-12-31,False
E004939,6,Operations,HR Specialist,1745892.41,2023-03-07,2024-12-31,False
E004940,2,Finance,Business Analyst,851199.51,2016-08-09,2024-12-31,False
E004941,5,Marketing,Data Analyst,1141155.02,2023-05-04,2024-12-31,False
E004942,4,Sales,Sales Executive,1617003.84,2022-11-18,2024-12-31,False
E004943,4,Sales,Operations Analyst,2092102.28,2020-12-04,2024-12-31,False
E004944,4,Sales,Financial Analyst,1304697.81,2021-07-27,2024-12-31,False
E004945,4,Sales,Data Analyst,364180.92,2024-04-18,2024-12-31,False
E004946,2,Finance,Marketing Specialist,1672664.25,2024-06-01,2024-12-31,False
E004947,2,Finance,Product Manager,1991148.91,2023-01-18,2024-12-31,False
E004948,1,Engineering,Business Analyst,508713.16,2024-06-01,2024-12-31,False
E004949,2,Finance,Software Engineer,1437051.11,2018-12-20,2024-12-31,False
E004950,2,Finance,Product Manager,551725.38,2022-05-03,2024-12-31,False
E004951,1,Engineering,Product Manager,1709569.92,2023-11-19,2024-12-31,False
E004952,4,Sales,Financial Analyst,1223020.94,2023-01-17,2024-12-31,False
E004953,3,Human Resources,Financial Analyst,1062118.21,2019-07-31,2024-12-31,False
E004954,2,Finance,HR Specialist,1794675.62,2024-03-30,2024-12-31,False
E004955,4,Sales,Product Manager,2226613.88,2024-06-01,2024-12-31,False
E004956,3,Human Resources,Software Engineer,1820089.89,2024-06-01,2024-12-31,False
E004957,6,Operations,HR Specialist,1588194.79,2023-12-23,2024-12-31,False
E004958,2,Finance,Software Engineer,1807977.93,2022-12-11,2024-12-31,False
E004959,1,Engineering,Sales Executive,952464.26,2014-02-24,2024-12-31,False
E004960,5,Marketing,Data Analyst,2115866.79,2015-06-07,2024-12-31,False
E004961,4,Sales,Senior Software Engineer,650883.74,2024-06-01,2024-12-31,False
E004962,4,Sales,Product Manager,2130427.32,2021-05-30,2024-12-31,False
E004963,4,Sales,Data Scientist,531196.59,2020-07-14,2024-12-31,False
E004964,6,Operations,Data Analyst,2202128.07,2022-06-17,2024-12-31,False
E004965,2,Finance,HR Specialist,827585.25,2016-11-08,2024-12-31,False
E004966,5,Marketing,Software Engineer,1375380.94,2021-05-16,2024-12-31,False
E004967,6,Operations,Project Manager,1244429.37,2016-01-04,2024-12-31,False
E004968,3,Human Resources,Business Analyst,649272.31,2024-02-20,2024-12-31,False
E004969,1,Engineering,Product Manager,334654.25,2022-11-28,2024-12-31,False
E004970,4,Sales,Financial Analyst,1914797.79,2024-03-30,2024-12-31,False
E004971,5,Marketing,Project Manager,2051965.38,2021-12-17,2024-12-31,False
E004972,6,Operations,Marketing Specialist,1872003.39,2020-10-14,2024-12-31,False
E004973,5,Marketing,Business Analyst,1395845.77,2023-05-31,2024-12-31,False
E004974,2,Finance,Software Engineer,699629.93,2017-07-03,2024-12-31,False
E004975,3,Human Resources,Senior Software Engineer,1316650.6,2020-11-17,2024-12-31,False
E004976,4,Sales,Product Manager,2218496.67,2017-01-29,2024-12-31,False
E004977,1,Engineering,Product Manager,961846.5,2021-01-05,2024-12-31,False
E004978,3,Human Resources,Data Scientist,652647.96,2023-05-02,2024-12-31,False
E004979,5,Marketing,Operations Analyst,2104677.87,2021-09-11,2024-12-31,False
E004980,5,Marketing,Data Scientist,852449.54,2020-12-17,2024-12-31,False
E004981,3,Human Resources,Senior Software Engineer,2087044.69,2015-08-12,2024-12-31,False
E004982,3,Human Resources,Senior Software Engineer,577455.42,2024-06-01,2024-12-31,False
E004983,1,Engineering,Marketing Specialist,1977791.01,2011-11-17,2024-12-31,False
E004984,2,Finance,Senior Software Engineer,1491919.82,2005-08-15,2024-12-31,False
E004985,6,Operations,Project Manager,372834.09,2024-06-01,2024-12-31,False
E004986,5,Marketing,Project Manager,2223413.93,2024-06-01,2024-12-31,False
E004987,5,Marketing,Senior Software Engineer,1094037.39,2020-06-20,2024-12-31,False
E004988,2,Finance,Product Manager,1639850.74,2021-10-27,2024-12-31,False
E004989,3,Human Resources,HR Specialist,1220293.47,2020-05-23,2024-12-31,False
E004990,4,Sales,Senior Software Engineer,1265688.32,2020-09-16,2024-12-31,False
E004991,6,Operations,Business Analyst,1222513.05,2018-01-30,2024-12-31,False
E004992,6,Operations,HR Specialist,1323181.06,2019-10-13,2024-12-31,False
E004993,1,Engineering,Software Engineer,887900.27,2024-06-01,2024-12-31,False
E004994,1,Engineering,HR Specialist,1302448.01,2003-08-25,2024-12-31,False
E004995,5,Marketing,Business Analyst,986712.92,2013-11-27,2024-12-31,False
E004996,1,Engineering,HR Specialist,1757663.07,2024-06-01,2024-12-31,False
E004997,3,Human Resources,Senior Software Engineer,299152.8,2023-12-23,2024-12-31,False
E004998,6,Operations,Business Analyst,739259.09,2024-06-01,2024-12-31,False
E004999,2,Finance,Data Analyst,1159640.28,2024-06-01,2024-12-31,False
E005000,1,Engineering,Financial Analyst,1741123.6,2023-10-14,2024-12-31,False
E005001,4,Sales,Sales Executive,788952.76,2020-05-16,2024-12-31,False
E005002,3,Human Resources,Project Manager,528734.0,2024-06-01,2024-12-31,False
E005003,2,Finance,Data Scientist,1896669.68,2022-06-12,2024-12-31,False
E005004,3,Human Resources,Project Manager,1963049.15,2021-09-28,2024-12-31,False
E005005,4,Sales,Product Manager,1860994.89,2024-06-01,2024-12-31,False
E005006,6,Operations,Financial Analyst,898902.14,2017-09-04,2024-12-31,False
E005007,1,Engineering,Marketing Specialist,1775074.2,2004-08-11,2024-12-31,False
E005008,6,Operations,Marketing Specialist,2072994.29,2022-05-09,2024-12-31,False
E005009,4,Sales,Product Manager,798719.42,2019-01-03,2024-12-31,False
E005010,2,Finance,Data Scientist,1941601.36,2014-10-03,2024-12-31,False
E005011,5,Marketing,HR Specialist,1029064.79,2023-08-06,2024-12-31,False
E005012,6,Operations,Marketing Specialist,780166.64,2023-07-30,2024-12-31,False
E005013,5,Marketing,Operations Analyst,324740.41,2014-11-04,2024-12-31,False
E005014,2,Finance,Data Scientist,1965800.21,2016-11-13,2024-12-31,False
E005015,2,Finance,Financial Analyst,1772844.86,2008-02-05,2024-12-31,False
E005016,4,Sales,Marketing Specialist,1245480.73,2024-03-15,2024-12-31,False
E005017,5,Marketing,Sales Executive,1257896.28,2022-11-08,2024-12-31,False
E005018,6,Operations,Sales Executive,2071931.12,2021-12-27,2024-12-31,False
E005019,3,Human Resources,Sales Executive,641227.79,2022-07-19,2024-12-31,False
E005020,3,Human Resources,Financial Analyst,1037861.23,2023-02-11,2024-12-31,False
E005021,2,Finance,HR Specialist,853263.72,2024-02-11,2024-12-31,False
E005022,4,Sales,Software Engineer,1198667.92,2023-05-26,2024-12-31,False
E005023,5,Marketing,HR Specialist,2175723.22,2023-04-13,2024-12-31,False
E005024,1,Engineering,Business Analyst,1129613.81,2020-01-17,2024-12-31,False
E005025,5,Marketing,Business Analyst,1827199.01,2024-02-17,2024-12-31,False
E005026,6,Operations,Product Manager,442243.95,2013-06-28,2024-12-31,False
E005027,1,Engineering,Marketing Specialist,1041258.78,2019-08-10,2024-12-31,False
E005028,4,Sales,Financial Analyst,708790.11,2003-01-13,2024-12-31,False
E005029,1,Engineering,Marketing Specialist,723783.54,2020-01-07,2024-12-31,False
E005030,6,Operations,Project Manager,1385441.0,2023-11-02,2024-12-31,False
E005031,3,Human Resources,Software Engineer,1377868.88,2016-06-25,2024-12-31,False
E005032,1,Engineering,HR Specialist,1707900.2,2009-11-16,2024-12-31,False
E005033,5,Marketing,Data Analyst,910037.86,2017-01-17,2024-12-31,False
E005034,6,Operations,Software Engineer,1998680.09,2023-06-13,2024-12-31,False
E005035,4,Sales,Senior Software Engineer,831568.54,2024-02-20,2024-12-31,False
E005036,4,Sales,Sales Executive,278778.07,2023-09-17,2024-12-31,False
E005037,5,Marketing,Data Scientist,1661217.35,2015-11-24,2024-12-31,False
E005038,4,Sales,Financial Analyst,1688030.2,2005-01-27,2024-12-31,False
E005039,5,Marketing,Operations Analyst,2132394.99,2022-01-03,2024-12-31,False
E005040,5,Marketing,Product Manager,1801819.3,2024-06-01,2024-12-31,False
E005041,3,Human Resources,Data Scientist,622261.57,2023-07-15,2024-12-31,False
E005042,4,Sales,Marketing Specialist,1088885.85,2017-11-20,2024-12-31,False
E005043,3,Human Resources,Project Manager,973145.99,2024-06-01,2024-12-31,False
E005044,3,Human Resources,Data Scientist,846937.61,2023-12-19,2024-12-31,False
E005045,5,Marketing,Software Engineer,501063.5,2016-10-11,2024-12-31,False
E005046,6,Operations,Software Engineer,781993.03,2022-12-18,2024-12-31,False
E005047,5,Marketing,Operations Analyst,2400718.65,2022-11-26,2024-12-31,False
E005048,1,Engineering,Sales Executive,1276166.58,2022-03-17,2024-12-31,False
E005049,6,Operations,Financial Analyst,1415139.69,2024-05-01,2024-12-31,False
E005050,1,Engineering,Product Manager,940079.66,2023-12-18,2024-12-31,False
E005051,4,Sales,Software Engineer,904337.79,2021-09-04,2024-12-31,False
E005052,6,Operations,Software Engineer,456918.28,2008-07-24,2024-12-31,False
E005053,1,Engineering,HR Specialist,1133489.44,2020-03-24,2024-12-31,False
E005054,3,Human Resources,HR Specialist,1896345.62,2019-02-03,2024-12-31,False
E005055,4,Sales,HR Specialist,361598.69,2019-07-04,2024-12-31,False
E005056,1,Engineering,HR Specialist,1745553.63,2010-06-26,2024-12-31,False
E005057,5,Marketing,Marketing Specialist,1783044.39,2024-04-07,2024-12-31,False
E005058,4,Sales,Project Manager,1293606.53,2021-01-25,2024-12-31,False
E005059,3,Human Resources,Data Scientist,1128164.69,2009-09-29,2024-12-31,False
E005060,3,Human Resources,Financial Analyst,625926.85,2019-03-10,2024-12-31,False
E005061,4,Sales,Senior Software Engineer,1611375.11,2021-11-13,2024-12-31,False
E005062,2,Finance,Project Manager,1546458.11,2015-08-09,2024-12-31,False
E005063,5,Marketing,Data Scientist,1986470.04,2020-11-10,2024-12-31,False
E005064,6,Operations,Sales Executive,848680.78,2017-10-12,2024-12-31,False
E005065,6,Operations,Senior Software Engineer,2120341.8,2024-06-01,2024-12-31,False
E005066,1,Engineering,Sales Executive,491836.65,2023-03-07,2024-12-31,False
E005067,6,Operations,Senior Software Engineer,782910.48,2021-08-20,2024-12-31,False
E005068,1,Engineering,Software Engineer,576260.12,2023-09-10,2024-12-31,False
E005069,3,Human Resources,Business Analyst,1293117.29,2024-06-01,2024-12-31,False
E005070,5,Marketing,HR Specialist,1646249.61,2014-01-18,2024-12-31,False
E005071,4,Sales,Financial Analyst,1689896.34,2024-05-24,2024-12-31,False
E005072,5,Marketing,Business Analyst,241924.21,2023-06-29,2024-12-31,False
E005073,3,Human Resources,Marketing Specialist,1143537.31,2021-09-25,2024-12-31,False
E005074,6,Operations,Software Engineer,330694.09,2024-06-01,2024-12-31,False
E005075,4,Sales,Senior Software Engineer,950635.45,2024-06-01,2024-12-31,False
E005076,3,Human Resources,Product Manager,1183967.55,2013-11-09,2024-12-31,False
E005077,6,Operations,Sales Executive,2060837.37,2024-06-01,2024-12-31,False
E005078,4,Sales,Project Manager,1347773.23,2022-03-08,2024-12-31,False
E005079,2,Finance,Senior Software Engineer,370634.72,2024-06-01,2024-12-31,False
E005080,6,Operations,Financial Analyst,388971.01,2022-02-18,2024-12-31,False
E005081,2,Finance,Product Manager,1096728.26,2017-09-20,2024-12-31,False
E005082,5,Marketing,Data Scientist,1240550.66,2024-06-01,2024-12-31,False
E005083,1,Engineering,Operations Analyst,1645376.8,2019-02-11,2024-12-31,False
E005084,6,Operations,Product Manager,1897326.23,2023-08-09,2024-12-31,False
E005085,5,Marketing,Senior Software Engineer,1697066.45,2021-06-09,2024-12-31,False
E005086,4,Sales,Data Scientist,1116321.67,2022-12-24,2024-12-31,False
E005087,6,Operations,Financial Analyst,657778.32,2019-10-30,2024-12-31,False
E005088,3,Human Resources,Project Manager,2355770.25,2021-07-07,2024-12-31,False
E005089,2,Finance,Sales Executive,520217.24,2022-11-25,2024-12-31,False
E005090,3,Human Resources,HR Specialist,1588091.35,2023-10-22,2024-12-31,False
E005091,1,Engineering,Data Scientist,1951464.06,2011-08-02,2024-12-31,False
E005092,4,Sales,Project Manager,1035786.51,2023-08-19,2024-12-31,False
E005093,1,Engineering,Sales Executive,1194376.66,2021-12-16,2024-12-31,False
E005094,1,Engineering,Product Manager,1188445.06,2024-06-01,2024-12-31,False
E005095,6,Operations,Product Manager,732653.32,2007-11-12,2024-12-31,False
E005096,3,Human Resources,Sales Executive,1476438.83,2024-06-01,2024-12-31,False
E005097,4,Sales,HR Specialist,1095533.56,2006-10-25,2024-12-31,False
E005098,4,Sales,Marketing Specialist,1861232.82,2021-11-06,2024-12-31,False
E005099,1,Engineering,Senior Software Engineer,2256294.35,2023-07-10,2024-12-31,False
E005100,3,Human Resources,Senior Software Engineer,1026169.61,2019-07-16,2024-12-31,False
E005101,3,Human Resources,Data Scientist,1718509.63,2023-04-22,2024-12-31,False
E005102,5,Marketing,Product Manager,1633392.07,2024-06-01,2024-12-31,False
E005103,1,Engineering,Data Analyst,1144556.57,2011-02-07,2024-12-31,False
E005104,4,Sales,Software Engineer,2005551.04,2021-04-16,2024-12-31,False
E005105,3,Human Resources,Business Analyst,2027168.0,2024-04-15,2024-12-31,False
E005106,6,Operations,Sales Executive,2131921.53,2017-07-29,2024-12-31,False
E005107,6,Operations,Business Analyst,1841693.2,2020-05-29,2024-12-31,False
E005108,3,Human Resources,Marketing Specialist,841296.24,2011-03-06,2024-12-31,False
E005109,3,Human Resources,Senior Software Engineer,449354.95,2022-10-21,2024-12-31,False
E005110,4,Sales,Data Scientist,1457735.53,2009-03-04,2024-12-31,False
E005111,4,Sales,Data Analyst,2125275.65,2014-05-28,2024-12-31,False
E005112,1,Engineering,Product Manager,553050.32,2015-11-24,2024-12-31,False
E005113,6,Operations,Operations Analyst,383722.0,2011-07-25,2024-12-31,False
E005114,4,Sales,Data Analyst,1064840.99,2024-03-05,2024-12-31,False
E005115,6,Operations,Marketing Specialist,1542929.85,2023-11-26,2024-12-31,False
E005116,2,Finance,Senior Software Engineer,2266184.19,2015-02-24,2024-12-31,False
E005117,5,Marketing,Software Engineer,1516462.37,2020-07-09,2024-12-31,False
E005118,4,Sales,Product Manager,2362557.88,2021-10-19,2024-12-31,False
E005119,4,Sales,Data Analyst,2096754.05,2011-06-07,2024-12-31,False
E005120,6,Operations,Sales Executive,721148.87,2023-08-17,2024-12-31,False
E005121,3,Human Resources,Software Engineer,394176.22,2015-02-10,2024-12-31,False
E005122,1,Engineering,Software Engineer,627816.83,2024-06-01,2024-12-31,False
E005123,5,Marketing,Project Manager,1646923.5,2024-06-01,2024-12-31,False
E005124,6,Operations,Senior Software Engineer,1410257.08,2021-11-02,2024-12-31,False
E005125,3,Human Resources,Operations Analyst,2019698.82,2024-06-01,2024-12-31,False
E005126,2,Finance,Marketing Specialist,690212.39,2024-06-01,2024-12-31,False
E005127,2,Finance,Sales Executive,1474404.63,2018-07-08,2024-12-31,False
E005128,1,Engineering,Sales Executive,1891737.98,2022-05-06,2024-12-31,False
E005129,4,Sales,Sales Executive,1486885.7,2019-03-01,2024-12-31,False
E005130,2,Finance,Senior Software Engineer,1637976.72,2021-03-29,2024-12-31,False
E005131,2,Finance,Financial Analyst,2277147.24,2023-12-06,2024-12-31,False
E005132,4,Sales,Operations Analyst,2034125.27,2021-10-29,2024-12-31,False
E005133,3,Human Resources,Sales Executive,1027498.6,2013-12-30,2024-12-31,False
E005134,1,Engineering,Business Analyst,819558.67,2023-02-18,2024-12-31,False
E005135,4,Sales,Data Analyst,1932507.17,2024-06-01,2024-12-31,False
E005136,4,Sales,Product Manager,525310.48,2021-05-23,2024-12-31,False
E005137,2,Finance,Product Manager,1177371.28,2021-08-13,2024-12-31,False
E005138,3,Human Resources,Senior Software Engineer,2015576.18,2021-11-09,2024-12-31,False
E005139,5,Marketing,Business Analyst,1085820.03,2015-07-04,2024-12-31,False
E005140,3,Human Resources,Senior Software Engineer,455914.08,2024-01-30,2024-12-31,False
E005141,1,Engineering,Operations Analyst,1914804.24,2014-12-16,2024-12-31,False
E005142,1,Engineering,Business Analyst,360833.72,2024-01-08,2024-12-31,False
E005143,4,Sales,Data Analyst,795297.91,2022-09-29,2024-12-31,False
E005144,2,Finance,HR Specialist,1379859.02,2024-05-29,2024-12-31,False
E005145,3,Human Resources,Financial Analyst,2289698.72,2023-01-30,2024-12-31,False
E005146,2,Finance,Senior Software Engineer,2198528.29,2019-12-28,2024-12-31,False
E005147,2,Finance,Marketing Specialist,1993239.45,2022-09-12,2024-12-31,False
E005148,2,Finance,Software Engineer,1788630.69,2023-08-27,2024-12-31,False
E005149,4,Sales,Data Scientist,1024403.67,2018-12-19,2024-12-31,False
E005150,4,Sales,HR Specialist,1782020.67,2024-03-13,2024-12-31,False
E005151,6,Operations,Project Manager,589997.52,2019-10-16,2024-12-31,False
E005152,4,Sales,Software Engineer,1381391.84,2024-03-05,2024-12-31,False
E005153,2,Finance,Senior Software Engineer,378079.5,2024-03-07,2024-12-31,False
E005154,6,Operations,Sales Executive,1303750.41,2020-05-10,2024-12-31,False
E005155,5,Marketing,Software Engineer,1983055.33,2024-06-01,2024-12-31,False
E005156,1,Engineering,Sales Executive,890524.89,2010-09-13,2024-12-31,False
E005157,5,Marketing,Marketing Specialist,1946691.77,2018-09-19,2024-12-31,False
E005158,2,Finance,Product Manager,1117012.88,2024-03-11,2024-12-31,False
E005159,6,Operations,HR Specialist,486618.69,2016-02-16,2024-12-31,False
E005160,2,Finance,Sales Executive,1372417.77,2009-03-17,2024-12-31,False
E005161,6,Operations,Business Analyst,1204715.37,2020-04-27,2024-12-31,False
E005162,5,Marketing,HR Specialist,2057043.32,2015-09-20,2024-12-31,False
E005163,2,Finance,Business Analyst,1792819.49,2009-11-23,2024-12-31,False
E005164,2,Finance,Product Manager,1701453.49,2017-08-01,2024-12-31,False
E005165,3,Human Resources,Data Scientist,2068865.24,2024-06-01,2024-12-31,False
E005166,4,Sales,Financial Analyst,1814283.13,2024-02-17,2024-12-31,False
E005167,6,Operations,Product Manager,2151812.13,2019-01-09,2024-12-31,False
E005168,3,Human Resources,Operations Analyst,1227765.54,2023-07-12,2024-12-31,False
E005169,2,Finance,Operations Analyst,859084.29,2017-08-24,2024-12-31,False
E005170,5,Marketing,Data Analyst,1328961.46,2007-03-02,2024-12-31,False
E005171,3,Human Resources,Financial Analyst,1262192.58,2024-06-01,2024-12-31,False
E005172,2,Finance,Marketing Specialist,2066202.02,2024-04-30,2024-12-31,False
E005173,1,Engineering,Product Manager,2114077.47,2023-11-01,2024-12-31,False
E005174,6,Operations,Financial Analyst,1339468.73,2021-09-27,2024-12-31,False
E005175,6,Operations,Product Manager,1589141.86,2021-04-26,2024-12-31,False
E005176,6,Operations,Marketing Specialist,353462.41,2009-05-05,2024-12-31,False
E005177,5,Marketing,Sales Executive,2370872.85,2022-04-15,2024-12-31,False
E005178,6,Operations,Data Scientist,1454809.9,2023-07-14,2024-12-31,False
E005179,2,Finance,Project Manager,296835.81,2007-12-13,2024-12-31,False
E005180,1,Engineering,Financial Analyst,1167226.16,2016-06-29,2024-12-31,False
E005181,6,Operations,Operations Analyst,1624426.77,2024-06-01,2024-12-31,False
E005182,6,Operations,Data Analyst,1039841.3,2020-12-30,2024-12-31,False
E005183,3,Human Resources,HR Specialist,986052.43,2023-12-22,2024-12-31,False
E005184,2,Finance,Financial Analyst,675389.73,2021-10-08,2024-12-31,False
E005185,3,Human Resources,Senior Software Engineer,843888.98,2017-03-12,2024-12-31,False
E005186,2,Finance,Operations Analyst,721046.32,2024-06-01,2024-12-31,False
E005187,1,Engineering,Financial Analyst,1945693.89,2021-07-16,2024-12-31,False
E005188,3,Human Resources,Product Manager,1415235.23,2023-08-18,2024-12-31,False
E005189,1,Engineering,Project Manager,890087.27,2017-04-21,2024-12-31,False
E005190,5,Marketing,Data Scientist,1162420.42,2023-05-23,2024-12-31,False
E005191,4,Sales,Data Scientist,2110703.96,2009-08-07,2024-12-31,False
E005192,4,Sales,Data Analyst,2084325.18,2024-06-01,2024-12-31,False
E005193,1,Engineering,Operations Analyst,1735489.13,2016-06-19,2024-12-31,False
E005194,2,Finance,Sales Executive,1391454.16,2024-06-01,2024-12-31,False
E005195,2,Finance,Software Engineer,524932.83,2020-02-29,2024-12-31,False
E005196,2,Finance,Senior Software Engineer,1735001.9,2022-03-26,2024-12-31,False
E005197,2,Finance,Data Analyst,1103531.0,2020-06-22,2024-12-31,False
E005198,1,Engineering,HR Specialist,684485.64,2020-06-19,2024-12-31,False
E005199,4,Sales,Software Engineer,915619.55,2024-03-22,2024-12-31,False
E005200,6,Operations,Data Scientist,1824108.81,2021-07-07,2024-12-31,False
E005201,5,Marketing,Marketing Specialist,1830631.8,2002-09-25,2024-12-31,False
E005202,2,Finance,Sales Executive,2048439.16,2023-08-17,2024-12-31,False
E005203,1,Engineering,Business Analyst,1998819.76,2019-10-10,2024-12-31,False
E005204,6,Operations,Project Manager,2299976.36,2022-06-15,2024-12-31,False
E005205,2,Finance,Operations Analyst,1241486.87,2023-02-06,2024-12-31,False
E005206,4,Sales,Marketing Specialist,406928.56,2023-08-23,2024-12-31,False
E005207,5,Marketing,Software Engineer,737796.55,2024-06-01,2024-12-31,False
E005208,3,Human Resources,Senior Software Engineer,1288059.53,2010-11-25,2024-12-31,False
E005209,1,Engineering,Financial Analyst,366396.62,2022-10-21,2024-12-31,False
E005210,5,Marketing,Project Manager,2102689.59,2021-04-19,2024-12-31,False
E005211,2,Finance,HR Specialist,1177884.11,2024-06-01,2024-12-31,False
E005212,5,Marketing,Marketing Specialist,1830145.12,2020-12-19,2024-12-31,False
E005213,1,Engineering,Software Engineer,1818380.28,2016-04-27,2024-12-31,False
E005214,1,Engineering,Financial Analyst,504790.2,2022-03-04,2024-12-31,False
E005215,2,Finance,Marketing Specialist,1777520.67,2023-01-03,2024-12-31,False
E005216,4,Sales,Operations Analyst,618379.89,2017-08-29,2024-12-31,False
E005217,2,Finance,Software Engineer,399778.28,2019-11-10,2024-12-31,False
E005218,1,Engineering,Data Scientist,657898.86,2022-05-14,2024-12-31,False
E005219,2,Finance,Financial Analyst,320764.5,2024-01-30,2024-12-31,False
E005220,2,Finance,Data Analyst,2050547.18,2024-06-01,2024-12-31,False
E005221,4,Sales,HR Specialist,925316.9,2019-04-25,2024-12-31,False
E005222,1,Engineering,Project Manager,507158.88,2019-12-14,2024-12-31,False
E005223,3,Human Resources,Marketing Specialist,503238.72,2022-09-22,2024-12-31,False
E005224,5,Marketing,Data Analyst,413406.98,2020-10-17,2024-12-31,False
E005225,3,Human Resources,Data Analyst,354408.55,2012-11-17,2024-12-31,False
E005226,4,Sales,HR Specialist,1462375.71,2014-01-08,2024-12-31,False
E005227,3,Human Resources,Software Engineer,1555315.47,2019-11-21,2024-12-31,False
E005228,6,Operations,Financial Analyst,738041.2,2023-12-19,2024-12-31,False
E005229,2,Finance,Financial Analyst,1324596.56,2024-06-01,2024-12-31,False
E005230,6,Operations,Business Analyst,1423384.8,2022-06-18,2024-12-31,False
E005231,5,Marketing,Senior Software Engineer,1374458.32,2022-09-18,2024-12-31,False
E005232,3,Human Resources,Sales Executive,1779186.7,2018-03-04,2024-12-31,False
E005233,5,Marketing,Data Analyst,1226876.27,2019-08-05,2024-12-31,False
E005234,1,Engineering,Data Scientist,1793808.63,2016-09-07,2024-12-31,False
E005235,3,Human Resources,Business Analyst,1016377.46,2019-09-25,2024-12-31,False
E005236,5,Marketing,Senior Software Engineer,605031.7,2017-12-13,2024-12-31,False
E005237,5,Marketing,Sales Executive,1713923.12,2023-10-29,2024-12-31,False
E005238,3,Human Resources,Sales Executive,298671.48,2014-04-11,2024-12-31,False
E005239,3,Human Resources,Senior Software Engineer,1587500.81,2023-11-23,2024-12-31,False
E005240,6,Operations,Business Analyst,1506901.44,2005-11-12,2024-12-31,False
E005241,5,Marketing,Operations Analyst,431543.93,2007-04-03,2024-12-31,False
E005242,5,Marketing,Operations Analyst,1761552.28,2021-05-29,2024-12-31,False
E005243,1,Engineering,Business Analyst,2004114.23,2023-06-03,2024-12-31,False
E005244,5,Marketing,Marketing Specialist,1329459.6,2018-02-24,2024-12-31,False
E005245,3,Human Resources,Marketing Specialist,854396.25,2017-01-03,2024-12-31,False
E005246,3,Human Resources,Data Analyst,1274074.68,2005-06-07,2024-12-31,False
E005247,2,Finance,Financial Analyst,1486425.91,2022-11-22,2024-12-31,False
E005248,1,Engineering,Marketing Specialist,2055333.62,2017-06-04,2024-12-31,False
E005249,2,Finance,Sales Executive,1045723.97,2024-06-01,2024-12-31,False
E005250,1,Engineering,Business Analyst,608305.27,2024-05-10,2024-12-31,False
E005251,1,Engineering,Data Scientist,1149820.16,2020-07-27,2024-12-31,False
E005252,2,Finance,Senior Software Engineer,1595933.09,2020-05-10,2024-12-31,False
E005253,1,Engineering,HR Specialist,1857320.05,2007-10-03,2024-12-31,False
E005254,6,Operations,Data Scientist,736615.78,2019-09-26,2024-12-31,False
E005255,2,Finance,HR Specialist,1087309.59,2020-02-08,2024-12-31,False
E005256,6,Operations,Software Engineer,729187.85,2012-08-19,2024-12-31,False
E005257,4,Sales,Sales Executive,988663.01,2024-03-14,2024-12-31,False
E005258,2,Finance,Marketing Specialist,700539.98,2011-01-03,2024-12-31,False
E005259,4,Sales,Product Manager,1309597.35,2024-06-01,2024-12-31,False
E005260,2,Finance,Marketing Specialist,2088452.88,2019-08-18,2024-12-31,False
E005261,3,Human Resources,Senior Software Engineer,2103927.57,2002-12-13,2024-12-31,False
E005262,6,Operations,Business Analyst,315983.8,2015-11-27,2024-12-31,False
E005263,2,Finance,Business Analyst,1910632.74,2022-08-30,2024-12-31,False
E005264,3,Human Resources,Software Engineer,1759309.47,2020-12-30,2024-12-31,False
E005265,5,Marketing,Business Analyst,1876289.62,2019-07-19,2024-12-31,False
E005266,1,Engineering,HR Specialist,1363222.39,2021-04-22,2024-12-31,False
E005267,4,Sales,Product Manager,491975.5,2018-04-04,2024-12-31,False
E005268,3,Human Resources,Sales Executive,1457602.42,2022-09-23,2024-12-31,False
E005269,3,Human Resources,Sales Executive,1658938.45,2022-07-17,2024-12-31,False
E005270,2,Finance,Sales Executive,1066855.55,2022-03-14,2024-12-31,False
E005271,6,Operations,Data Scientist,766859.53,2012-01-30,2024-12-31,False
E005272,4,Sales,Data Analyst,1644556.39,2023-09-23,2024-12-31,False
E005273,4,Sales,Sales Executive,2014486.01,2023-12-09,2024-12-31,False
E005274,5,Marketing,Data Scientist,611307.59,2023-06-06,2024-12-31,False
E005275,4,Sales,Financial Analyst,1363903.31,2004-09-15,2024-12-31,False
E005276,1,Engineering,Sales Executive,638231.17,2012-06-23,2024-12-31,False
E005277,1,Engineering,Senior Software Engineer,677600.72,2020-05-20,2024-12-31,False
E005278,4,Sales,Product Manager,1052623.25,2021-11-30,2024-12-31,False
E005279,2,Finance,Data Scientist,1097617.51,2022-04-27,2024-12-31,False
E005280,6,Operations,Data Scientist,280216.01,2019-08-24,2024-12-31,False
E005281,5,Marketing,Data Analyst,645300.91,2007-05-10,2024-12-31,False
E005282,3,Human Resources,Marketing Specialist,1462136.48,2024-06-01,2024-12-31,False
E005283,4,Sales,Marketing Specialist,1175830.2,2024-05-02,2024-12-31,False
E005284,4,Sales,Financial Analyst,1131076.75,2011-09-07,2024-12-31,False
E005285,3,Human Resources,Business Analyst,566383.34,2018-12-10,2024-12-31,False
E005286,2,Finance,Sales Executive,1578003.68,2013-09-05,2024-12-31,False
E005287,1,Engineering,Product Manager,583692.43,2024-03-25,2024-12-31,False
E005288,2,Finance,Sales Executive,1878416.26,2012-04-01,2024-12-31,False
E005289,4,Sales,Business Analyst,662886.84,2017-10-24,2024-12-31,False
E005290,6,Operations,Data Scientist,1849517.12,2023-09-24,2024-12-31,False
E005291,1,Engineering,Business Analyst,716988.95,2024-01-11,2024-12-31,False
E005292,1,Engineering,Sales Executive,2175608.11,2009-06-11,2024-12-31,False
E005293,4,Sales,Marketing Specialist,882684.34,2022-03-06,2024-12-31,False
E005294,2,Finance,Software Engineer,1705938.06,2018-12-13,2024-12-31,False
E005295,1,Engineering,HR Specialist,1080060.78,2011-12-22,2024-12-31,False
E005296,6,Operations,Data Scientist,1441383.22,2018-09-24,2024-12-31,False
E005297,3,Human Resources,Product Manager,2002988.21,2024-06-01,2024-12-31,False
E005298,2,Finance,Business Analyst,1592003.67,2013-09-21,2024-12-31,False
E005299,1,Engineering,Financial Analyst,714443.44,2024-06-01,2024-12-31,False
E005300,6,Operations,Business Analyst,879400.81,2021-01-31,2024-12-31,False
E005301,4,Sales,Marketing Specialist,1537169.53,2011-08-01,2024-12-31,False
E005302,3,Human Resources,Business Analyst,567127.1,2019-09-12,2024-12-31,False
E005303,2,Finance,Product Manager,373717.56,2023-02-22,2024-12-31,False
E005304,6,Operations,Data Analyst,1100040.8,2017-11-16,2024-12-31,False
E005305,5,Marketing,Data Analyst,2144603.62,2016-10-02,2024-12-31,False
E005306,4,Sales,Financial Analyst,1377609.63,2013-12-17,2024-12-31,False
E005307,5,Marketing,Software Engineer,365326.48,2024-06-01,2024-12-31,False
E005308,5,Marketing,Sales Executive,2268867.87,2022-09-25,2024-12-31,False
E005309,5,Marketing,Senior Software Engineer,1668110.32,2008-03-28,2024-12-31,False
E005310,5,Marketing,Operations Analyst,2175401.66,2016-12-10,2024-12-31,False
E005311,6,Operations,Data Analyst,1266124.04,2024-02-14,2024-12-31,False
E005312,2,Finance,Financial Analyst,1299015.32,2020-01-15,2024-12-31,False
E005313,3,Human Resources,Data Scientist,521125.24,2017-05-18,2024-12-31,False
E005314,2,Finance,Financial Analyst,1424821.29,2020-08-12,2024-12-31,False
E005315,2,Finance,Financial Analyst,338703.39,2021-11-15,2024-12-31,False
E005316,6,Operations,HR Specialist,526644.94,2021-09-05,2024-12-31,False
E005317,1,Engineering,Software Engineer,1892510.69,2009-12-09,2024-12-31,False
E005318,1,Engineering,Marketing Specialist,817063.31,2008-07-17,2024-12-31,False
E005319,5,Marketing,Business Analyst,2334401.99,2023-11-14,2024-12-31,False
E005320,4,Sales,Marketing Specialist,1695265.75,2017-03-13,2024-12-31,False
E005321,2,Finance,Data Analyst,1056294.3,2019-06-03,2024-12-31,False
E005322,5,Marketing,Software Engineer,1515325.99,2018-08-17,2024-12-31,False
E005323,3,Human Resources,Business Analyst,2128862.45,2024-04-07,2024-12-31,False
E005324,5,Marketing,Software Engineer,791736.1,2004-02-01,2024-12-31,False
E005325,1,Engineering,Product Manager,1258743.91,2023-11-21,2024-12-31,False
E005326,4,Sales,Business Analyst,2193653.84,2024-01-21,2024-12-31,False
E005327,3,Human Resources,Data Analyst,961780.51,2024-06-01,2024-12-31,False
E005328,5,Marketing,Product Manager,643895.34,2023-10-07,2024-12-31,False
E005329,1,Engineering,Product Manager,340730.54,2024-06-01,2024-12-31,False
E005330,6,Operations,Marketing Specialist,1240116.7,2024-06-01,2024-12-31,False
E005331,2,Finance,Product Manager,2166434.51,2024-06-01,2024-12-31,False
E005332,3,Human Resources,Business Analyst,1047803.25,2024-02-18,2024-12-31,False
E005333,3,Human Resources,Data Analyst,862051.06,2020-03-24,2024-12-31,False
E005334,2,Finance,Software Engineer,1287269.57,2008-12-26,2024-12-31,False
E005335,1,Engineering,Data Scientist,654966.75,2013-03-19,2024-12-31,False
E005336,1,Engineering,Business Analyst,1972143.43,2022-09-06,2024-12-31,False
E005337,4,Sales,Financial Analyst,578696.29,2019-06-15,2024-12-31,False
E005338,5,Marketing,HR Specialist,468624.73,2024-06-01,2024-12-31,False
E005339,1,Engineering,Marketing Specialist,1265588.25,2021-03-17,2024-12-31,False
E005340,1,Engineering,Software Engineer,2090311.19,2016-12-04,2024-12-31,False
E005341,2,Finance,Business Analyst,1855673.62,2012-12-13,2024-12-31,False
E005342,1,Engineering,Data Analyst,1419935.5,2023-07-24,2024-12-31,False
E005343,4,Sales,HR Specialist,702627.15,2018-10-02,2024-12-31,False
E005344,5,Marketing,Operations Analyst,1449506.8,2022-09-15,2024-12-31,False
E005345,4,Sales,Data Scientist,1377488.54,2021-02-26,2024-12-31,False
E005346,3,Human Resources,HR Specialist,1763731.04,2006-11-02,2024-12-31,False
E005347,4,Sales,Data Scientist,1392239.02,2024-06-01,2024-12-31,False
E005348,2,Finance,Product Manager,1799736.7,2024-05-16,2024-12-31,False
E005349,5,Marketing,Financial Analyst,854748.77,2003-05-30,2024-12-31,False
E005350,5,Marketing,Financial Analyst,856510.76,2019-04-28,2024-12-31,False
E005351,3,Human Resources,Senior Software Engineer,350449.49,2016-10-12,2024-12-31,False
E005352,3,Human Resources,Project Manager,1946310.39,2022-06-24,2024-12-31,False
E005353,4,Sales,Software Engineer,837866.14,2022-03-12,2024-12-31,False
E005354,2,Finance,Marketing Specialist,1052742.11,2023-01-28,2024-12-31,False
E005355,6,Operations,Operations Analyst,889280.8,2024-06-01,2024-12-31,False
E005356,1,Engineering,Financial Analyst,1748531.94,2024-06-01,2024-12-31,False
E005357,6,Operations,Sales Executive,1471622.73,2023-07-01,2024-12-31,False
E005358,3,Human Resources,Marketing Specialist,1109612.17,2024-06-01,2024-12-31,False
E005359,5,Marketing,HR Specialist,1993181.09,2016-05-30,2024-12-31,False
E005360,4,Sales,Marketing Specialist,1817772.29,2023-06-16,2024-12-31,False
E005361,3,Human Resources,Senior Software Engineer,1529364.31,2024-03-13,2024-12-31,False
E005362,5,Marketing,Business Analyst,1294174.92,2023-12-13,2024-12-31,False
E005363,1,Engineering,Project Manager,1204446.66,2021-10-04,2024-12-31,False
E005364,3,Human Resources,Financial Analyst,1971146.01,2015-11-06,2024-12-31,False
E005365,5,Marketing,Business Analyst,1494871.03,2023-02-10,2024-12-31,False
E005366,1,Engineering,Software Engineer,1159207.8,2019-01-01,2024-12-31,False
E005367,2,Finance,HR Specialist,1975663.69,2024-06-01,2024-12-31,False
E005368,2,Finance,Marketing Specialist,2041689.0,2004-01-09,2024-12-31,False
E005369,3,Human Resources,Sales Executive,961610.15,2023-01-14,2024-12-31,False
E005370,5,Marketing,Operations Analyst,936092.15,2020-06-11,2024-12-31,False
E005371,3,Human Resources,HR Specialist,1338006.66,2024-06-01,2024-12-31,False
E005372,5,Marketing,Financial Analyst,1916054.37,2020-08-21,2024-12-31,False
E005373,3,Human Resources,Business Analyst,1275961.0,2012-08-03,2024-12-31,False
E005374,2,Finance,Operations Analyst,1833357.72,2022-10-03,2024-12-31,False
E005375,6,Operations,Operations Analyst,1955234.39,2023-09-16,2024-12-31,False
E005376,1,Engineering,Marketing Specialist,1612903.79,2010-01-30,2024-12-31,False
E005377,3,Human Resources,Senior Software Engineer,1640143.05,2020-01-22,2024-12-31,False
E005378,2,Finance,Data Analyst,510678.05,2022-01-13,2024-12-31,False
E005379,1,Engineering,HR Specialist,966773.39,2018-07-01,2024-12-31,False
E005380,1,Engineering,Data Analyst,793202.59,2023-06-12,2024-12-31,False
E005381,4,Sales,Senior Software Engineer,2297523.65,2010-07-18,2024-12-31,False
E005382,3,Human Resources,Marketing Specialist,493801.17,2019-01-02,2024-12-31,False
E005383,2,Finance,Product Manager,536164.55,2013-12-03,2024-12-31,False
E005384,5,Marketing,Data Scientist,2061742.87,2021-01-17,2024-12-31,False
E005385,3,Human Resources,Business Analyst,710969.93,2023-01-05,2024-12-31,False
E005386,5,Marketing,Marketing Specialist,924983.52,2024-06-01,2024-12-31,False
E005387,5,Marketing,Business Analyst,1299767.2,2023-12-10,2024-12-31,False
E005388,1,Engineering,Business Analyst,1626592.33,2014-01-16,2024-12-31,False
E005389,4,Sales,HR Specialist,1117021.27,2021-12-30,2024-12-31,False
E005390,1,Engineering,Sales Executive,1444253.61,2010-12-26,2024-12-31,False
E005391,6,Operations,Sales Executive,2300805.43,2008-05-30,2024-12-31,False
E005392,4,Sales,Data Analyst,2109567.07,2010-09-13,2024-12-31,False
E005393,1,Engineering,Marketing Specialist,2134159.84,2019-12-29,2024-12-31,False
E005394,5,Marketing,HR Specialist,929101.41,2019-10-04,2024-12-31,False
E005395,1,Engineering,Operations Analyst,1055058.58,2019-04-13,2024-12-31,False
E005396,3,Human Resources,Project Manager,2107934.7,2021-02-03,2024-12-31,False
E005397,3,Human Resources,Data Scientist,1376641.49,2022-01-17,2024-12-31,False
E005398,2,Finance,Project Manager,1260284.12,2024-02-13,2024-12-31,False
E005399,4,Sales,Financial Analyst,1897554.01,2023-09-23,2024-12-31,False
E005400,4,Sales,Software Engineer,397680.65,2013-05-28,2024-12-31,False
E005401,1,Engineering,Product Manager,385796.9,2008-02-11,2024-12-31,False
E005402,6,Operations,Operations Analyst,388794.44,2021-10-29,2024-12-31,False
E005403,4,Sales,Software Engineer,997762.12,2023-09-27,2024-12-31,False
E005404,1,Engineering,Software Engineer,668106.53,2024-06-01,2024-12-31,False
E005405,2,Finance,Data Analyst,1089147.11,2015-12-12,2024-12-31,False
E005406,4,Sales,HR Specialist,1785613.15,2022-03-12,2024-12-31,False
E005407,3,Human Resources,Operations Analyst,1364854.4,2003-08-22,2024-12-31,False
E005408,5,Marketing,Operations Analyst,2100966.09,2023-11-14,2024-12-31,False
E005409,5,Marketing,Operations Analyst,423897.59,2024-04-05,2024-12-31,False
E005410,1,Engineering,Senior Software Engineer,1244116.44,2023-12-30,2024-12-31,False
E005411,4,Sales,Business Analyst,1256683.97,2024-03-16,2024-12-31,False
E005412,6,Operations,Business Analyst,1146804.47,2002-11-15,2024-12-31,False
E005413,6,Operations,Product Manager,2191110.21,2022-09-29,2024-12-31,False
E005414,2,Finance,HR Specialist,1239903.34,2019-12-04,2024-12-31,False
E005415,4,Sales,Operations Analyst,2102391.5,2020-10-21,2024-12-31,False
E005416,4,Sales,Software Engineer,1688919.73,2024-05-30,2024-12-31,False
E005417,4,Sales,Software Engineer,1091099.16,2024-03-01,2024-12-31,False
E005418,3,Human Resources,Software Engineer,978924.71,2010-02-23,2024-12-31,False
E005419,3,Human Resources,Operations Analyst,1626371.02,2019-10-17,2024-12-31,False
E005420,3,Human Resources,Marketing Specialist,496069.37,2023-03-26,2024-12-31,False
E005421,3,Human Resources,Data Analyst,1215676.13,2020-07-03,2024-12-31,False
E005422,5,Marketing,Senior Software Engineer,1563844.12,2011-01-01,2024-12-31,False
E005423,3,Human Resources,Operations Analyst,2152434.22,2022-10-26,2024-12-31,False
E005424,1,Engineering,Data Scientist,1473268.82,2024-05-01,2024-12-31,False
E005425,6,Operations,Project Manager,619856.22,2022-05-27,2024-12-31,False
E005426,3,Human Resources,Data Analyst,1044923.91,2017-09-23,2024-12-31,False
E005427,3,Human Resources,Product Manager,1282464.23,2024-06-01,2024-12-31,False
E005428,1,Engineering,Business Analyst,608877.78,2022-03-27,2024-12-31,False
E005429,5,Marketing,Project Manager,1524389.64,2023-12-26,2024-12-31,False
E005430,3,Human Resources,Software Engineer,1940034.55,2022-09-27,2024-12-31,False
E005431,5,Marketing,Project Manager,1161933.34,2018-03-27,2024-12-31,False
E005432,2,Finance,Financial Analyst,325420.95,2015-01-04,2024-12-31,False
E005433,6,Operations,Financial Analyst,1784812.99,2017-07-11,2024-12-31,False
E005434,3,Human Resources,Sales Executive,324211.16,2015-02-21,2024-12-31,False
E005435,3,Human Resources,Data Analyst,1680595.6,2023-10-19,2024-12-31,False
E005436,5,Marketing,Project Manager,295213.79,2019-01-07,2024-12-31,False
E005437,6,Operations,Financial Analyst,942272.28,2022-10-24,2024-12-31,False
E005438,4,Sales,Software Engineer,982087.81,2023-02-10,2024-12-31,False
E005439,3,Human Resources,Financial Analyst,1190539.99,2010-03-18,2024-12-31,False
E005440,2,Finance,Project Manager,1314013.89,2017-11-15,2024-12-31,False
E005441,3,Human Resources,Product Manager,1948685.74,2024-03-24,2024-12-31,False
E005442,2,Finance,Marketing Specialist,1088068.21,2015-06-23,2024-12-31,False
E005443,2,Finance,Software Engineer,898618.66,2021-07-05,2024-12-31,False
E005444,2,Finance,Sales Executive,2093762.26,2015-02-18,2024-12-31,False
E005445,2,Finance,Project Manager,1308414.85,2014-11-11,2024-12-31,False
E005446,6,Operations,Business Analyst,247927.04,2013-07-26,2024-12-31,False
E005447,2,Finance,Software Engineer,1991129.22,2022-02-16,2024-12-31,False
E005448,4,Sales,Data Analyst,2254611.88,2021-06-24,2024-12-31,False
E005449,5,Marketing,HR Specialist,2226908.08,2021-02-12,2024-12-31,False
E005450,4,Sales,HR Specialist,911363.09,2020-04-30,2024-12-31,False
E005451,3,Human Resources,HR Specialist,1168130.22,2013-11-23,2024-12-31,False
E005452,2,Finance,Financial Analyst,707884.98,2010-06-27,2024-12-31,False
E005453,2,Finance,Marketing Specialist,328043.58,2024-05-08,2024-12-31,False
E005454,4,Sales,Sales Executive,2052213.66,2020-06-04,2024-12-31,False
E005455,5,Marketing,Financial Analyst,2107453.33,2024-06-01,2024-12-31,False
E005456,6,Operations,Senior Software Engineer,847141.15,2024-06-01,2024-12-31,False
E005457,5,Marketing,Marketing Specialist,800339.31,2023-10-17,2024-12-31,False
E005458,5,Marketing,Sales Executive,711623.67,2024-06-01,2024-12-31,False
E005459,6,Operations,Sales Executive,440562.89,2023-08-05,2024-12-31,False
E005460,1,Engineering,HR Specialist,1902194.99,2009-08-17,2024-12-31,False
E005461,5,Marketing,Data Analyst,2071581.26,2023-09-06,2024-12-31,False
E005462,2,Finance,Sales Executive,1187301.08,2020-04-30,2024-12-31,False
E005463,5,Marketing,HR Specialist,290458.97,2022-12-16,2024-12-31,False
E005464,1,Engineering,Product Manager,1501367.87,2022-06-03,2024-12-31,False
E005465,4,Sales,Business Analyst,1805276.8,2023-04-10,2024-12-31,False
E005466,2,Finance,Business Analyst,903294.72,2004-03-02,2024-12-31,False
E005467,4,Sales,Operations Analyst,1965223.92,2023-01-25,2024-12-31,False
E005468,2,Finance,Marketing Specialist,316808.94,2023-07-20,2024-12-31,False
E005469,5,Marketing,Business Analyst,1891321.31,2023-09-21,2024-12-31,False
E005470,2,Finance,Financial Analyst,1368814.43,2024-06-01,2024-12-31,False
E005471,5,Marketing,HR Specialist,1473186.73,2024-06-01,2024-12-31,False
E005472,1,Engineering,Data Analyst,1757752.36,2008-11-07,2024-12-31,False
E005473,2,Finance,Operations Analyst,766975.27,2024-03-10,2024-12-31,False
E005474,5,Marketing,HR Specialist,1819000.29,2019-12-08,2024-12-31,False
E005475,2,Finance,Data Analyst,1789881.07,2024-06-01,2024-12-31,False
E005476,6,Operations,HR Specialist,1541307.41,2019-04-08,2024-12-31,False
E005477,2,Finance,Data Analyst,866043.27,2018-12-26,2024-12-31,False
E005478,3,Human Resources,Senior Software Engineer,773501.61,2015-02-06,2024-12-31,False
E005479,1,Engineering,Operations Analyst,2234767.74,2011-12-13,2024-12-31,False
E005480,4,Sales,Data Scientist,743644.43,2012-10-24,2024-12-31,False
E005481,2,Finance,Data Scientist,861206.37,2022-01-20,2024-12-31,False
E005482,1,Engineering,Data Analyst,1275167.36,2024-05-21,2024-12-31,False
E005483,2,Finance,Sales Executive,332524.78,2022-11-21,2024-12-31,False
E005484,3,Human Resources,Data Analyst,343145.67,2020-09-12,2024-12-31,False
E005485,4,Sales,Project Manager,1794081.44,2023-07-21,2024-12-31,False
E005486,4,Sales,Software Engineer,2224657.57,2024-06-01,2024-12-31,False
E005487,4,Sales,Sales Executive,1252626.72,2017-05-22,2024-12-31,False
E005488,1,Engineering,Business Analyst,623154.41,2019-09-07,2024-12-31,False
E005489,1,Engineering,Data Scientist,1877347.9,2021-08-09,2024-12-31,False
E005490,3,Human Resources,HR Specialist,1143450.12,2006-02-16,2024-12-31,False
E005491,6,Operations,Business Analyst,2088188.63,2023-06-26,2024-12-31,False
E005492,6,Operations,Project Manager,1490954.21,2024-06-01,2024-12-31,False
E005493,4,Sales,Project Manager,1994359.57,2023-11-30,2024-12-31,False
E005494,5,Marketing,Sales Executive,839503.82,2016-10-21,2024-12-31,False
E005495,4,Sales,HR Specialist,1826841.09,2019-06-09,2024-12-31,False
E005496,3,Human Resources,Project Manager,1362867.63,2022-09-23,2024-12-31,False
E005497,5,Marketing,Software Engineer,1374726.96,2023-08-04,2024-12-31,False
E005498,5,Marketing,Marketing Specialist,1241872.6,2017-06-02,2024-12-31,False
E005499,1,Engineering,Data Scientist,462717.97,2021-04-01,2024-12-31,False
E005500,2,Finance,Product Manager,481286.19,2009-03-12,2024-12-31,False
E005501,3,Human Resources,Marketing Specialist,2062685.51,2022-10-15,2024-12-31,False
E005502,1,Engineering,Project Manager,2110436.88,2021-05-26,2024-12-31,False
E005503,4,Sales,Data Scientist,1688954.47,2018-02-05,2024-12-31,False
E005504,3,Human Resources,Project Manager,777492.69,2024-03-17,2024-12-31,False
E005505,6,Operations,Operations Analyst,1593213.97,2017-08-02,2024-12-31,False
E005506,1,Engineering,Project Manager,1352717.01,2020-11-15,2024-12-31,False
E005507,6,Operations,Data Scientist,2224364.35,2022-11-14,2024-12-31,False
E005508,5,Marketing,Data Analyst,1419490.25,2022-01-16,2024-12-31,False
E005509,6,Operations,Financial Analyst,627615.53,2023-09-10,2024-12-31,False
E005510,5,Marketing,Software Engineer,1370702.05,2013-01-26,2024-12-31,False
E005511,2,Finance,Marketing Specialist,1534548.59,2011-01-02,2024-12-31,False
E005512,3,Human Resources,Data Analyst,1841190.69,2020-03-01,2024-12-31,False
E005513,5,Marketing,Data Analyst,851866.34,2024-03-31,2024-12-31,False
E005514,4,Sales,Software Engineer,1177624.73,2024-02-19,2024-12-31,False
E005515,6,Operations,Marketing Specialist,2344131.57,2023-12-05,2024-12-31,False
E005516,4,Sales,Financial Analyst,2041207.77,2024-06-01,2024-12-31,False
E005517,6,Operations,Project Manager,2108522.25,2023-02-12,2024-12-31,False
E005518,5,Marketing,HR Specialist,1984932.3,2024-06-01,2024-12-31,False
E005519,5,Marketing,Software Engineer,339509.26,2020-03-26,2024-12-31,False
E005520,1,Engineering,Product Manager,1906842.27,2024-06-01,2024-12-31,False
E005521,6,Operations,Software Engineer,1256204.46,2017-06-05,2024-12-31,False
E005522,2,Finance,Business Analyst,1025997.69,2007-12-07,2024-12-31,False
E005523,5,Marketing,Data Analyst,485033.4,2008-11-14,2024-12-31,False
E005524,3,Human Resources,Business Analyst,1631852.25,2019-01-26,2024-12-31,False
E005525,5,Marketing,Data Analyst,1381222.53,2019-05-24,2024-12-31,False
E005526,2,Finance,Business Analyst,1979479.21,2021-04-18,2024-12-31,False
E005527,6,Operations,HR Specialist,1326557.68,2023-06-12,2024-12-31,False
E005528,2,Finance,Sales Executive,1023103.43,2024-06-01,2024-12-31,False
E005529,1,Engineering,Data Scientist,939711.12,2024-06-01,2024-12-31,False
E005530,1,Engineering,Data Analyst,1652384.87,2023-05-30,2024-12-31,False
E005531,1,Engineering,Sales Executive,1969263.87,2012-09-30,2024-12-31,False
E005532,2,Finance,Marketing Specialist,967484.07,2023-12-22,2024-12-31,False
E005533,5,Marketing,HR Specialist,1115219.04,2024-06-01,2024-12-31,False
E005534,1,Engineering,Financial Analyst,1436371.33,2024-06-01,2024-12-31,False
E005535,1,Engineering,Business Analyst,808207.38,2020-02-25,2024-12-31,False
E005536,3,Human Resources,Marketing Specialist,1064000.48,2018-08-20,2024-12-31,False
E005537,5,Marketing,Sales Executive,864180.33,2022-09-17,2024-12-31,False
E005538,2,Finance,Software Engineer,1115635.02,2023-04-27,2024-12-31,False
E005539,6,Operations,Operations Analyst,529239.37,2009-04-24,2024-12-31,False
E005540,3,Human Resources,Senior Software Engineer,1546598.18,2023-01-24,2024-12-31,False
E005541,5,Marketing,Senior Software Engineer,1884419.43,2008-03-03,2024-12-31,False
E005542,2,Finance,Data Analyst,850277.19,2023-09-13,2024-12-31,False
E005543,3,Human Resources,HR Specialist,1049285.95,2024-02-15,2024-12-31,False
E005544,3,Human Resources,Business Analyst,1167862.24,2024-06-01,2024-12-31,False
E005545,5,Marketing,Project Manager,800086.94,2024-01-15,2024-12-31,False
E005546,1,Engineering,Product Manager,2211254.7,2023-07-15,2024-12-31,False
E005547,3,Human Resources,Financial Analyst,268826.72,2015-05-04,2024-12-31,False
E005548,1,Engineering,HR Specialist,585333.7,2022-07-09,2024-12-31,False
E005549,3,Human Resources,HR Specialist,476902.48,2005-01-15,2024-12-31,False
E005550,3,Human Resources,Data Scientist,682072.89,2014-03-28,2024-12-31,False
E005551,5,Marketing,Financial Analyst,1426615.07,2012-12-01,2024-12-31,False
E005552,5,Marketing,Software Engineer,1609164.36,2022-06-12,2024-12-31,False
E005553,5,Marketing,Financial Analyst,1124976.54,2023-06-14,2024-12-31,False
E005554,3,Human Resources,Business Analyst,1459377.66,2000-10-01,2024-12-31,False
E005555,6,Operations,Project Manager,1098161.87,2018-10-27,2024-12-31,False
E005556,2,Finance,Software Engineer,2036419.97,2024-06-01,2024-12-31,False
E005557,1,Engineering,Product Manager,1528002.81,2023-04-04,2024-12-31,False
E005558,2,Finance,Data Scientist,680768.39,2022-04-08,2024-12-31,False
E005559,1,Engineering,Marketing Specialist,2062040.12,2015-01-28,2024-12-31,False
E005560,3,Human Resources,Software Engineer,358889.85,2015-09-29,2024-12-31,False
E005561,5,Marketing,Financial Analyst,936254.24,2023-02-14,2024-12-31,False
E005562,2,Finance,Data Scientist,2197734.23,2024-06-01,2024-12-31,False
E005563,3,Human Resources,Data Analyst,2120891.9,2019-11-03,2024-12-31,False
E005564,4,Sales,Data Analyst,458979.08,2021-10-28,2024-12-31,False
E005565,1,Engineering,Marketing Specialist,1398893.43,2022-10-02,2024-12-31,False
E005566,2,Finance,HR Specialist,1278599.19,2024-06-01,2024-12-31,False
E005567,3,Human Resources,Project Manager,2177105.22,2022-06-08,2024-12-31,False
E005568,2,Finance,Project Manager,862557.82,2018-08-08,2024-12-31,False
E005569,3,Human Resources,Business Analyst,1466834.05,2020-05-02,2024-12-31,False
E005570,2,Finance,Product Manager,1033633.67,2024-06-01,2024-12-31,False
E005571,5,Marketing,Marketing Specialist,565766.65,2020-06-28,2024-12-31,False
E005572,2,Finance,Product Manager,295916.7,2022-05-25,2024-12-31,False
E005573,5,Marketing,Data Analyst,1295804.37,2009-04-22,2024-12-31,False
E005574,4,Sales,Financial Analyst,1929538.14,2024-06-01,2024-12-31,False
E005575,5,Marketing,Financial Analyst,646106.81,2024-06-01,2024-12-31,False
E005576,1,Engineering,Marketing Specialist,1344901.89,2016-05-10,2024-12-31,False
E005577,3,Human Resources,Data Scientist,1145051.75,2006-08-14,2024-12-31,False
E005578,5,Marketing,Operations Analyst,1493632.18,2022-07-05,2024-12-31,False
E005579,5,Marketing,Product Manager,1287106.19,2015-09-22,2024-12-31,False
E005580,6,Operations,Business Analyst,1458580.14,2023-02-15,2024-12-31,False
E005581,5,Marketing,Sales Executive,2177244.53,2021-05-25,2024-12-31,False
E005582,1,Engineering,Financial Analyst,1489443.87,2018-08-24,2024-12-31,False
E005583,4,Sales,Operations Analyst,931210.36,2005-03-08,2024-12-31,False
E005584,1,Engineering,Sales Executive,1963950.49,2020-04-28,2024-12-31,False
E005585,1,Engineering,Business Analyst,2001375.27,2022-02-04,2024-12-31,False
E005586,4,Sales,Operations Analyst,490690.04,2020-05-24,2024-12-31,False
E005587,1,Engineering,Senior Software Engineer,1156800.71,2018-07-06,2024-12-31,False
E005588,2,Finance,Operations Analyst,1726701.19,2010-03-18,2024-12-31,False
E005589,4,Sales,Software Engineer,2097348.62,2021-01-27,2024-12-31,False
E005590,2,Finance,Financial Analyst,630860.31,2018-11-07,2024-12-31,False
E005591,6,Operations,Business Analyst,2034026.09,2022-08-28,2024-12-31,False
E005592,1,Engineering,Marketing Specialist,2283550.74,2012-12-24,2024-12-31,False
E005593,1,Engineering,Product Manager,1148155.29,2015-02-06,2024-12-31,False
E005594,3,Human Resources,Operations Analyst,1210675.51,2016-11-29,2024-12-31,False
E005595,4,Sales,Senior Software Engineer,1488370.7,2024-04-17,2024-12-31,False
E005596,4,Sales,Software Engineer,1648502.48,2019-11-06,2024-12-31,False
E005597,2,Finance,Operations Analyst,1959277.44,2010-04-14,2024-12-31,False
E005598,5,Marketing,Business Analyst,801622.95,2011-10-07,2024-12-31,False
E005599,6,Operations,Software Engineer,669436.0,2022-06-27,2024-12-31,False
E005600,4,Sales,Business Analyst,370346.94,2023-04-07,2024-12-31,False
E005601,3,Human Resources,Business Analyst,331056.44,2014-10-07,2024-12-31,False
E005602,1,Engineering,Senior Software Engineer,1262165.93,2024-06-01,2024-12-31,False
E005603,1,Engineering,Data Analyst,295577.91,2024-06-01,2024-12-31,False
E005604,1,Engineering,Operations Analyst,1882524.72,2024-04-07,2024-12-31,False
E005605,6,Operations,Financial Analyst,1423113.98,2024-06-01,2024-12-31,False
E005606,4,Sales,Project Manager,1580577.2,2021-11-15,2024-12-31,False
E005607,6,Operations,Marketing Specialist,1708095.51,2012-05-22,2024-12-31,False
E005608,3,Human Resources,Data Analyst,1618331.13,2024-01-11,2024-12-31,False
E005609,6,Operations,Software Engineer,687203.98,2024-03-28,2024-12-31,False
E005610,2,Finance,HR Specialist,1725391.44,2022-11-04,2024-12-31,False
E005611,2,Finance,Product Manager,1750769.35,2020-04-18,2024-12-31,False
E005612,4,Sales,Project Manager,1704729.61,2011-08-26,2024-12-31,False
E005613,2,Finance,Data Scientist,1066279.29,2024-06-01,2024-12-31,False
E005614,6,Operations,Product Manager,578786.53,2024-06-01,2024-12-31,False
E005615,4,Sales,Data Scientist,736414.86,2019-03-10,2024-12-31,False
E005616,1,Engineering,Product Manager,739180.2,2018-11-19,2024-12-31,False
E005617,1,Engineering,Software Engineer,635852.27,2023-06-07,2024-12-31,False
E005618,3,Human Resources,Data Scientist,563649.15,2024-06-01,2024-12-31,False
E005619,4,Sales,Data Analyst,1215951.03,2024-04-27,2024-12-31,False
E005620,2,Finance,Product Manager,1251400.19,2024-02-20,2024-12-31,False
E005621,4,Sales,Data Analyst,1772064.17,2022-01-08,2024-12-31,False
E005622,6,Operations,Product Manager,747316.63,2022-01-25,2024-12-31,False
E005623,1,Engineering,Operations Analyst,1986114.46,2018-06-19,2024-12-31,False
E005624,3,Human Resources,Software Engineer,1275525.47,2004-12-29,2024-12-31,False
E005625,3,Human Resources,Data Analyst,1370271.96,2024-04-21,2024-12-31,False
E005626,4,Sales,Project Manager,1586452.38,2019-04-21,2024-12-31,False
E005627,4,Sales,Marketing Specialist,487393.7,2018-12-21,2024-12-31,False
E005628,2,Finance,Software Engineer,1020196.28,2024-06-01,2024-12-31,False
E005629,6,Operations,Business Analyst,1702567.71,2009-11-03,2024-12-31,False
E005630,6,Operations,Senior Software Engineer,259781.5,2023-05-20,2024-12-31,False
E005631,1,Engineering,Sales Executive,1382118.04,2021-10-04,2024-12-31,False
E005632,4,Sales,Sales Executive,1104667.85,2021-03-03,2024-12-31,False
E005633,4,Sales,Marketing Specialist,2173006.56,2024-06-01,2024-12-31,False
E005634,5,Marketing,Data Scientist,825682.9,2017-12-08,2024-12-31,False
E005635,1,Engineering,HR Specialist,2047027.68,2018-03-09,2024-12-31,False
E005636,4,Sales,Project Manager,545572.33,2023-09-01,2024-12-31,False
E005637,2,Finance,Sales Executive,1547871.45,2013-09-22,2024-12-31,False
E005638,5,Marketing,Marketing Specialist,258695.93,2023-12-21,2024-12-31,False
E005639,4,Sales,Software Engineer,1359294.42,2012-10-05,2024-12-31,False
E005640,1,Engineering,Operations Analyst,647468.73,2024-04-15,2024-12-31,False
E005641,3,Human Resources,Financial Analyst,1056546.89,2007-02-16,2024-12-31,False
E005642,4,Sales,Business Analyst,2132313.14,2022-02-27,2024-12-31,False
E005643,5,Marketing,Marketing Specialist,2152771.51,2021-12-04,2024-12-31,False
E005644,1,Engineering,Operations Analyst,518010.52,2010-08-09,2024-12-31,False
E005645,6,Operations,Senior Software Engineer,936083.02,2022-04-14,2024-12-31,False
E005646,2,Finance,Data Scientist,1044564.91,2023-10-08,2024-12-31,False
E005647,6,Operations,Data Scientist,1660811.76,2019-12-13,2024-12-31,False
E005648,1,Engineering,Data Scientist,1321240.22,2023-06-28,2024-12-31,False
E005649,3,Human Resources,Senior Software Engineer,1994369.06,2023-06-11,2024-12-31,False
E005650,2,Finance,Business Analyst,659502.67,2021-05-11,2024-12-31,False
E005651,2,Finance,Sales Executive,1719933.47,2023-06-19,2024-12-31,False
E005652,5,Marketing,Data Scientist,1383994.1,2012-08-13,2024-12-31,False
E005653,4,Sales,Software Engineer,1322424.35,2019-03-06,2024-12-31,False
E005654,2,Finance,Data Analyst,1120223.22,2024-06-01,2024-12-31,False
E005655,2,Finance,Operations Analyst,965856.97,2023-10-25,2024-12-31,False
E005656,2,Finance,HR Specialist,1750412.5,2023-10-22,2024-12-31,False
E005657,6,Operations,Senior Software Engineer,1950918.23,2000-12-01,2024-12-31,False
E005658,2,Finance,Marketing Specialist,2171967.56,2022-07-05,2024-12-31,False
E005659,3,Human Resources,Operations Analyst,1338094.05,2011-11-03,2024-12-31,False
E005660,4,Sales,Data Analyst,1636038.08,2016-08-03,2024-12-31,False
E005661,6,Operations,HR Specialist,1214560.48,2023-03-22,2024-12-31,False
E005662,5,Marketing,Senior Software Engineer,1492199.55,2022-04-19,2024-12-31,False
E005663,4,Sales,Project Manager,439694.78,2024-06-01,2024-12-31,False
E005664,2,Finance,Senior Software Engineer,1658809.93,2012-09-08,2024-12-31,False
E005665,4,Sales,Software Engineer,274665.97,2010-10-26,2024-12-31,False
E005666,2,Finance,Data Scientist,2261563.64,2008-11-25,2024-12-31,False
E005667,1,Engineering,Software Engineer,587775.1,2020-08-13,2024-12-31,False
E005668,4,Sales,Senior Software Engineer,632810.05,2020-09-06,2024-12-31,False
E005669,3,Human Resources,Business Analyst,584771.77,2023-05-15,2024-12-31,False
E005670,2,Finance,Project Manager,622596.82,2018-06-07,2024-12-31,False
E005671,1,Engineering,Operations Analyst,817173.52,2023-08-21,2024-12-31,False
E005672,1,Engineering,Software Engineer,2253515.87,2022-04-04,2024-12-31,False
E005673,5,Marketing,Marketing Specialist,1047691.22,2018-11-25,2024-12-31,False
E005674,3,Human Resources,HR Specialist,684277.78,2023-01-02,2024-12-31,False
E005675,3,Human Resources,Data Analyst,1849448.25,2019-08-12,2024-12-31,False
E005676,3,Human Resources,Business Analyst,1950409.78,2020-05-30,2024-12-31,False
E005677,5,Marketing,Data Scientist,1942118.23,2024-06-01,2024-12-31,False
E005678,2,Finance,Data Analyst,1188855.64,2019-11-09,2024-12-31,False
E005679,3,Human Resources,Project Manager,655936.34,2024-06-01,2024-12-31,False
E005680,1,Engineering,Financial Analyst,501875.82,2018-09-09,2024-12-31,False
E005681,3,Human Resources,Product Manager,1649260.62,2017-08-05,2024-12-31,False
E005682,4,Sales,HR Specialist,371621.77,2015-12-06,2024-12-31,False
E005683,5,Marketing,Business Analyst,841787.85,2024-03-22,2024-12-31,False
E005684,4,Sales,Marketing Specialist,2171604.33,2021-04-01,2024-12-31,False
E005685,3,Human Resources,Operations Analyst,1149836.86,2023-06-03,2024-12-31,False
E005686,2,Finance,Project Manager,633971.52,2021-09-14,2024-12-31,False
E005687,3,Human Resources,Sales Executive,2132058.72,2011-10-16,2024-12-31,False
E005688,4,Sales,Data Analyst,1302372.89,2023-08-18,2024-12-31,False
E005689,1,Engineering,Project Manager,647954.33,2013-10-26,2024-12-31,False
E005690,6,Operations,Project Manager,919367.42,2024-04-01,2024-12-31,False
E005691,5,Marketing,Sales Executive,1664820.87,2022-10-30,2024-12-31,False
E005692,1,Engineering,Project Manager,2073046.53,2009-02-02,2024-12-31,False
E005693,6,Operations,Senior Software Engineer,1632671.02,2006-10-24,2024-12-31,False
E005694,5,Marketing,Operations Analyst,449292.58,2023-09-22,2024-12-31,False
E005695,4,Sales,Data Analyst,545241.76,2023-10-03,2024-12-31,False
E005696,5,Marketing,Senior Software Engineer,1369923.15,2024-06-01,2024-12-31,False
E005697,3,Human Resources,Marketing Specialist,2128755.53,2022-06-10,2024-12-31,False
E005698,2,Finance,Product Manager,1664825.4,2018-12-04,2024-12-31,False
E005699,3,Human Resources,Financial Analyst,485164.77,2023-08-15,2024-12-31,False
E005700,3,Human Resources,Project Manager,2284267.17,2015-03-07,2024-12-31,False
E005701,1,Engineering,Data Scientist,2037712.22,2014-09-12,2024-12-31,False
E005702,1,Engineering,Data Scientist,778087.56,2023-12-28,2024-12-31,False
E005703,1,Engineering,Senior Software Engineer,2330660.07,2024-06-01,2024-12-31,False
E005704,3,Human Resources,Data Scientist,967835.74,2001-05-19,2024-12-31,False
E005705,3,Human Resources,Marketing Specialist,418544.94,2018-07-09,2024-12-31,False
E005706,2,Finance,Senior Software Engineer,1038009.65,2023-04-03,2024-12-31,False
E005707,4,Sales,Data Scientist,956257.34,2024-06-01,2024-12-31,False
E005708,4,Sales,Business Analyst,1035023.67,2019-03-12,2024-12-31,False
E005709,6,Operations,HR Specialist,764059.97,2024-06-01,2024-12-31,False
E005710,2,Finance,Sales Executive,1518082.74,2021-04-18,2024-12-31,False
E005711,2,Finance,Financial Analyst,1353508.79,2019-05-01,2024-12-31,False
E005712,4,Sales,Marketing Specialist,2026440.52,2012-07-01,2024-12-31,False
E005713,6,Operations,Data Scientist,1809938.77,2023-03-16,2024-12-31,False
E005714,3,Human Resources,Sales Executive,1573423.71,2021-03-16,2024-12-31,False
E005715,1,Engineering,HR Specialist,1735800.42,2021-10-14,2024-12-31,False
E005716,3,Human Resources,Product Manager,1304992.64,2015-08-30,2024-12-31,False
E005717,3,Human Resources,Financial Analyst,1690096.61,2019-05-26,2024-12-31,False
E005718,4,Sales,HR Specialist,514408.3,2014-07-22,2024-12-31,False
E005719,2,Finance,Data Analyst,1174403.9,2023-07-28,2024-12-31,False
E005720,5,Marketing,Senior Software Engineer,873088.34,2020-01-01,2024-12-31,False
E005721,2,Finance,HR Specialist,1363827.04,2019-03-03,2024-12-31,False
E005722,6,Operations,Data Analyst,504031.09,2016-11-05,2024-12-31,False
E005723,6,Operations,Data Scientist,916689.43,2024-06-01,2024-12-31,False
E005724,5,Marketing,Marketing Specialist,1349975.43,2022-03-27,2024-12-31,False
E005725,2,Finance,Data Scientist,1601896.15,2022-04-15,2024-12-31,False
E005726,1,Engineering,Senior Software Engineer,1304585.76,2023-02-11,2024-12-31,False
E005727,4,Sales,Data Scientist,2155666.83,2022-07-21,2024-12-31,False
E005728,6,Operations,Software Engineer,593830.76,2023-05-19,2024-12-31,False
E005729,5,Marketing,Project Manager,1344796.66,2023-01-16,2024-12-31,False
E005730,1,Engineering,Financial Analyst,863859.44,2024-06-01,2024-12-31,False
E005731,5,Marketing,Software Engineer,2251139.99,2022-10-05,2024-12-31,False
E005732,3,Human Resources,Product Manager,1445337.06,2024-01-11,2024-12-31,False
E005733,5,Marketing,HR Specialist,1808464.97,2015-01-03,2024-12-31,False
E005734,2,Finance,Operations Analyst,2231480.39,2018-09-04,2024-12-31,False
E005735,1,Engineering,HR Specialist,656677.66,2005-01-04,2024-12-31,False
E005736,1,Engineering,Sales Executive,1670277.53,2023-03-21,2024-12-31,False
E005737,6,Operations,Data Scientist,772226.98,2012-12-12,2024-12-31,False
E005738,5,Marketing,Operations Analyst,750787.08,2022-03-10,2024-12-31,False
E005739,2,Finance,Operations Analyst,1690480.39,2012-06-24,2024-12-31,False
E005740,4,Sales,Product Manager,1480945.84,2017-06-28,2024-12-31,False
E005741,5,Marketing,Software Engineer,1607452.47,2023-04-25,2024-12-31,False
E005742,4,Sales,Product Manager,1039441.59,2020-09-13,2024-12-31,False
E005743,1,Engineering,HR Specialist,1288671.25,2021-07-13,2024-12-31,False
E005744,1,Engineering,Financial Analyst,1903560.15,2022-08-30,2024-12-31,False
E005745,5,Marketing,Sales Executive,805624.47,2022-07-07,2024-12-31,False
E005746,1,Engineering,Financial Analyst,1301148.09,2015-03-23,2024-12-31,False
E005747,4,Sales,Data Analyst,868799.92,2022-08-20,2024-12-31,False
E005748,3,Human Resources,Project Manager,2169501.46,2024-06-01,2024-12-31,False
E005749,5,Marketing,Business Analyst,1311918.07,2021-11-12,2024-12-31,False
E005750,6,Operations,Operations Analyst,1814609.49,2021-11-17,2024-12-31,False
E005751,3,Human Resources,Product Manager,526518.46,2008-11-12,2024-12-31,False
E005752,5,Marketing,Business Analyst,643203.31,2005-12-20,2024-12-31,False
E005753,5,Marketing,Sales Executive,1938278.86,2023-12-31,2024-12-31,False
E005754,6,Operations,Financial Analyst,2261852.54,2023-07-19,2024-12-31,False
E005755,1,Engineering,Project Manager,784388.69,2023-02-11,2024-12-31,False
E005756,4,Sales,Data Scientist,2030135.74,2022-06-14,2024-12-31,False
E005757,6,Operations,Project Manager,582558.34,2024-06-01,2024-12-31,False
E005758,5,Marketing,Business Analyst,1389781.24,2024-06-01,2024-12-31,False
E005759,5,Marketing,HR Specialist,2075351.64,2023-12-06,2024-12-31,False
E005760,3,Human Resources,Operations Analyst,277034.59,2017-10-08,2024-12-31,False
E005761,4,Sales,Senior Software Engineer,1965758.03,2023-10-16,2024-12-31,False
E005762,1,Engineering,Sales Executive,721430.91,2022-02-01,2024-12-31,False
E005763,6,Operations,Operations Analyst,1140276.62,2024-06-01,2024-12-31,False
E005764,3,Human Resources,Product Manager,2152156.95,2024-06-01,2024-12-31,False
E005765,2,Finance,Data Analyst,1640940.0,2022-08-07,2024-12-31,False
E005766,5,Marketing,Marketing Specialist,678308.38,2011-07-03,2024-12-31,False
E005767,6,Operations,HR Specialist,828349.99,2021-12-21,2024-12-31,False
E005768,1,Engineering,Financial Analyst,2046077.89,2024-06-01,2024-12-31,False
E005769,6,Operations,Data Scientist,1804458.31,2024-06-01,2024-12-31,False
E005770,4,Sales,Project Manager,2004011.17,2023-11-20,2024-12-31,False
E005771,3,Human Resources,HR Specialist,714941.86,2023-04-20,2024-12-31,False
E005772,4,Sales,Business Analyst,607837.58,2020-01-07,2024-12-31,False
E005773,5,Marketing,Sales Executive,1853013.41,2021-09-24,2024-12-31,False
E005774,6,Operations,Operations Analyst,1812517.74,2023-07-04,2024-12-31,False
E005775,5,Marketing,Financial Analyst,1049493.99,2007-04-13,2024-12-31,False
E005776,2,Finance,Product Manager,590691.01,2018-12-21,2024-12-31,False
E005777,6,Operations,Business Analyst,1785112.32,2020-01-18,2024-12-31,False
E005778,5,Marketing,Product Manager,1247722.38,2022-06-06,2024-12-31,False
E005779,1,Engineering,Product Manager,1417751.36,2024-06-01,2024-12-31,False
E005780,4,Sales,Sales Executive,1884195.82,2017-11-25,2024-12-31,False
E005781,4,Sales,Senior Software Engineer,1854745.25,2020-03-14,2024-12-31,False
E005782,3,Human Resources,Sales Executive,644226.47,2024-03-18,2024-12-31,False
E005783,2,Finance,Data Analyst,1300411.42,2023-06-29,2024-12-31,False
E005784,2,Finance,Data Scientist,418771.31,2024-06-01,2024-12-31,False
E005785,1,Engineering,Business Analyst,1734798.68,2023-03-30,2024-12-31,False
E005786,6,Operations,Marketing Specialist,1356353.37,2021-11-12,2024-12-31,False
E005787,5,Marketing,Financial Analyst,1063549.22,2019-04-06,2024-12-31,False
E005788,1,Engineering,Business Analyst,1789029.73,2017-11-25,2024-12-31,False
E005789,2,Finance,Marketing Specialist,1913030.68,2023-06-03,2024-12-31,False
E005790,2,Finance,Data Scientist,1732954.33,2018-04-07,2024-12-31,False
E005791,5,Marketing,Operations Analyst,539471.83,2013-12-18,2024-12-31,False
E005792,6,Operations,Software Engineer,709248.43,2023-08-12,2024-12-31,False
E005793,4,Sales,Operations Analyst,1379210.26,2020-08-14,2024-12-31,False
E005794,3,Human Resources,Business Analyst,1467888.35,2024-06-01,2024-12-31,False
E005795,6,Operations,Project Manager,1507190.76,2023-09-11,2024-12-31,False
E005796,6,Operations,Project Manager,1524695.96,2021-07-02,2024-12-31,False
E005797,5,Marketing,Sales Executive,1003776.51,2019-06-29,2024-12-31,False
E005798,6,Operations,Software Engineer,1440584.91,2020-12-27,2024-12-31,False
E005799,2,Finance,Sales Executive,1702728.08,2024-04-28,2024-12-31,False
E005800,4,Sales,Senior Software Engineer,2240541.93,2023-11-21,2024-12-31,False
E005801,1,Engineering,HR Specialist,860908.67,2020-04-28,2024-12-31,False
E005802,4,Sales,Data Analyst,780999.54,2013-11-16,2024-12-31,False
E005803,3,Human Resources,Operations Analyst,2082972.74,2008-05-03,2024-12-31,False
E005804,3,Human Resources,Software Engineer,1498813.29,2018-10-29,2024-12-31,False
E005805,2,Finance,Operations Analyst,259819.93,2022-11-17,2024-12-31,False
E005806,5,Marketing,Business Analyst,526539.15,2023-02-22,2024-12-31,False
E005807,6,Operations,Data Analyst,496611.88,2015-07-06,2024-12-31,False
E005808,1,Engineering,Data Scientist,867496.16,2013-08-14,2024-12-31,False
E005809,4,Sales,HR Specialist,1182104.87,2024-03-12,2024-12-31,False
E005810,1,Engineering,Product Manager,1414226.57,2021-07-20,2024-12-31,False
E005811,3,Human Resources,Marketing Specialist,813450.27,2024-06-01,2024-12-31,False
E005812,1,Engineering,Operations Analyst,728291.18,2024-03-21,2024-12-31,False
E005813,5,Marketing,Financial Analyst,797882.6,2022-02-07,2024-12-31,False
E005814,2,Finance,HR Specialist,1903177.37,2019-08-10,2024-12-31,False
E005815,1,Engineering,Data Analyst,1983731.85,2023-11-19,2024-12-31,False
E005816,1,Engineering,Sales Executive,1636065.25,2021-04-11,2024-12-31,False
E005817,2,Finance,Software Engineer,1776776.42,2022-08-19,2024-12-31,False
E005818,5,Marketing,Project Manager,273901.89,2024-06-01,2024-12-31,False
E005819,6,Operations,Product Manager,1988195.37,2021-11-26,2024-12-31,False
E005820,2,Finance,Senior Software Engineer,357138.09,2021-04-19,2024-12-31,False
E005821,5,Marketing,Business Analyst,1132540.63,2015-02-20,2024-12-31,False
E005822,1,Engineering,Product Manager,628807.28,2024-06-01,2024-12-31,False
E005823,3,Human Resources,Software Engineer,488322.45,2016-04-27,2024-12-31,False
E005824,5,Marketing,Sales Executive,671948.27,2021-10-26,2024-12-31,False
E005825,1,Engineering,Business Analyst,1173474.01,2006-04-16,2024-12-31,False
E005826,2,Finance,Project Manager,521752.42,2024-06-01,2024-12-31,False
E005827,6,Operations,Marketing Specialist,2066546.55,2017-09-27,2024-12-31,False
E005828,5,Marketing,Project Manager,1971385.46,2021-07-14,2024-12-31,False
E005829,2,Finance,Product Manager,1856483.57,2024-06-01,2024-12-31,False
E005830,6,Operations,Marketing Specialist,1191573.95,2023-02-13,2024-12-31,False
E005831,1,Engineering,Business Analyst,755443.96,2012-12-03,2024-12-31,False
E005832,3,Human Resources,Operations Analyst,1956229.68,2022-04-10,2024-12-31,False
E005833,3,Human Resources,Marketing Specialist,274735.48,2022-10-24,2024-12-31,False
E005834,3,Human Resources,Data Analyst,1429743.23,2022-08-26,2024-12-31,False
E005835,2,Finance,Operations Analyst,1597881.24,2024-06-01,2024-12-31,False
E005836,1,Engineering,Software Engineer,2058850.38,2023-05-26,2024-12-31,False
E005837,3,Human Resources,Business Analyst,1531768.96,2024-06-01,2024-12-31,False
E005838,4,Sales,Financial Analyst,1593245.96,2017-07-11,2024-12-31,False
E005839,2,Finance,Financial Analyst,1370097.63,2012-10-08,2024-12-31,False
E005840,6,Operations,Marketing Specialist,1771350.33,2024-04-20,2024-12-31,False
E005841,4,Sales,HR Specialist,2327669.48,2022-06-26,2024-12-31,False
E005842,6,Operations,Senior Software Engineer,2148062.16,2022-02-24,2024-12-31,False
E005843,1,Engineering,Sales Executive,2047029.01,2023-10-23,2024-12-31,False
E005844,1,Engineering,Senior Software Engineer,446544.9,2023-12-23,2024-12-31,False
E005845,3,Human Resources,Software Engineer,2123921.38,2020-06-15,2024-12-31,False
E005846,6,Operations,Product Manager,350230.76,2011-01-30,2024-12-31,False
E005847,5,Marketing,Operations Analyst,832354.83,2023-07-27,2024-12-31,False
E005848,5,Marketing,Financial Analyst,1896456.83,2000-08-06,2024-12-31,False
E005849,4,Sales,Product Manager,1075075.0,2023-01-16,2024-12-31,False
E005850,6,Operations,Marketing Specialist,956115.89,2020-11-15,2024-12-31,False
E005851,1,Engineering,HR Specialist,1588689.96,2023-04-04,2024-12-31,False
E005852,3,Human Resources,Operations Analyst,283227.24,2024-06-01,2024-12-31,False
E005853,4,Sales,Operations Analyst,2100834.84,2024-06-01,2024-12-31,False
E005854,6,Operations,Business Analyst,1770074.45,2017-11-24,2024-12-31,False
E005855,1,Engineering,Financial Analyst,1775700.41,2024-06-01,2024-12-31,False
E005856,2,Finance,Data Scientist,409408.77,2024-01-06,2024-12-31,False
E005857,4,Sales,Operations Analyst,2229994.41,2024-01-02,2024-12-31,False
E005858,6,Operations,Product Manager,1773338.13,2024-06-01,2024-12-31,False
E005859,6,Operations,Financial Analyst,1434266.28,2022-04-16,2024-12-31,False
E005860,4,Sales,Data Scientist,409074.01,2011-06-11,2024-12-31,False
E005861,1,Engineering,Operations Analyst,1533304.51,2001-04-01,2024-12-31,False
E005862,2,Finance,Project Manager,2341357.65,2022-09-24,2024-12-31,False
E005863,4,Sales,Product Manager,329465.75,2024-06-01,2024-12-31,False
E005864,5,Marketing,HR Specialist,318554.49,2013-07-21,2024-12-31,False
E005865,5,Marketing,Data Analyst,1617174.0,2024-06-01,2024-12-31,False
E005866,1,Engineering,Financial Analyst,603330.09,2024-02-07,2024-12-31,False
E005867,4,Sales,Senior Software Engineer,1307279.14,2014-10-25,2024-12-31,False
E005868,3,Human Resources,Senior Software Engineer,1741340.23,2024-02-20,2024-12-31,False
E005869,2,Finance,Operations Analyst,1493437.42,2023-10-05,2024-12-31,False
E005870,6,Operations,Sales Executive,608320.38,2017-06-05,2024-12-31,False
E005871,2,Finance,Product Manager,1826023.25,2023-05-24,2024-12-31,False
E005872,1,Engineering,HR Specialist,1733871.6,2022-06-08,2024-12-31,False
E005873,1,Engineering,HR Specialist,1113912.61,2018-04-02,2024-12-31,False
E005874,3,Human Resources,Financial Analyst,827240.7,2022-02-17,2024-12-31,False
E005875,1,Engineering,Data Scientist,883630.61,2022-02-21,2024-12-31,False
E005876,2,Finance,Operations Analyst,1781645.97,2023-04-01,2024-12-31,False
E005877,6,Operations,Business Analyst,289970.63,2023-04-13,2024-12-31,False
E005878,3,Human Resources,Financial Analyst,2168819.62,2021-10-18,2024-12-31,False
E005879,6,Operations,Senior Software Engineer,1981380.79,2024-06-01,2024-12-31,False
E005880,4,Sales,Financial Analyst,2351824.45,2024-06-01,2024-12-31,False
E005881,1,Engineering,Product Manager,839041.57,2023-01-13,2024-12-31,False
E005882,2,Finance,Financial Analyst,889085.34,2021-09-18,2024-12-31,False
E005883,3,Human Resources,Operations Analyst,1399721.17,2022-08-16,2024-12-31,False
E005884,5,Marketing,Data Scientist,679738.31,2019-09-22,2024-12-31,False
E005885,2,Finance,Marketing Specialist,1971939.6,2021-01-28,2024-12-31,False
E005886,5,Marketing,Financial Analyst,967143.28,2023-04-06,2024-12-31,False
E005887,2,Finance,Business Analyst,464286.06,2022-01-21,2024-12-31,False
E005888,1,Engineering,Financial Analyst,1222396.11,2017-12-20,2024-12-31,False
E005889,6,Operations,HR Specialist,1482490.56,2023-08-22,2024-12-31,False
E005890,2,Finance,Sales Executive,1144578.0,2023-03-29,2024-12-31,False
E005891,3,Human Resources,HR Specialist,1842623.02,2017-06-11,2024-12-31,False
E005892,1,Engineering,Business Analyst,1884032.35,2024-06-01,2024-12-31,False
E005893,3,Human Resources,Sales Executive,375457.52,2022-01-25,2024-12-31,False
E005894,2,Finance,Sales Executive,1759346.6,2019-09-04,2024-12-31,False
E005895,1,Engineering,Operations Analyst,1776944.73,2023-08-01,2024-12-31,False
E005896,3,Human Resources,Software Engineer,2236400.22,2015-06-25,2024-12-31,False
E005897,1,Engineering,Business Analyst,1610596.35,2021-10-25,2024-12-31,False
E005898,3,Human Resources,Sales Executive,1189671.72,2016-04-27,2024-12-31,False
E005899,4,Sales,Marketing Specialist,864366.12,2015-09-04,2024-12-31,False
E005900,6,Operations,Operations Analyst,2148659.25,2024-06-01,2024-12-31,False
E005901,6,Operations,HR Specialist,1565146.67,2017-03-27,2024-12-31,False
E005902,6,Operations,Financial Analyst,915091.99,2021-05-09,2024-12-31,False
E005903,6,Operations,Financial Analyst,873374.7,2024-05-11,2024-12-31,False
E005904,2,Finance,HR Specialist,1681716.04,2024-06-01,2024-12-31,False
E005905,1,Engineering,Data Analyst,1452330.26,2021-11-24,2024-12-31,False
E005906,4,Sales,Project Manager,1410819.01,2024-06-01,2024-12-31,False
E005907,4,Sales,Marketing Specialist,732903.67,2023-12-03,2024-12-31,False
E005908,3,Human Resources,Sales Executive,915863.11,2023-01-07,2024-12-31,False
E005909,1,Engineering,Operations Analyst,876960.3,2024-06-01,2024-12-31,False
E005910,5,Marketing,HR Specialist,1312854.25,2021-09-11,2024-12-31,False
E005911,5,Marketing,Sales Executive,714144.37,2021-09-16,2024-12-31,False
E005912,6,Operations,Sales Executive,1077485.81,2002-01-06,2024-12-31,False
E005913,6,Operations,Software Engineer,1653804.39,2018-10-16,2024-12-31,False
E005914,1,Engineering,HR Specialist,615357.75,2024-05-22,2024-12-31,False
E005915,6,Operations,Operations Analyst,2022393.86,2021-11-08,2024-12-31,False
E005916,3,Human Resources,Product Manager,962709.32,2020-10-07,2024-12-31,False
E005917,2,Finance,Operations Analyst,2051459.06,2023-06-04,2024-12-31,False
E005918,6,Operations,Marketing Specialist,1278179.84,2024-06-01,2024-12-31,False
E005919,5,Marketing,HR Specialist,2000583.45,2023-05-07,2024-12-31,False
E005920,2,Finance,Operations Analyst,563054.6,2004-12-25,2024-12-31,False
E005921,6,Operations,HR Specialist,1150975.6,2021-11-04,2024-12-31,False
E005922,2,Finance,Marketing Specialist,1345384.96,2018-08-29,2024-12-31,False
E005923,3,Human Resources,HR Specialist,2293625.74,2011-08-02,2024-12-31,False
E005924,2,Finance,Marketing Specialist,662255.72,2024-06-01,2024-12-31,False
E005925,3,Human Resources,Marketing Specialist,360340.83,2024-06-01,2024-12-31,False
E005926,1,Engineering,Product Manager,572984.15,2022-03-17,2024-12-31,False
E005927,3,Human Resources,Senior Software Engineer,740963.24,2008-11-20,2024-12-31,False
E005928,1,Engineering,Data Analyst,642186.19,2012-01-28,2024-12-31,False
E005929,3,Human Resources,Data Analyst,983465.17,2024-06-01,2024-12-31,False
E005930,4,Sales,HR Specialist,1003494.34,2015-04-28,2024-12-31,False
E005931,2,Finance,Senior Software Engineer,674700.21,2024-06-01,2024-12-31,False
E005932,5,Marketing,Business Analyst,1125889.46,2015-01-21,2024-12-31,False
E005933,6,Operations,Data Scientist,349549.35,2021-11-10,2024-12-31,False
E005934,1,Engineering,Operations Analyst,1304782.83,2023-11-10,2024-12-31,False
E005935,2,Finance,Financial Analyst,1152108.2,2016-07-06,2024-12-31,False
E005936,3,Human Resources,Business Analyst,2132279.71,2009-06-10,2024-12-31,False
E005937,5,Marketing,Data Scientist,1070061.96,2022-06-29,2024-12-31,False
E005938,4,Sales,Business Analyst,1536525.52,2022-03-11,2024-12-31,False
E005939,2,Finance,Data Scientist,1899068.9,2016-06-17,2024-12-31,False
E005940,3,Human Resources,Operations Analyst,339630.39,2018-06-28,2024-12-31,False
E005941,2,Finance,Data Scientist,1988635.85,2001-02-15,2024-12-31,False
E005942,3,Human Resources,Operations Analyst,2195706.57,2019-07-05,2024-12-31,False
E005943,1,Engineering,Data Analyst,1810484.87,2024-05-01,2024-12-31,False
E005944,1,Engineering,Project Manager,1929648.98,2018-10-15,2024-12-31,False
E005945,1,Engineering,HR Specialist,892584.59,2020-12-28,2024-12-31,False
E005946,3,Human Resources,Data Analyst,436598.9,2012-12-12,2024-12-31,False
E005947,6,Operations,Marketing Specialist,648704.03,2017-10-25,2024-12-31,False
E005948,5,Marketing,Financial Analyst,1632321.49,2022-04-06,2024-12-31,False
E005949,5,Marketing,Product Manager,1313098.85,2017-07-10,2024-12-31,False
E005950,5,Marketing,Sales Executive,865324.8,2017-07-16,2024-12-31,False
E005951,4,Sales,Data Analyst,738655.01,2024-04-10,2024-12-31,False
E005952,5,Marketing,Product Manager,2026298.94,2024-04-07,2024-12-31,False
E005953,4,Sales,Business Analyst,879865.02,2024-02-25,2024-12-31,False
E005954,5,Marketing,Operations Analyst,1407263.4,2017-12-25,2024-12-31,False
E005955,1,Engineering,Sales Executive,342198.33,2022-04-03,2024-12-31,False
E005956,3,Human Resources,Marketing Specialist,1546314.67,2018-06-09,2024-12-31,False
E005957,4,Sales,Business Analyst,1743390.08,2002-03-29,2024-12-31,False
E005958,6,Operations,HR Specialist,1907722.29,2024-06-01,2024-12-31,False
E005959,2,Finance,Marketing Specialist,1786482.69,2024-05-12,2024-12-31,False
E005960,5,Marketing,Data Analyst,1648836.77,2011-09-06,2024-12-31,False
E005961,5,Marketing,Product Manager,1495373.9,2021-01-10,2024-12-31,False
E005962,4,Sales,Data Scientist,1350093.91,2007-03-26,2024-12-31,False
E005963,4,Sales,Business Analyst,1407067.74,2023-11-28,2024-12-31,False
E005964,5,Marketing,Operations Analyst,1654136.62,2024-06-01,2024-12-31,False
E005965,6,Operations,Software Engineer,283861.0,2023-03-19,2024-12-31,False
E005966,5,Marketing,Project Manager,1570083.37,2022-11-09,2024-12-31,False
E005967,3,Human Resources,Project Manager,898206.09,2023-02-22,2024-12-31,False
E005968,6,Operations,Product Manager,1811939.17,2012-11-27,2024-12-31,False
E005969,4,Sales,Data Scientist,2333375.65,2018-02-24,2024-12-31,False
E005970,1,Engineering,Business Analyst,900443.42,2022-05-21,2024-12-31,False
E005971,4,Sales,Senior Software Engineer,993835.27,2014-10-21,2024-12-31,False
E005972,1,Engineering,Sales Executive,397990.12,2023-03-29,2024-12-31,False
E005973,5,Marketing,Financial Analyst,1892004.44,2019-12-05,2024-12-31,False
E005974,3,Human Resources,Marketing Specialist,1621163.56,2013-01-28,2024-12-31,False
E005975,6,Operations,Software Engineer,640261.8,2024-06-01,2024-12-31,False
E005976,6,Operations,Sales Executive,1700369.57,2022-02-15,2024-12-31,False
E005977,5,Marketing,Data Analyst,1500402.2,2018-02-10,2024-12-31,False
E005978,1,Engineering,Project Manager,2032323.14,2020-01-19,2024-12-31,False
E005979,3,Human Resources,Data Scientist,249733.09,2024-04-17,2024-12-31,False
E005980,2,Finance,Financial Analyst,1995382.46,2018-04-17,2024-12-31,False
E005981,1,Engineering,Sales Executive,571871.7,2024-06-01,2024-12-31,False
E005982,2,Finance,Marketing Specialist,1088530.53,2024-06-01,2024-12-31,False
E005983,5,Marketing,Data Analyst,1412375.41,2024-01-20,2024-12-31,False
E005984,2,Finance,Data Analyst,2065683.74,2013-03-02,2024-12-31,False
E005985,3,Human Resources,Data Scientist,1051312.15,2024-06-01,2024-12-31,False
E005986,1,Engineering,Sales Executive,719579.09,2009-11-22,2024-12-31,False
E005987,4,Sales,Operations Analyst,1139823.3,2020-01-26,2024-12-31,False
E005988,5,Marketing,Senior Software Engineer,1343469.48,2011-05-04,2024-12-31,False
E005989,4,Sales,Operations Analyst,1420758.34,2023-04-22,2024-12-31,False
E005990,2,Finance,Product Manager,1253709.67,2011-04-14,2024-12-31,False
E005991,4,Sales,Data Scientist,1480236.69,2023-12-24,2024-12-31,False
E005992,3,Human Resources,Data Analyst,1632852.3,2012-02-24,2024-12-31,False
E005993,2,Finance,Product Manager,1891508.39,2024-03-19,2024-12-31,False
E005994,4,Sales,Software Engineer,1622246.4,2017-02-23,2024-12-31,False
E005995,3,Human Resources,Project Manager,1003908.76,2024-06-01,2024-12-31,False
E005996,4,Sales,Data Analyst,1884261.22,2023-12-08,2024-12-31,False
E005997,4,Sales,Sales Executive,1789826.61,2017-02-26,2024-12-31,False
E005998,6,Operations,Product Manager,1362704.18,2019-11-30,2024-12-31,False
E005999,1,Engineering,Data Analyst,329706.01,2024-06-01,2024-12-31,False
E006000,5,Marketing,Financial Analyst,1586821.28,2022-10-21,2024-12-31,False
E006001,5,Marketing,Business Analyst,2030224.26,2024-03-04,2024-12-31,False
E006002,4,Sales,Business Analyst,358382.73,2021-08-06,2024-12-31,False
E006003,1,Engineering,Product Manager,545485.65,2021-07-09,2024-12-31,False
E006004,2,Finance,Financial Analyst,1091174.59,2023-08-20,2024-12-31,False
E006005,6,Operations,Senior Software Engineer,2091113.68,2024-04-20,2024-12-31,False
E006006,6,Operations,Data Scientist,1800316.04,2022-06-02,2024-12-31,False
E006007,4,Sales,Operations Analyst,1010404.41,2023-09-14,2024-12-31,False
E006008,6,Operations,Sales Executive,1473195.99,2014-05-22,2024-12-31,False
E006009,5,Marketing,Operations Analyst,1175765.05,2013-04-11,2024-12-31,False
E006010,2,Finance,Operations Analyst,263620.47,2021-05-12,2024-12-31,False
E006011,3,Human Resources,Data Scientist,2054444.46,2023-08-10,2024-12-31,False
E006012,2,Finance,HR Specialist,1405673.79,2019-11-07,2024-12-31,False
E006013,4,Sales,Project Manager,1461231.46,2024-06-01,2024-12-31,False
E006014,6,Operations,Marketing Specialist,992790.08,2018-09-03,2024-12-31,False
E006015,2,Finance,Product Manager,2030614.22,2019-09-01,2024-12-31,False
E006016,2,Finance,Product Manager,625657.49,2019-12-26,2024-12-31,False
E006017,1,Engineering,HR Specialist,2036749.79,2024-02-14,2024-12-31,False
E006018,4,Sales,Senior Software Engineer,435272.11,2012-02-20,2024-12-31,False
E006019,2,Finance,Operations Analyst,1595448.95,2023-06-20,2024-12-31,False
E006020,5,Marketing,Financial Analyst,2089724.37,2020-12-24,2024-12-31,False
E006021,1,Engineering,Software Engineer,1949282.51,2024-06-01,2024-12-31,False
E006022,5,Marketing,Software Engineer,1299210.18,2019-05-06,2024-12-31,False
E006023,5,Marketing,Senior Software Engineer,542120.94,2023-12-02,2024-12-31,False
E006024,2,Finance,Financial Analyst,558696.61,2022-12-12,2024-12-31,False
E006025,6,Operations,Senior Software Engineer,1155044.35,2019-11-08,2024-12-31,False
E006026,3,Human Resources,Sales Executive,556119.6,2024-06-01,2024-12-31,False
E006027,3,Human Resources,Financial Analyst,701675.29,2016-06-29,2024-12-31,False
E006028,2,Finance,Operations Analyst,1564990.71,2013-11-26,2024-12-31,False
E006029,6,Operations,Financial Analyst,355921.76,2020-02-18,2024-12-31,False
E006030,5,Marketing,Data Analyst,2238702.0,2021-12-28,2024-12-31,False
E006031,4,Sales,Business Analyst,549153.37,2023-07-14,2024-12-31,False
E006032,4,Sales,Marketing Specialist,1670384.72,2006-05-17,2024-12-31,False
E006033,2,Finance,Software Engineer,1940071.17,2020-07-10,2024-12-31,False
E006034,5,Marketing,Data Analyst,1277390.46,2020-01-18,2024-12-31,False
E006035,1,Engineering,Marketing Specialist,628286.79,2021-01-24,2024-12-31,False
E006036,5,Marketing,Data Analyst,2102054.5,2024-05-19,2024-12-31,False
E006037,6,Operations,HR Specialist,558320.83,2018-07-03,2024-12-31,False
E006038,6,Operations,Project Manager,516407.83,2024-06-01,2024-12-31,False
E006039,5,Marketing,Marketing Specialist,1240523.37,2023-03-31,2024-12-31,False
E006040,3,Human Resources,Project Manager,2045116.85,2019-11-11,2024-12-31,False
E006041,1,Engineering,Data Scientist,709064.48,2021-05-18,2024-12-31,False
E006042,3,Human Resources,Software Engineer,1925699.4,2022-11-02,2024-12-31,False
E006043,1,Engineering,Product Manager,1276641.87,2024-01-14,2024-12-31,False
E006044,1,Engineering,Sales Executive,1808910.78,2018-02-19,2024-12-31,False
E006045,6,Operations,Sales Executive,500057.8,2015-05-27,2024-12-31,False
E006046,5,Marketing,Software Engineer,857543.81,2016-11-01,2024-12-31,False
E006047,4,Sales,Financial Analyst,2021525.71,2024-06-01,2024-12-31,False
E006048,2,Finance,Business Analyst,1017542.59,2010-02-27,2024-12-31,False
E006049,2,Finance,Data Analyst,1413663.45,2023-05-31,2024-12-31,False
E006050,3,Human Resources,Marketing Specialist,1274046.67,2018-02-08,2024-12-31,False
E006051,4,Sales,Sales Executive,1252781.82,2022-11-02,2024-12-31,False
E006052,4,Sales,Data Analyst,1593218.24,2023-05-25,2024-12-31,False
E006053,5,Marketing,Sales Executive,478207.6,2019-06-07,2024-12-31,False
E006054,3,Human Resources,Data Scientist,1817204.3,2017-08-13,2024-12-31,False
E006055,4,Sales,Software Engineer,515275.85,2017-11-18,2024-12-31,False
E006056,3,Human Resources,Sales Executive,1896925.16,2018-07-22,2024-12-31,False
E006057,1,Engineering,Product Manager,1133555.33,2013-08-07,2024-12-31,False
E006058,1,Engineering,Product Manager,1770616.4,2011-03-27,2024-12-31,False
E006059,5,Marketing,Business Analyst,406828.5,2024-02-26,2024-12-31,False
E006060,5,Marketing,Business Analyst,1618839.36,2023-09-07,2024-12-31,False
E006061,6,Operations,Data Scientist,677058.56,2015-04-08,2024-12-31,False
E006062,2,Finance,Sales Executive,977521.98,2022-07-13,2024-12-31,False
E006063,3,Human Resources,Senior Software Engineer,1012742.14,2007-02-06,2024-12-31,False
E006064,1,Engineering,Marketing Specialist,1123002.94,2023-07-16,2024-12-31,False
E006065,1,Engineering,Marketing Specialist,475397.45,2024-06-01,2024-12-31,False
E006066,1,Engineering,Marketing Specialist,1844167.74,2022-08-19,2024-12-31,False
E006067,4,Sales,Product Manager,2212084.24,2003-12-25,2024-12-31,False
E006068,2,Finance,Sales Executive,693748.09,2019-08-05,2024-12-31,False
E006069,3,Human Resources,Product Manager,978756.16,2020-03-25,2024-12-31,False
E006070,1,Engineering,Product Manager,594318.59,2023-05-04,2024-12-31,False
E006071,1,Engineering,Sales Executive,1400855.55,2022-11-12,2024-12-31,False
E006072,6,Operations,Senior Software Engineer,1458159.14,2024-06-01,2024-12-31,False
E006073,3,Human Resources,Senior Software Engineer,1872414.42,2023-05-24,2024-12-31,False
E006074,6,Operations,Product Manager,778644.98,2023-02-14,2024-12-31,False
E006075,5,Marketing,Product Manager,557833.01,2019-08-31,2024-12-31,False
E006076,4,Sales,Data Scientist,676327.31,2020-07-22,2024-12-31,False
E006077,2,Finance,Business Analyst,1333317.81,2021-09-28,2024-12-31,False
E006078,4,Sales,HR Specialist,1038238.17,2023-05-31,2024-12-31,False
E006079,4,Sales,Data Analyst,675574.44,2023-05-18,2024-12-31,False
E006080,2,Finance,Software Engineer,631562.45,2024-05-24,2024-12-31,False
E006081,4,Sales,Operations Analyst,617242.64,2024-06-01,2024-12-31,False
E006082,2,Finance,Business Analyst,1698213.8,2011-02-08,2024-12-31,False
E006083,1,Engineering,HR Specialist,1384973.82,2017-10-29,2024-12-31,False
E006084,5,Marketing,Product Manager,2198279.71,2024-01-27,2024-12-31,False
E006085,5,Marketing,Project Manager,1828897.91,2024-02-02,2024-12-31,False
E006086,2,Finance,Software Engineer,2304582.37,2023-10-27,2024-12-31,False
E006087,4,Sales,Data Scientist,696329.22,2024-06-01,2024-12-31,False
E006088,1,Engineering,Business Analyst,1123551.85,2023-06-11,2024-12-31,False
E006089,4,Sales,Product Manager,1478797.41,2023-03-14,2024-12-31,False
E006090,2,Finance,Senior Software Engineer,553506.07,2018-10-28,2024-12-31,False
E006091,4,Sales,Data Analyst,2039231.94,2020-09-13,2024-12-31,False
E006092,1,Engineering,Business Analyst,1493362.44,2023-07-26,2024-12-31,False
E006093,2,Finance,Product Manager,2140099.43,2020-08-06,2024-12-31,False
E006094,5,Marketing,Financial Analyst,1502139.51,2006-03-20,2024-12-31,False
E006095,5,Marketing,HR Specialist,392588.76,2024-06-01,2024-12-31,False
E006096,1,Engineering,Data Scientist,631518.48,2009-02-19,2024-12-31,False
E006097,3,Human Resources,Operations Analyst,1224460.62,2024-04-05,2024-12-31,False
E006098,5,Marketing,Senior Software Engineer,1372342.99,2024-03-25,2024-12-31,False
E006099,5,Marketing,Product Manager,1014115.71,2018-05-30,2024-12-31,False
E006100,6,Operations,Financial Analyst,577679.39,2023-05-30,2024-12-31,False
E006101,1,Engineering,Product Manager,550471.88,2022-10-09,2024-12-31,False
E006102,1,Engineering,Sales Executive,2222274.96,2020-12-12,2024-12-31,False
E006103,4,Sales,Software Engineer,2044440.94,2016-11-15,2024-12-31,False
E006104,3,Human Resources,Business Analyst,1453140.17,2022-12-29,2024-12-31,False
E006105,5,Marketing,HR Specialist,480721.59,2020-06-23,2024-12-31,False
E006106,5,Marketing,Data Scientist,483788.09,2017-01-12,2024-12-31,False
E006107,1,Engineering,Operations Analyst,1804225.9,2014-10-05,2024-12-31,False
E006108,2,Finance,HR Specialist,619078.0,2022-12-28,2024-12-31,False
E006109,3,Human Resources,Data Scientist,1078295.79,2024-06-01,2024-12-31,False
E006110,3,Human Resources,Operations Analyst,1562616.42,2017-11-16,2024-12-31,False
E006111,3,Human Resources,Sales Executive,2010360.43,2018-04-19,2024-12-31,False
E006112,2,Finance,Operations Analyst,1820296.95,2023-06-24,2024-12-31,False
E006113,1,Engineering,Software Engineer,2001454.71,2021-07-28,2024-12-31,False
E006114,1,Engineering,HR Specialist,1538066.59,2024-06-01,2024-12-31,False
E006115,5,Marketing,HR Specialist,1174246.36,2019-03-02,2024-12-31,False
E006116,4,Sales,Data Analyst,1298788.02,2008-02-05,2024-12-31,False
E006117,5,Marketing,Operations Analyst,1561515.09,2023-07-07,2024-12-31,False
E006118,5,Marketing,Financial Analyst,645854.08,2022-10-01,2024-12-31,False
E006119,5,Marketing,Operations Analyst,1122143.82,2022-01-20,2024-12-31,False
E006120,5,Marketing,Sales Executive,1903243.61,2012-09-14,2024-12-31,False
E006121,6,Operations,HR Specialist,1553483.02,2023-12-14,2024-12-31,False
E006122,1,Engineering,Senior Software Engineer,1231072.31,2020-04-04,2024-12-31,False
E006123,3,Human Resources,Project Manager,994265.78,2009-10-13,2024-12-31,False
E006124,6,Operations,Product Manager,2123889.78,2022-01-02,2024-12-31,False
E006125,4,Sales,Senior Software Engineer,1292376.17,2023-12-07,2024-12-31,False
E006126,6,Operations,Operations Analyst,359061.88,2024-06-01,2024-12-31,False
E006127,3,Human Resources,Senior Software Engineer,1927500.15,2017-07-11,2024-12-31,False
E006128,4,Sales,Project Manager,1555986.33,2024-05-07,2024-12-31,False
E006129,2,Finance,Marketing Specialist,2166262.41,2019-11-14,2024-12-31,False
E006130,1,Engineering,Data Scientist,1591729.35,2022-08-15,2024-12-31,False
E006131,6,Operations,Financial Analyst,1703507.64,2024-01-06,2024-12-31,False
E006132,6,Operations,Senior Software Engineer,319961.99,2023-01-22,2024-12-31,False
E006133,1,Engineering,HR Specialist,1534552.01,2022-10-13,2024-12-31,False
E006134,3,Human Resources,Senior Software Engineer,1534087.3,2021-09-26,2024-12-31,False
E006135,6,Operations,Project Manager,1296104.61,2022-09-22,2024-12-31,False
E006136,4,Sales,Business Analyst,1008441.54,2022-03-28,2024-12-31,False
E006137,4,Sales,Sales Executive,595344.7,2017-12-31,2024-12-31,False
E006138,3,Human Resources,Senior Software Engineer,1067437.17,2019-06-20,2024-12-31,False
E006139,3,Human Resources,Product Manager,907772.21,2023-10-31,2024-12-31,False
E006140,1,Engineering,Senior Software Engineer,388829.65,2019-12-11,2024-12-31,False
E006141,5,Marketing,Software Engineer,1499521.99,2022-06-16,2024-12-31,False
E006142,5,Marketing,Business Analyst,1834885.31,2021-04-17,2024-12-31,False
E006143,2,Finance,Data Scientist,1922467.8,2002-08-08,2024-12-31,False
E006144,3,Human Resources,Software Engineer,1612078.48,2020-06-15,2024-12-31,False
E006145,6,Operations,HR Specialist,1082065.94,2024-04-02,2024-12-31,False
E006146,6,Operations,Business Analyst,780146.67,2023-07-04,2024-12-31,False
E006147,4,Sales,Product Manager,2154724.29,2018-07-20,2024-12-31,False
E006148,6,Operations,Data Scientist,1527394.87,2024-03-16,2024-12-31,False
E006149,3,Human Resources,Sales Executive,964478.03,2023-05-28,2024-12-31,False
E006150,4,Sales,Data Analyst,1745264.1,2016-09-19,2024-12-31,False
E006151,3,Human Resources,Product Manager,533108.03,2021-10-22,2024-12-31,False
E006152,6,Operations,Senior Software Engineer,608518.66,2011-03-21,2024-12-31,False
E006153,3,Human Resources,Project Manager,1352411.35,2023-07-29,2024-12-31,False
E006154,6,Operations,Project Manager,2218339.04,2022-05-16,2024-12-31,False
E006155,1,Engineering,Product Manager,1827380.06,2023-09-28,2024-12-31,False
E006156,6,Operations,Data Analyst,1211998.53,2020-01-17,2024-12-31,False
E006157,2,Finance,Business Analyst,1481018.06,2022-07-01,2024-12-31,False
E006158,2,Finance,Financial Analyst,1078850.76,2021-03-24,2024-12-31,False
E006159,6,Operations,Business Analyst,1293646.13,2024-02-22,2024-12-31,False
E006160,5,Marketing,Business Analyst,1311108.62,2024-06-01,2024-12-31,False
E006161,5,Marketing,Financial Analyst,499082.07,2020-03-16,2024-12-31,False
E006162,6,Operations,Project Manager,633838.34,2023-05-02,2024-12-31,False
E006163,1,Engineering,Data Scientist,1281042.3,2022-01-04,2024-12-31,False
E006164,4,Sales,Data Scientist,565550.82,2024-06-01,2024-12-31,False
E006165,3,Human Resources,HR Specialist,1854014.04,2022-04-07,2024-12-31,False
E006166,1,Engineering,Sales Executive,1439060.25,2021-09-07,2024-12-31,False
E006167,6,Operations,Data Scientist,2372858.43,2024-06-01,2024-12-31,False
E006168,1,Engineering,Senior Software Engineer,1035399.05,2010-12-27,2024-12-31,False
E006169,4,Sales,Business Analyst,1789391.8,2020-05-01,2024-12-31,False
E006170,4,Sales,Business Analyst,1044152.94,2024-06-01,2024-12-31,False
E006171,3,Human Resources,Data Scientist,911183.33,2015-07-22,2024-12-31,False
E006172,5,Marketing,HR Specialist,1666282.16,2022-11-17,2024-12-31,False
E006173,4,Sales,Data Scientist,1187279.8,2017-04-08,2024-12-31,False
E006174,5,Marketing,Software Engineer,706727.67,2022-04-08,2024-12-31,False
E006175,4,Sales,Product Manager,877816.26,2023-01-04,2024-12-31,False
E006176,5,Marketing,Senior Software Engineer,1145676.34,2020-10-23,2024-12-31,False
E006177,4,Sales,Sales Executive,1135910.12,2004-05-16,2024-12-31,False
E006178,4,Sales,Senior Software Engineer,1143931.26,2019-05-07,2024-12-31,False
E006179,2,Finance,Product Manager,1719539.91,2023-08-25,2024-12-31,False
E006180,4,Sales,Sales Executive,1700894.55,2023-03-20,2024-12-31,False
E006181,5,Marketing,Data Analyst,697044.18,2017-10-25,2024-12-31,False
E006182,3,Human Resources,Operations Analyst,369401.09,2023-12-19,2024-12-31,False
E006183,1,Engineering,Sales Executive,2048221.7,2024-06-01,2024-12-31,False
E006184,4,Sales,Project Manager,2030058.45,2013-10-10,2024-12-31,False
E006185,6,Operations,Data Scientist,317264.2,2022-12-27,2024-12-31,False
E006186,6,Operations,Business Analyst,504085.57,2024-01-16,2024-12-31,False
E006187,6,Operations,Software Engineer,904731.67,2023-06-18,2024-12-31,False
E006188,6,Operations,Product Manager,916652.55,2021-04-18,2024-12-31,False
E006189,5,Marketing,Product Manager,1610575.19,2022-05-26,2024-12-31,False
E006190,5,Marketing,Product Manager,522402.71,2022-07-30,2024-12-31,False
E006191,4,Sales,HR Specialist,1922248.12,2020-07-18,2024-12-31,False
E006192,4,Sales,Sales Executive,1867179.43,2024-06-01,2024-12-31,False
E006193,6,Operations,Senior Software Engineer,1339770.09,2024-06-01,2024-12-31,False
E006194,1,Engineering,Senior Software Engineer,1163743.43,2019-06-11,2024-12-31,False
E006195,4,Sales,Marketing Specialist,337854.96,2024-02-08,2024-12-31,False
E006196,6,Operations,Software Engineer,707594.37,2021-09-22,2024-12-31,False
E006197,3,Human Resources,Sales Executive,1021684.27,2019-11-08,2024-12-31,False
E006198,4,Sales,Data Analyst,271551.39,2018-01-19,2024-12-31,False
E006199,3,Human Resources,HR Specialist,1396824.17,2024-06-01,2024-12-31,False
E006200,2,Finance,Project Manager,1178699.62,2019-11-23,2024-12-31,False
E006201,4,Sales,HR Specialist,1038263.45,2005-05-24,2024-12-31,False
E006202,6,Operations,Data Scientist,1331139.16,2020-05-07,2024-12-31,False
E006203,5,Marketing,Financial Analyst,724767.55,2021-02-11,2024-12-31,False
E006204,2,Finance,Project Manager,844909.96,2015-07-23,2024-12-31,False
E006205,2,Finance,Operations Analyst,282334.74,2015-08-26,2024-12-31,False
E006206,4,Sales,HR Specialist,1415366.27,2004-03-05,2024-12-31,False
E006207,1,Engineering,Senior Software Engineer,1115839.15,2015-05-11,2024-12-31,False
E006208,5,Marketing,Senior Software Engineer,1212605.94,2015-10-01,2024-12-31,False
E006209,3,Human Resources,Data Scientist,1627599.29,2021-06-26,2024-12-31,False
E006210,4,Sales,Marketing Specialist,2168674.54,2004-09-14,2024-12-31,False
E006211,1,Engineering,HR Specialist,1369870.65,2019-12-08,2024-12-31,False
E006212,6,Operations,Marketing Specialist,1610120.05,2020-08-21,2024-12-31,False
E006213,6,Operations,Data Analyst,879072.3,2016-05-15,2024-12-31,False
E006214,1,Engineering,Product Manager,1384431.72,2023-06-22,2024-12-31,False
E006215,6,Operations,Senior Software Engineer,1295716.59,2022-07-29,2024-12-31,False
E006216,4,Sales,Operations Analyst,511156.91,2019-11-04,2024-12-31,False
E006217,4,Sales,Marketing Specialist,1521435.65,2024-06-01,2024-12-31,False
E006218,2,Finance,Product Manager,2040435.85,2024-06-01,2024-12-31,False
E006219,1,Engineering,Marketing Specialist,1077324.41,2024-06-01,2024-12-31,False
E006220,6,Operations,Data Analyst,1843580.63,2021-07-24,2024-12-31,False
E006221,3,Human Resources,Data Scientist,1915709.39,2008-06-09,2024-12-31,False
E006222,5,Marketing,Project Manager,261718.33,2020-01-31,2024-12-31,False
E006223,6,Operations,Senior Software Engineer,1189915.98,2023-06-12,2024-12-31,False
E006224,6,Operations,Project Manager,1354286.09,2019-11-16,2024-12-31,False
E006225,4,Sales,Business Analyst,746397.9,2020-03-31,2024-12-31,False
E006226,4,Sales,Software Engineer,1042573.56,2019-08-03,2024-12-31,False
E006227,5,Marketing,Product Manager,622613.57,2020-12-19,2024-12-31,False
E006228,1,Engineering,Software Engineer,657595.78,2017-12-25,2024-12-31,False
E006229,5,Marketing,Product Manager,271728.43,2023-08-24,2024-12-31,False
E006230,6,Operations,Project Manager,2145237.71,2010-05-25,2024-12-31,False
E006231,2,Finance,HR Specialist,955178.79,2022-03-23,2024-12-31,False
E006232,3,Human Resources,Financial Analyst,2223363.09,2016-10-17,2024-12-31,False
E006233,2,Finance,Product Manager,1158793.85,2023-06-15,2024-12-31,False
E006234,5,Marketing,HR Specialist,1890479.11,2024-03-04,2024-12-31,False
E006235,4,Sales,Marketing Specialist,526225.09,2016-04-05,2024-12-31,False
E006236,6,Operations,Financial Analyst,1910109.43,2019-05-30,2024-12-31,False
E006237,4,Sales,Project Manager,1709382.21,2023-10-07,2024-12-31,False
E006238,4,Sales,Sales Executive,1461518.62,2022-09-26,2024-12-31,False
E006239,3,Human Resources,Project Manager,2059394.22,2023-11-17,2024-12-31,False
E006240,4,Sales,Senior Software Engineer,1482584.04,2022-01-10,2024-12-31,False
E006241,4,Sales,HR Specialist,1659243.48,2021-11-11,2024-12-31,False
E006242,1,Engineering,Data Scientist,1664201.24,2020-04-10,2024-12-31,False
E006243,4,Sales,Data Analyst,1100827.73,2014-07-20,2024-12-31,False
E006244,4,Sales,Financial Analyst,561712.75,2010-01-19,2024-12-31,False
E006245,5,Marketing,Senior Software Engineer,826286.0,2018-08-17,2024-12-31,False
E006246,1,Engineering,Project Manager,459463.21,2024-06-01,2024-12-31,False
E006247,4,Sales,Business Analyst,2102715.47,2021-07-25,2024-12-31,False
E006248,2,Finance,Financial Analyst,827704.09,2016-08-05,2024-12-31,False
E006249,2,Finance,Financial Analyst,649392.69,2024-06-01,2024-12-31,False
E006250,1,Engineering,Marketing Specialist,1085606.31,2023-06-09,2024-12-31,False
E006251,3,Human Resources,Data Scientist,1662969.11,2008-03-20,2024-12-31,False
E006252,4,Sales,Sales Executive,643391.98,2020-10-04,2024-12-31,False
E006253,2,Finance,Senior Software Engineer,1970899.97,2020-02-16,2024-12-31,False
E006254,3,Human Resources,Data Analyst,441753.24,2024-06-01,2024-12-31,False
E006255,6,Operations,Business Analyst,321344.58,2010-09-28,2024-12-31,False
E006256,3,Human Resources,Software Engineer,1977746.29,2020-11-07,2024-12-31,False
E006257,3,Human Resources,Sales Executive,1981257.06,2022-02-17,2024-12-31,False
E006258,3,Human Resources,Data Analyst,1465386.43,2014-09-29,2024-12-31,False
E006259,2,Finance,HR Specialist,471326.65,2003-12-25,2024-12-31,False
E006260,5,Marketing,Data Scientist,2047315.1,2024-04-10,2024-12-31,False
E006261,1,Engineering,HR Specialist,441798.79,2023-04-19,2024-12-31,False
E006262,6,Operations,Data Scientist,1968479.53,2022-09-16,2024-12-31,False
E006263,3,Human Resources,Operations Analyst,529550.73,2024-06-01,2024-12-31,False
E006264,1,Engineering,Product Manager,287949.11,2022-01-30,2024-12-31,False
E006265,6,Operations,Business Analyst,1276265.89,2020-06-09,2024-12-31,False
E006266,5,Marketing,Business Analyst,395814.35,2024-06-01,2024-12-31,False
E006267,6,Operations,Business Analyst,1685493.52,2014-02-09,2024-12-31,False
E006268,2,Finance,Software Engineer,2145871.67,2024-04-16,2024-12-31,False
E006269,2,Finance,Data Analyst,1288981.07,2024-06-01,2024-12-31,False
E006270,1,Engineering,Product Manager,1029237.67,2023-12-15,2024-12-31,False
E006271,6,Operations,Product Manager,1475648.45,2023-04-04,2024-12-31,False
E006272,5,Marketing,Financial Analyst,986211.29,2024-06-01,2024-12-31,False
E006273,2,Finance,Operations Analyst,1023251.68,2018-12-30,2024-12-31,False
E006274,4,Sales,Marketing Specialist,2291365.23,2023-07-05,2024-12-31,False
E006275,2,Finance,Data Scientist,1136697.15,2022-07-20,2024-12-31,False
E006276,1,Engineering,Operations Analyst,854923.59,2023-04-03,2024-12-31,False
E006277,3,Human Resources,HR Specialist,396726.27,2024-03-07,2024-12-31,False
E006278,1,Engineering,Business Analyst,523130.31,2020-06-21,2024-12-31,False
E006279,5,Marketing,Sales Executive,984334.28,2024-06-01,2024-12-31,False
E006280,5,Marketing,HR Specialist,455890.71,2015-04-26,2024-12-31,False
E006281,2,Finance,Software Engineer,1588048.72,2023-10-08,2024-12-31,False
E006282,3,Human Resources,Project Manager,1416618.69,2018-07-04,2024-12-31,False
E006283,1,Engineering,Financial Analyst,2046558.82,2020-06-07,2024-12-31,False
E006284,2,Finance,Financial Analyst,1376997.81,2023-02-11,2024-12-31,False
E006285,2,Finance,Product Manager,1612262.75,2021-11-21,2024-12-31,False
E006286,3,Human Resources,Software Engineer,444478.29,2023-10-05,2024-12-31,False
E006287,1,Engineering,Operations Analyst,1913367.11,2020-12-12,2024-12-31,False
E006288,1,Engineering,HR Specialist,470072.38,2021-11-09,2024-12-31,False
E006289,3,Human Resources,Product Manager,1411382.67,2023-08-21,2024-12-31,False
E006290,4,Sales,Software Engineer,956040.69,2020-11-27,2024-12-31,False
E006291,6,Operations,Project Manager,1081743.71,2024-02-07,2024-12-31,False
E006292,2,Finance,Operations Analyst,592688.7,2023-12-18,2024-12-31,False
E006293,2,Finance,Data Scientist,1295318.81,2014-05-22,2024-12-31,False
E006294,6,Operations,Business Analyst,906767.82,2023-07-13,2024-12-31,False
E006295,2,Finance,Sales Executive,1525297.37,2018-05-04,2024-12-31,False
E006296,2,Finance,Data Analyst,897140.9,2021-06-25,2024-12-31,False
E006297,4,Sales,HR Specialist,848369.55,2023-10-12,2024-12-31,False
E006298,1,Engineering,HR Specialist,1797658.69,2024-06-01,2024-12-31,False
E006299,4,Sales,Data Scientist,336525.47,2022-04-02,2024-12-31,False
E006300,2,Finance,Financial Analyst,1107938.87,2023-08-24,2024-12-31,False
E006301,3,Human Resources,HR Specialist,305414.14,2005-12-24,2024-12-31,False
E006302,4,Sales,Financial Analyst,2305748.04,2024-06-01,2024-12-31,False
E006303,4,Sales,Data Analyst,2135596.59,2022-02-09,2024-12-31,False
E006304,6,Operations,Product Manager,1958792.7,2018-10-12,2024-12-31,False
E006305,4,Sales,Operations Analyst,2382030.28,2020-12-27,2024-12-31,False
E006306,3,Human Resources,Marketing Specialist,854254.46,2023-06-27,2024-12-31,False
E006307,1,Engineering,Data Analyst,1230307.81,2024-06-01,2024-12-31,False
E006308,2,Finance,Senior Software Engineer,867097.87,2020-06-28,2024-12-31,False
E006309,2,Finance,Software Engineer,2281974.28,2022-03-25,2024-12-31,False
E006310,4,Sales,Senior Software Engineer,1613556.38,2021-04-22,2024-12-31,False
E006311,2,Finance,Business Analyst,1114158.05,2023-05-25,2024-12-31,False
E006312,5,Marketing,Project Manager,439177.26,2023-11-23,2024-12-31,False
E006313,5,Marketing,Sales Executive,2061390.17,2008-12-12,2024-12-31,False
E006314,2,Finance,Data Scientist,777068.92,2024-06-01,2024-12-31,False
E006315,4,Sales,Financial Analyst,401647.74,2024-02-19,2024-12-31,False
E006316,2,Finance,HR Specialist,1476136.33,2022-08-14,2024-12-31,False
E006317,2,Finance,Software Engineer,733571.47,2021-11-09,2024-12-31,False
E006318,5,Marketing,Data Analyst,2087036.43,2021-08-18,2024-12-31,False
E006319,4,Sales,Financial Analyst,735096.41,2021-11-02,2024-12-31,False
E006320,4,Sales,Data Analyst,1797485.43,2022-04-26,2024-12-31,False
E006321,6,Operations,HR Specialist,927588.08,2020-05-18,2024-12-31,False
E006322,6,Operations,Financial Analyst,950578.43,2011-02-14,2024-12-31,False
E006323,2,Finance,Operations Analyst,1379167.67,2024-01-07,2024-12-31,False
E006324,2,Finance,HR Specialist,2167150.32,2024-06-01,2024-12-31,False
E006325,4,Sales,Sales Executive,1263516.84,2015-03-15,2024-12-31,False
E006326,6,Operations,Data Analyst,2208802.29,2020-03-07,2024-12-31,False
E006327,5,Marketing,Data Scientist,1862904.16,2023-02-02,2024-12-31,False
E006328,2,Finance,Software Engineer,1126763.91,2019-10-30,2024-12-31,False
E006329,6,Operations,Marketing Specialist,748991.88,2018-05-17,2024-12-31,False
E006330,1,Engineering,Sales Executive,1239191.62,2017-09-14,2024-12-31,False
E006331,4,Sales,Product Manager,1120313.19,2019-06-29,2024-12-31,False
E006332,3,Human Resources,Senior Software Engineer,1424714.91,2023-11-14,2024-12-31,False
E006333,2,Finance,Senior Software Engineer,877283.14,2007-06-13,2024-12-31,False
E006334,6,Operations,Product Manager,1133984.45,2023-06-22,2024-12-31,False
E006335,2,Finance,Business Analyst,809085.88,2010-07-27,2024-12-31,False
E006336,4,Sales,Software Engineer,1224954.2,2023-01-06,2024-12-31,False
E006337,2,Finance,Financial Analyst,1557864.12,2018-11-23,2024-12-31,False
E006338,6,Operations,Project Manager,729892.28,2019-08-14,2024-12-31,False
E006339,2,Finance,Data Scientist,836026.98,2018-11-25,2024-12-31,False
E006340,5,Marketing,Data Analyst,256672.38,2007-04-29,2024-12-31,False
E006341,2,Finance,Sales Executive,1941639.15,2018-08-16,2024-12-31,False
E006342,5,Marketing,Marketing Specialist,1453005.41,2015-11-17,2024-12-31,False
E006343,2,Finance,Data Scientist,1889024.49,2016-05-25,2024-12-31,False
E006344,4,Sales,Business Analyst,425173.58,2017-10-01,2024-12-31,False
E006345,1,Engineering,Project Manager,681202.35,2022-11-17,2024-12-31,False
E006346,1,Engineering,Product Manager,647267.33,2017-02-04,2024-12-31,False
E006347,5,Marketing,Marketing Specialist,336823.43,2014-05-27,2024-12-31,False
E006348,1,Engineering,Software Engineer,1723664.48,2016-07-14,2024-12-31,False
E006349,1,Engineering,Marketing Specialist,532534.61,2021-09-14,2024-12-31,False
E006350,3,Human Resources,Operations Analyst,486307.78,2007-08-02,2024-12-31,False
E006351,4,Sales,Sales Executive,1704889.81,2023-03-20,2024-12-31,False
E006352,1,Engineering,Financial Analyst,770442.66,2024-06-01,2024-12-31,False
E006353,5,Marketing,Senior Software Engineer,629159.61,2022-03-11,2024-12-31,False
E006354,3,Human Resources,Marketing Specialist,719341.91,2009-07-21,2024-12-31,False
E006355,1,Engineering,Business Analyst,1569864.39,2021-02-20,2024-12-31,False
E006356,3,Human Resources,Data Scientist,636560.83,2022-06-15,2024-12-31,False
E006357,5,Marketing,Financial Analyst,327349.95,2023-07-02,2024-12-31,False
E006358,6,Operations,Data Scientist,2176663.19,2022-03-10,2024-12-31,False
E006359,3,Human Resources,Operations Analyst,1655071.81,2020-06-03,2024-12-31,False
E006360,4,Sales,Software Engineer,2051555.88,2023-07-31,2024-12-31,False
E006361,1,Engineering,Software Engineer,1480126.38,2024-02-29,2024-12-31,False
E006362,3,Human Resources,Marketing Specialist,636650.22,2024-06-01,2024-12-31,False
E006363,2,Finance,Operations Analyst,2129710.37,2023-06-22,2024-12-31,False
E006364,2,Finance,HR Specialist,505776.83,2010-06-07,2024-12-31,False
E006365,5,Marketing,Marketing Specialist,916936.22,2008-05-12,2024-12-31,False
E006366,5,Marketing,Project Manager,1580132.37,2021-06-17,2024-12-31,False
E006367,2,Finance,Software Engineer,516341.82,2022-09-14,2024-12-31,False
E006368,4,Sales,Product Manager,2167636.93,2020-12-22,2024-12-31,False
E006369,5,Marketing,HR Specialist,1500439.59,2023-01-26,2024-12-31,False
E006370,2,Finance,Product Manager,495303.56,2023-06-17,2024-12-31,False
E006371,5,Marketing,Business Analyst,1614777.18,2019-09-29,2024-12-31,False
E006372,4,Sales,Marketing Specialist,2297684.04,2023-06-24,2024-12-31,False
E006373,1,Engineering,Operations Analyst,1140124.46,2022-06-13,2024-12-31,False
E006374,4,Sales,HR Specialist,1397677.48,2021-02-24,2024-12-31,False
E006375,5,Marketing,Senior Software Engineer,727155.63,2018-04-20,2024-12-31,False
E006376,5,Marketing,Business Analyst,1921635.3,2024-06-01,2024-12-31,False
E006377,4,Sales,Data Analyst,2193254.1,2005-09-13,2024-12-31,False
E006378,5,Marketing,Financial Analyst,960555.99,2024-06-01,2024-12-31,False
E006379,6,Operations,Financial Analyst,1204488.74,2015-07-18,2024-12-31,False
E006380,1,Engineering,Financial Analyst,1164771.68,2020-11-05,2024-12-31,False
E006381,2,Finance,Product Manager,1546852.75,2023-02-10,2024-12-31,False
E006382,3,Human Resources,Operations Analyst,396077.27,2021-06-20,2024-12-31,False
E006383,3,Human Resources,Sales Executive,1349894.77,2020-04-20,2024-12-31,False
E006384,4,Sales,Data Analyst,1844251.83,2013-10-03,2024-12-31,False
E006385,6,Operations,Operations Analyst,1718000.67,2022-06-15,2024-12-31,False
E006386,1,Engineering,Marketing Specialist,1156060.99,2023-04-18,2024-12-31,False
E006387,6,Operations,Senior Software Engineer,1998071.64,2016-07-19,2024-12-31,False
E006388,2,Finance,Financial Analyst,1855100.65,2024-02-18,2024-12-31,False
E006389,2,Finance,HR Specialist,1640632.27,2009-07-24,2024-12-31,False
E006390,3,Human Resources,Project Manager,1368362.0,2008-03-22,2024-12-31,False
E006391,5,Marketing,Data Analyst,1907317.05,2023-11-20,2024-12-31,False
E006392,6,Operations,Project Manager,271303.1,2023-02-26,2024-12-31,False
E006393,5,Marketing,Business Analyst,1913821.48,2020-10-14,2024-12-31,False
E006394,6,Operations,Product Manager,1377358.19,2017-01-07,2024-12-31,False
E006395,4,Sales,Senior Software Engineer,654602.81,2020-04-19,2024-12-31,False
E006396,1,Engineering,Operations Analyst,2209753.49,2023-06-30,2024-12-31,False
E006397,1,Engineering,Marketing Specialist,579779.61,2021-07-10,2024-12-31,False
E006398,2,Finance,Data Scientist,1613829.9,2010-09-15,2024-12-31,False
E006399,5,Marketing,Marketing Specialist,517925.47,2020-12-29,2024-12-31,False
E006400,2,Finance,Business Analyst,684322.83,2021-03-02,2024-12-31,False
E006401,4,Sales,Senior Software Engineer,357140.17,2022-03-05,2024-12-31,False
E006402,1,Engineering,Financial Analyst,1835961.42,2011-09-22,2024-12-31,False
E006403,1,Engineering,HR Specialist,1971441.04,2006-01-22,2024-12-31,False
E006404,1,Engineering,Software Engineer,381405.52,2017-05-23,2024-12-31,False
E006405,5,Marketing,Product Manager,2136033.95,2015-08-22,2024-12-31,False
E006406,1,Engineering,Business Analyst,1475108.82,2019-12-28,2024-12-31,False
E006407,6,Operations,Data Scientist,344624.91,2014-05-16,2024-12-31,False
E006408,3,Human Resources,HR Specialist,1113458.8,2024-06-01,2024-12-31,False
E006409,6,Operations,Marketing Specialist,1797852.51,2022-01-02,2024-12-31,False
E006410,2,Finance,Project Manager,828978.85,2016-01-23,2024-12-31,False
E006411,5,Marketing,Business Analyst,1132119.31,2021-03-01,2024-12-31,False
E006412,4,Sales,Project Manager,1609840.95,2017-01-04,2024-12-31,False
E006413,4,Sales,Operations Analyst,1905958.59,2014-06-17,2024-12-31,False
E006414,4,Sales,Data Scientist,1292125.75,2024-06-01,2024-12-31,False
E006415,4,Sales,Data Scientist,368284.55,2024-06-01,2024-12-31,False
E006416,2,Finance,Operations Analyst,1756226.68,2024-06-01,2024-12-31,False
E006417,2,Finance,Senior Software Engineer,2299997.02,2020-11-12,2024-12-31,False
E006418,1,Engineering,Sales Executive,466451.77,2023-01-26,2024-12-31,False
E006419,2,Finance,Product Manager,1391187.75,2006-11-28,2024-12-31,False
E006420,2,Finance,Data Scientist,587826.09,2022-08-23,2024-12-31,False
E006421,1,Engineering,Business Analyst,1655281.2,2024-03-16,2024-12-31,False
E006422,4,Sales,Data Analyst,1333873.18,2024-06-01,2024-12-31,False
E006423,3,Human Resources,Data Analyst,1103891.95,2023-08-15,2024-12-31,False
E006424,2,Finance,Financial Analyst,1902090.48,2023-04-24,2024-12-31,False
E006425,4,Sales,Software Engineer,2075422.8,2023-06-08,2024-12-31,False
E006426,3,Human Resources,HR Specialist,1865981.85,2024-04-26,2024-12-31,False
E006427,6,Operations,Project Manager,1410974.33,2021-07-22,2024-12-31,False
E006428,2,Finance,HR Specialist,1799319.82,2024-04-25,2024-12-31,False
E006429,1,Engineering,Software Engineer,935874.89,2023-11-23,2024-12-31,False
E006430,5,Marketing,Product Manager,2147937.42,2010-11-19,2024-12-31,False
E006431,4,Sales,HR Specialist,739055.04,2015-01-30,2024-12-31,False
E006432,4,Sales,Senior Software Engineer,2219512.94,2014-05-20,2024-12-31,False
E006433,4,Sales,HR Specialist,524031.36,2021-02-16,2024-12-31,False
E006434,6,Operations,Data Scientist,2159247.3,2024-06-01,2024-12-31,False
E006435,2,Finance,HR Specialist,837833.6,2021-08-30,2024-12-31,False
E006436,5,Marketing,Product Manager,1251384.24,2008-06-10,2024-12-31,False
E006437,6,Operations,Software Engineer,1163761.62,2024-06-01,2024-12-31,False
E006438,3,Human Resources,Software Engineer,671949.38,2018-09-24,2024-12-31,False
E006439,1,Engineering,HR Specialist,377057.62,2016-06-25,2024-12-31,False
E006440,4,Sales,HR Specialist,1997275.56,2024-06-01,2024-12-31,False
E006441,5,Marketing,Sales Executive,2117518.19,2020-10-30,2024-12-31,False
E006442,6,Operations,Data Scientist,2065935.5,2022-11-05,2024-12-31,False
E006443,5,Marketing,Sales Executive,1387049.23,2023-04-09,2024-12-31,False
E006444,2,Finance,Business Analyst,701734.02,2012-03-21,2024-12-31,False
E006445,3,Human Resources,Business Analyst,1265272.37,2017-04-07,2024-12-31,False
E006446,4,Sales,Operations Analyst,2047095.04,2012-06-26,2024-12-31,False
E006447,1,Engineering,Data Analyst,884961.26,2023-06-26,2024-12-31,False
E006448,3,Human Resources,Sales Executive,625145.38,2022-08-21,2024-12-31,False
E006449,5,Marketing,Financial Analyst,2068184.43,2018-01-10,2024-12-31,False
E006450,5,Marketing,Financial Analyst,906876.17,2009-07-16,2024-12-31,False
E006451,3,Human Resources,Marketing Specialist,2225370.96,2008-11-15,2024-12-31,False
E006452,3,Human Resources,Senior Software Engineer,599448.51,2024-03-14,2024-12-31,False
E006453,1,Engineering,Data Analyst,1873789.74,2011-04-16,2024-12-31,False
E006454,2,Finance,Data Scientist,1510204.45,2014-12-05,2024-12-31,False
E006455,6,Operations,Data Scientist,343842.92,2023-03-29,2024-12-31,False
E006456,5,Marketing,Sales Executive,2118806.85,2007-06-25,2024-12-31,False
E006457,5,Marketing,Sales Executive,1027090.92,2022-07-21,2024-12-31,False
E006458,2,Finance,Financial Analyst,1624293.68,2021-12-25,2024-12-31,False
E006459,3,Human Resources,Data Analyst,1144989.0,2011-03-12,2024-12-31,False
E006460,4,Sales,Software Engineer,1333221.43,2016-09-15,2024-12-31,False
E006461,6,Operations,Financial Analyst,1162630.68,2014-09-16,2024-12-31,False
E006462,6,Operations,Project Manager,1263987.66,2020-03-04,2024-12-31,False
E006463,1,Engineering,Business Analyst,828717.6,2018-03-05,2024-12-31,False
E006464,1,Engineering,Data Analyst,1257701.69,2024-06-01,2024-12-31,False
E006465,5,Marketing,Product Manager,909270.43,2014-11-03,2024-12-31,False
E006466,1,Engineering,Project Manager,1842794.25,2022-01-13,2024-12-31,False
E006467,3,Human Resources,Senior Software Engineer,275974.03,2021-10-09,2024-12-31,False
E006468,6,Operations,Software Engineer,723896.24,2024-06-01,2024-12-31,False
E006469,2,Finance,Data Analyst,1287411.13,2024-04-16,2024-12-31,False
E006470,1,Engineering,Senior Software Engineer,1716733.7,2024-06-01,2024-12-31,False
E006471,4,Sales,Product Manager,763474.48,2024-03-25,2024-12-31,False
E006472,3,Human Resources,Data Analyst,556241.35,2024-06-01,2024-12-31,False
E006473,2,Finance,Product Manager,1670669.36,2016-05-27,2024-12-31,False
E006474,3,Human Resources,Data Scientist,2233178.46,2021-11-09,2024-12-31,False
E006475,4,Sales,Marketing Specialist,1813358.02,2022-10-03,2024-12-31,False
E006476,6,Operations,HR Specialist,888812.92,2020-09-29,2024-12-31,False
E006477,1,Engineering,Senior Software Engineer,1755666.92,2002-12-18,2024-12-31,False
E006478,6,Operations,Senior Software Engineer,2000923.39,2020-02-05,2024-12-31,False
E006479,4,Sales,Senior Software Engineer,816686.41,2017-06-16,2024-12-31,False
E006480,2,Finance,Marketing Specialist,2211254.99,2015-08-16,2024-12-31,False
E006481,5,Marketing,Business Analyst,1036763.7,2023-05-27,2024-12-31,False
E006482,6,Operations,Marketing Specialist,901374.37,2022-10-02,2024-12-31,False
E006483,5,Marketing,Software Engineer,347228.31,2006-11-21,2024-12-31,False
E006484,2,Finance,Data Analyst,1979913.92,2021-03-17,2024-12-31,False
E006485,2,Finance,Operations Analyst,1827586.88,2018-02-19,2024-12-31,False
E006486,4,Sales,Data Scientist,1243404.1,2018-03-26,2024-12-31,False
E006487,5,Marketing,Data Analyst,1256256.1,2020-11-06,2024-12-31,False
E006488,6,Operations,Data Analyst,2045964.38,2024-06-01,2024-12-31,False
E006489,3,Human Resources,Software Engineer,687873.88,2013-10-20,2024-12-31,False
E006490,3,Human Resources,Business Analyst,1005940.31,2022-03-07,2024-12-31,False
E006491,2,Finance,Business Analyst,811958.4,2022-07-22,2024-12-31,False
E006492,4,Sales,Marketing Specialist,1259281.12,2001-10-08,2024-12-31,False
E006493,5,Marketing,Operations Analyst,2043194.36,2024-04-05,2024-12-31,False
E006494,1,Engineering,Sales Executive,1209007.48,2008-09-30,2024-12-31,False
E006495,5,Marketing,HR Specialist,1817882.47,2024-04-16,2024-12-31,False
E006496,6,Operations,Senior Software Engineer,433387.61,2002-07-05,2024-12-31,False
E006497,1,Engineering,Senior Software Engineer,994388.61,2020-09-23,2024-12-31,False
E006498,4,Sales,Financial Analyst,663274.91,2019-10-21,2024-12-31,False
E006499,1,Engineering,HR Specialist,751814.96,2019-06-11,2024-12-31,False
E006500,6,Operations,Senior Software Engineer,1393470.33,2018-01-05,2024-12-31,False
E006501,3,Human Resources,HR Specialist,1309734.24,2008-04-26,2024-12-31,False
E006502,1,Engineering,Software Engineer,1680797.83,2018-10-27,2024-12-31,False
E006503,5,Marketing,Project Manager,1020745.13,2021-09-20,2024-12-31,False
E006504,6,Operations,Marketing Specialist,2054525.24,2023-08-15,2024-12-31,False
E006505,4,Sales,Data Analyst,923239.0,2016-06-19,2024-12-31,False
E006506,4,Sales,Operations Analyst,288364.28,2019-01-15,2024-12-31,False
E006507,5,Marketing,Business Analyst,1452454.14,2014-07-31,2024-12-31,False
E006508,4,Sales,Data Analyst,1810245.16,2024-01-23,2024-12-31,False
E006509,5,Marketing,Senior Software Engineer,2221240.7,2018-07-19,2024-12-31,False
E006510,5,Marketing,HR Specialist,1999306.46,2023-02-18,2024-12-31,False
E006511,3,Human Resources,Sales Executive,647607.38,2015-04-21,2024-12-31,False
E006512,4,Sales,Marketing Specialist,1036749.52,2018-04-25,2024-12-31,False
E006513,3,Human Resources,Operations Analyst,976896.91,2024-06-01,2024-12-31,False
E006514,3,Human Resources,HR Specialist,768955.01,2024-06-01,2024-12-31,False
E006515,5,Marketing,Marketing Specialist,449453.04,2015-12-16,2024-12-31,False
E006516,6,Operations,Operations Analyst,818360.71,2024-03-30,2024-12-31,False
E006517,5,Marketing,Financial Analyst,2154685.0,2022-11-03,2024-12-31,False
E006518,1,Engineering,Project Manager,1310060.19,2020-10-22,2024-12-31,False
E006519,6,Operations,Project Manager,1573815.47,2021-08-10,2024-12-31,False
E006520,1,Engineering,Product Manager,859732.11,2019-10-23,2024-12-31,False
E006521,4,Sales,Data Analyst,846550.91,2022-09-28,2024-12-31,False
E006522,6,Operations,Financial Analyst,522191.89,2005-10-20,2024-12-31,False
E006523,1,Engineering,Financial Analyst,1186616.46,2024-04-06,2024-12-31,False
E006524,3,Human Resources,Project Manager,1825314.51,2018-07-06,2024-12-31,False
E006525,4,Sales,Business Analyst,354249.27,2023-05-02,2024-12-31,False
E006526,1,Engineering,Operations Analyst,1694675.32,2017-04-08,2024-12-31,False
E006527,5,Marketing,Data Analyst,1695950.4,2004-04-08,2024-12-31,False
E006528,4,Sales,Financial Analyst,1259146.52,2021-10-28,2024-12-31,False
E006529,3,Human Resources,Data Scientist,1276230.34,2008-03-25,2024-12-31,False
E006530,3,Human Resources,Data Analyst,709384.16,2023-10-16,2024-12-31,False
E006531,4,Sales,Data Analyst,1713109.58,2014-12-11,2024-12-31,False
E006532,2,Finance,Software Engineer,1467296.26,2019-04-20,2024-12-31,False
E006533,5,Marketing,Operations Analyst,1999867.68,2022-04-15,2024-12-31,False
E006534,6,Operations,Software Engineer,865647.3,2021-11-15,2024-12-31,False
E006535,6,Operations,Marketing Specialist,2058488.67,2023-05-28,2024-12-31,False
E006536,1,Engineering,Project Manager,427228.78,2024-06-01,2024-12-31,False
E006537,6,Operations,Sales Executive,802037.14,2021-08-04,2024-12-31,False
E006538,1,Engineering,Product Manager,506649.78,2022-10-25,2024-12-31,False
E006539,3,Human Resources,Senior Software Engineer,1222321.74,2020-02-18,2024-12-31,False
E006540,5,Marketing,Operations Analyst,1610253.96,2018-01-23,2024-12-31,False
E006541,4,Sales,Marketing Specialist,1805376.86,2017-10-29,2024-12-31,False
E006542,5,Marketing,Product Manager,266604.78,2021-01-01,2024-12-31,False
E006543,3,Human Resources,Financial Analyst,1009938.45,2023-06-27,2024-12-31,False
E006544,6,Operations,Software Engineer,343455.35,2020-12-08,2024-12-31,False
E006545,4,Sales,Senior Software Engineer,943536.97,2022-12-14,2024-12-31,False
E006546,3,Human Resources,Business Analyst,1041197.85,2010-10-16,2024-12-31,False
E006547,6,Operations,Business Analyst,2325392.78,2023-06-25,2024-12-31,False
E006548,4,Sales,Senior Software Engineer,1375925.96,2016-09-17,2024-12-31,False
E006549,2,Finance,Senior Software Engineer,365310.65,2024-06-01,2024-12-31,False
E006550,6,Operations,Financial Analyst,357973.37,2023-07-01,2024-12-31,False
E006551,2,Finance,Operations Analyst,1048261.08,2021-04-16,2024-12-31,False
E006552,5,Marketing,Data Analyst,1275406.41,2022-03-23,2024-12-31,False
E006553,1,Engineering,Project Manager,1459659.89,2013-01-10,2024-12-31,False
E006554,6,Operations,Business Analyst,1904474.87,2014-04-30,2024-12-31,False
E006555,5,Marketing,Marketing Specialist,1756971.88,2024-06-01,2024-12-31,False
E006556,4,Sales,Operations Analyst,1270814.93,2021-07-09,2024-12-31,False
E006557,6,Operations,Financial Analyst,632121.24,2021-12-05,2024-12-31,False
E006558,3,Human Resources,Operations Analyst,2051264.07,2019-11-12,2024-12-31,False
E006559,2,Finance,Product Manager,519973.51,2020-01-25,2024-12-31,False
E006560,3,Human Resources,Operations Analyst,1775399.81,2022-08-22,2024-12-31,False
E006561,1,Engineering,Project Manager,2022652.0,2013-01-22,2024-12-31,False
E006562,4,Sales,Sales Executive,1015516.26,2023-10-04,2024-12-31,False
E006563,1,Engineering,Business Analyst,1385552.58,2022-09-16,2024-12-31,False
E006564,1,Engineering,Financial Analyst,1311775.05,2024-06-01,2024-12-31,False
E006565,6,Operations,Financial Analyst,781303.09,2009-09-01,2024-12-31,False
E006566,3,Human Resources,Business Analyst,1660720.65,2023-03-06,2024-12-31,False
E006567,4,Sales,Project Manager,1106513.87,2016-06-08,2024-12-31,False
E006568,4,Sales,Sales Executive,1702699.07,2023-04-28,2024-12-31,False
E006569,1,Engineering,Sales Executive,2049598.04,2017-02-12,2024-12-31,False
E006570,3,Human Resources,Software Engineer,1107013.98,2012-07-07,2024-12-31,False
E006571,3,Human Resources,Data Analyst,1775542.34,2024-06-01,2024-12-31,False
E006572,5,Marketing,Financial Analyst,1690270.01,2022-05-08,2024-12-31,False
E006573,1,Engineering,Project Manager,1115795.48,2009-06-06,2024-12-31,False
E006574,4,Sales,Data Scientist,1798699.8,2020-02-08,2024-12-31,False
E006575,3,Human Resources,Marketing Specialist,1974244.44,2022-07-07,2024-12-31,False
E006576,6,Operations,Project Manager,2207689.42,2018-03-07,2024-12-31,False
E006577,6,Operations,Product Manager,1864828.23,2024-06-01,2024-12-31,False
E006578,3,Human Resources,Software Engineer,912253.44,2019-04-11,2024-12-31,False
E006579,3,Human Resources,Sales Executive,408460.97,2014-01-09,2024-12-31,False
E006580,4,Sales,Senior Software Engineer,1342487.7,2011-01-31,2024-12-31,False
E006581,4,Sales,Data Analyst,2119710.37,2003-10-04,2024-12-31,False
E006582,1,Engineering,Software Engineer,524017.28,2020-12-02,2024-12-31,False
E006583,6,Operations,Marketing Specialist,379417.59,2022-08-19,2024-12-31,False
E006584,4,Sales,Financial Analyst,1007148.46,2023-01-01,2024-12-31,False
E006585,6,Operations,Operations Analyst,1771502.18,2016-05-28,2024-12-31,False
E006586,2,Finance,Product Manager,2049131.9,2024-06-01,2024-12-31,False
E006587,5,Marketing,Data Analyst,1544476.32,2022-09-22,2024-12-31,False
E006588,4,Sales,Sales Executive,2261620.37,2019-06-07,2024-12-31,False
E006589,4,Sales,Software Engineer,2252530.61,2018-02-20,2024-12-31,False
E006590,6,Operations,Product Manager,688537.13,2024-06-01,2024-12-31,False
E006591,3,Human Resources,Data Scientist,408991.26,2021-01-31,2024-12-31,False
E006592,1,Engineering,Product Manager,573021.51,2019-06-21,2024-12-31,False
E006593,5,Marketing,Software Engineer,1571141.48,2023-10-12,2024-12-31,False
E006594,6,Operations,Marketing Specialist,1303260.58,2021-12-01,2024-12-31,False
E006595,3,Human Resources,Data Analyst,1817650.07,2024-01-25,2024-12-31,False
E006596,2,Finance,Data Analyst,646862.37,2024-06-01,2024-12-31,False
E006597,2,Finance,Project Manager,1347337.42,2020-05-26,2024-12-31,False
E006598,1,Engineering,Marketing Specialist,1747181.99,2020-08-31,2024-12-31,False
E006599,4,Sales,Operations Analyst,1393528.77,2020-09-23,2024-12-31,False
E006600,2,Finance,Operations Analyst,1639575.54,2022-05-21,2024-12-31,False
E006601,2,Finance,Operations Analyst,2294159.58,2024-01-06,2024-12-31,False
E006602,4,Sales,Marketing Specialist,2035579.79,2020-06-06,2024-12-31,False
E006603,3,Human Resources,Software Engineer,1004214.31,2016-12-19,2024-12-31,False
E006604,1,Engineering,Sales Executive,754185.52,2024-06-01,2024-12-31,False
E006605,4,Sales,Project Manager,1960960.53,2024-03-13,2024-12-31,False
E006606,4,Sales,Data Scientist,593200.19,2023-02-11,2024-12-31,False
E006607,2,Finance,Operations Analyst,1113470.89,2021-02-05,2024-12-31,False
E006608,3,Human Resources,Marketing Specialist,1802834.27,2024-02-26,2024-12-31,False
E006609,5,Marketing,Operations Analyst,1071466.49,2006-03-06,2024-12-31,False
E006610,3,Human Resources,Product Manager,455818.2,2024-06-01,2024-12-31,False
E006611,1,Engineering,Data Scientist,1942488.3,2023-05-13,2024-12-31,False
E006612,1,Engineering,Sales Executive,331890.02,2023-01-05,2024-12-31,False
E006613,4,Sales,Sales Executive,792679.81,2021-03-02,2024-12-31,False
E006614,2,Finance,Data Scientist,1560043.61,2021-12-11,2024-12-31,False
E006615,3,Human Resources,Software Engineer,2189166.08,2023-03-12,2024-12-31,False
E006616,2,Finance,Business Analyst,2030139.14,2011-08-26,2024-12-31,False
E006617,2,Finance,Project Manager,2030369.14,2023-06-30,2024-12-31,False
E006618,2,Finance,Project Manager,1749987.98,2023-02-03,2024-12-31,False
E006619,4,Sales,Project Manager,1172483.4,2023-08-28,2024-12-31,False
E006620,4,Sales,Business Analyst,1837728.36,2022-10-27,2024-12-31,False
E006621,6,Operations,Senior Software Engineer,629096.74,2021-06-18,2024-12-31,False
E006622,4,Sales,HR Specialist,1445039.27,2024-05-06,2024-12-31,False
E006623,2,Finance,Financial Analyst,415469.37,2022-11-27,2024-12-31,False
E006624,6,Operations,Project Manager,1162403.76,2012-10-18,2024-12-31,False
E006625,5,Marketing,Data Scientist,2232071.1,2024-06-01,2024-12-31,False
E006626,1,Engineering,HR Specialist,909486.67,2011-09-23,2024-12-31,False
E006627,5,Marketing,Sales Executive,2105606.65,2017-04-23,2024-12-31,False
E006628,2,Finance,Project Manager,1254934.91,2024-06-01,2024-12-31,False
E006629,6,Operations,Senior Software Engineer,568221.1,2021-10-10,2024-12-31,False
E006630,2,Finance,Product Manager,1580344.93,2021-07-23,2024-12-31,False
E006631,6,Operations,Product Manager,1349065.84,2022-01-03,2024-12-31,False
E006632,5,Marketing,Product Manager,2089778.08,2022-02-26,2024-12-31,False
E006633,2,Finance,Product Manager,1698290.38,2017-01-07,2024-12-31,False
E006634,2,Finance,Data Scientist,1745729.61,2023-12-13,2024-12-31,False
E006635,3,Human Resources,Financial Analyst,1855960.97,2024-01-30,2024-12-31,False
E006636,4,Sales,Financial Analyst,1925309.13,2010-12-08,2024-12-31,False
E006637,6,Operations,Operations Analyst,2219755.9,2024-06-01,2024-12-31,False
E006638,3,Human Resources,Data Analyst,1276406.88,2021-11-19,2024-12-31,False
E006639,2,Finance,Senior Software Engineer,879975.05,2024-06-01,2024-12-31,False
E006640,5,Marketing,Senior Software Engineer,1328415.59,2014-01-03,2024-12-31,False
E006641,3,Human Resources,Senior Software Engineer,1415307.59,2023-01-03,2024-12-31,False
E006642,2,Finance,Business Analyst,2148695.84,2022-06-25,2024-12-31,False
E006643,1,Engineering,Software Engineer,2116071.77,2024-06-01,2024-12-31,False
E006644,6,Operations,Senior Software Engineer,1514619.01,2019-11-01,2024-12-31,False
E006645,6,Operations,Marketing Specialist,1546428.5,2023-03-11,2024-12-31,False
E006646,6,Operations,Marketing Specialist,341905.47,2011-06-20,2024-12-31,False
E006647,5,Marketing,Product Manager,2092032.28,2017-09-11,2024-12-31,False
E006648,6,Operations,Product Manager,1597951.63,2024-01-12,2024-12-31,False
E006649,2,Finance,Senior Software Engineer,290100.02,2018-04-27,2024-12-31,False
E006650,1,Engineering,Project Manager,1273738.99,2008-07-23,2024-12-31,False
E006651,6,Operations,Data Scientist,1665179.9,2019-01-26,2024-12-31,False
E006652,6,Operations,HR Specialist,1005514.06,2021-01-22,2024-12-31,False
E006653,3,Human Resources,Senior Software Engineer,885032.37,2024-06-01,2024-12-31,False
E006654,2,Finance,HR Specialist,699907.75,2023-11-15,2024-12-31,False
E006655,3,Human Resources,Product Manager,955060.67,2007-03-03,2024-12-31,False
E006656,2,Finance,Software Engineer,647997.13,2024-02-29,2024-12-31,False
E006657,1,Engineering,Data Scientist,1742887.82,2016-04-26,2024-12-31,False
E006658,3,Human Resources,Financial Analyst,1547125.36,2024-04-25,2024-12-31,False
E006659,1,Engineering,Sales Executive,883289.43,2024-06-01,2024-12-31,False
E006660,5,Marketing,Operations Analyst,1082966.28,2022-08-05,2024-12-31,False
E006661,4,Sales,Project Manager,2076256.26,2016-03-29,2024-12-31,False
E006662,4,Sales,Senior Software Engineer,2188313.17,2024-06-01,2024-12-31,False
E006663,1,Engineering,Project Manager,1848437.5,2018-06-13,2024-12-31,False
E006664,2,Finance,Software Engineer,1542226.47,2023-11-24,2024-12-31,False
E006665,2,Finance,Product Manager,489224.21,2023-05-14,2024-12-31,False
E006666,2,Finance,Data Scientist,1964906.15,2024-03-07,2024-12-31,False
E006667,2,Finance,Senior Software Engineer,1014941.95,2015-07-28,2024-12-31,False
E006668,1,Engineering,Product Manager,727302.81,2014-07-29,2024-12-31,False
E006669,4,Sales,Business Analyst,987751.17,2016-09-10,2024-12-31,False
E006670,6,Operations,Senior Software Engineer,1838206.04,2021-12-12,2024-12-31,False
E006671,5,Marketing,Data Scientist,2070415.72,2008-09-25,2024-12-31,False
E006672,2,Finance,Data Analyst,2359861.76,2024-01-12,2024-12-31,False
E006673,1,Engineering,Sales Executive,2151945.62,2024-06-01,2024-12-31,False
E006674,6,Operations,Operations Analyst,2101524.21,2018-06-11,2024-12-31,False
E006675,2,Finance,Operations Analyst,1183683.39,2017-10-28,2024-12-31,False
E006676,4,Sales,Data Analyst,403747.56,2016-07-31,2024-12-31,False
E006677,5,Marketing,Data Scientist,738680.64,2023-09-07,2024-12-31,False
E006678,3,Human Resources,Data Scientist,1321226.95,2009-01-02,2024-12-31,False
E006679,1,Engineering,Business Analyst,335457.76,2024-06-01,2024-12-31,False
E006680,5,Marketing,Data Scientist,2030333.21,2020-12-21,2024-12-31,False
E006681,2,Finance,Software Engineer,1163773.38,2023-06-09,2024-12-31,False
E006682,5,Marketing,Operations Analyst,1676012.59,2017-02-22,2024-12-31,False
E006683,1,Engineering,HR Specialist,1998265.34,2017-03-24,2024-12-31,False
E006684,1,Engineering,Project Manager,485007.28,2023-08-29,2024-12-31,False
E006685,2,Finance,Business Analyst,1898443.88,2023-05-25,2024-12-31,False
E006686,4,Sales,Financial Analyst,583255.21,2017-11-11,2024-12-31,False
E006687,2,Finance,Product Manager,449070.57,2024-06-01,2024-12-31,False
E006688,1,Engineering,Financial Analyst,661907.93,2023-05-13,2024-12-31,False
E006689,2,Finance,Financial Analyst,317071.17,2024-04-30,2024-12-31,False
E006690,2,Finance,Data Analyst,2057803.55,2023-10-08,2024-12-31,False
E006691,4,Sales,Data Analyst,931528.02,2024-06-01,2024-12-31,False
E006692,1,Engineering,HR Specialist,520259.21,2020-10-14,2024-12-31,False
E006693,3,Human Resources,Data Analyst,540202.47,2023-12-16,2024-12-31,False
E006694,5,Marketing,Senior Software Engineer,375040.66,2021-11-30,2024-12-31,False
E006695,3,Human Resources,Data Analyst,362595.73,2012-09-21,2024-12-31,False
E006696,4,Sales,Sales Executive,1540714.69,2012-01-05,2024-12-31,False
E006697,3,Human Resources,Financial Analyst,1667039.95,2019-05-22,2024-12-31,False
E006698,6,Operations,Senior Software Engineer,791619.15,2012-05-03,2024-12-31,False
E006699,2,Finance,Sales Executive,1317843.17,2020-04-10,2024-12-31,False
E006700,6,Operations,Marketing Specialist,1425340.43,2019-01-19,2024-12-31,False
E006701,5,Marketing,HR Specialist,1388853.13,2022-11-14,2024-12-31,False
E006702,3,Human Resources,Senior Software Engineer,1725172.7,2019-01-03,2024-12-31,False
E006703,5,Marketing,Data Analyst,1094159.15,2017-01-20,2024-12-31,False
E006704,1,Engineering,HR Specialist,1811670.25,2019-08-18,2024-12-31,False
E006705,3,Human Resources,Data Analyst,951154.5,2017-08-19,2024-12-31,False
E006706,5,Marketing,Senior Software Engineer,607904.62,2024-06-01,2024-12-31,False
E006707,5,Marketing,Business Analyst,1568430.79,2024-06-01,2024-12-31,False
E006708,3,Human Resources,Financial Analyst,302919.9,2020-05-06,2024-12-31,False
E006709,3,Human Resources,Software Engineer,1547680.4,2020-11-19,2024-12-31,False
E006710,6,Operations,Sales Executive,1579807.32,2020-09-29,2024-12-31,False
E006711,5,Marketing,Marketing Specialist,463705.55,2003-10-10,2024-12-31,False
E006712,5,Marketing,Marketing Specialist,1972631.41,2024-03-18,2024-12-31,False
E006713,1,Engineering,Software Engineer,2038946.78,2024-06-01,2024-12-31,False
E006714,5,Marketing,Data Scientist,1305571.42,2015-12-02,2024-12-31,False
E006715,3,Human Resources,Product Manager,856483.03,2007-11-16,2024-12-31,False
E006716,3,Human Resources,Marketing Specialist,1135822.01,2005-02-05,2024-12-31,False
E006717,2,Finance,Product Manager,1347422.2,2023-01-09,2024-12-31,False
E006718,1,Engineering,Data Scientist,2065712.66,2020-08-22,2024-12-31,False
E006719,2,Finance,Data Analyst,1042267.21,2024-06-01,2024-12-31,False
E006720,1,Engineering,Financial Analyst,686827.44,2024-06-01,2024-12-31,False
E006721,1,Engineering,Senior Software Engineer,1172307.99,2016-03-06,2024-12-31,False
E006722,2,Finance,Business Analyst,1531381.79,2021-12-22,2024-12-31,False
E006723,1,Engineering,Operations Analyst,1718535.33,2009-02-20,2024-12-31,False
E006724,6,Operations,Senior Software Engineer,673355.05,2022-08-28,2024-12-31,False
E006725,2,Finance,Marketing Specialist,1032884.39,2021-10-14,2024-12-31,False
E006726,6,Operations,Software Engineer,706545.28,2023-08-20,2024-12-31,False
E006727,4,Sales,Marketing Specialist,975767.2,2024-06-01,2024-12-31,False
E006728,2,Finance,Financial Analyst,640230.56,2020-06-18,2024-12-31,False
E006729,4,Sales,Software Engineer,1427985.46,2024-06-01,2024-12-31,False
E006730,2,Finance,Business Analyst,2300141.33,2024-05-09,2024-12-31,False
E006731,3,Human Resources,Sales Executive,1936493.2,2006-10-21,2024-12-31,False
E006732,6,Operations,Sales Executive,335710.85,2020-10-19,2024-12-31,False
E006733,2,Finance,Software Engineer,2026584.15,2018-04-29,2024-12-31,False
E006734,3,Human Resources,Project Manager,1726437.7,2017-04-30,2024-12-31,False
E006735,5,Marketing,HR Specialist,1829024.57,2019-11-17,2024-12-31,False
E006736,1,Engineering,Data Analyst,1274363.47,2023-05-21,2024-12-31,False
E006737,4,Sales,Data Analyst,500272.5,2018-12-18,2024-12-31,False
E006738,3,Human Resources,Financial Analyst,1410738.5,2021-08-18,2024-12-31,False
E006739,3,Human Resources,Product Manager,1594844.41,2024-06-01,2024-12-31,False
E006740,2,Finance,Senior Software Engineer,1042365.08,2024-03-15,2024-12-31,False
E006741,6,Operations,Senior Software Engineer,786192.29,2006-11-12,2024-12-31,False
E006742,4,Sales,Marketing Specialist,1787726.74,2024-02-24,2024-12-31,False
E006743,4,Sales,Project Manager,1969052.3,2023-08-23,2024-12-31,False
E006744,5,Marketing,Operations Analyst,534383.21,2021-12-17,2024-12-31,False
E006745,4,Sales,Software Engineer,1523090.95,2016-03-18,2024-12-31,False
E006746,1,Engineering,Project Manager,702382.07,2019-08-10,2024-12-31,False
E006747,1,Engineering,Data Analyst,748184.92,2021-10-20,2024-12-31,False
E006748,4,Sales,Business Analyst,985243.12,2008-06-23,2024-12-31,False
E006749,2,Finance,Senior Software Engineer,1165918.25,2023-08-27,2024-12-31,False
E006750,6,Operations,Financial Analyst,267526.56,2024-06-01,2024-12-31,False
E006751,5,Marketing,Senior Software Engineer,742707.74,2018-09-17,2024-12-31,False
E006752,3,Human Resources,HR Specialist,1605729.91,2020-05-01,2024-12-31,False
E006753,4,Sales,Business Analyst,1204791.69,2023-01-01,2024-12-31,False
E006754,4,Sales,Software Engineer,1052597.62,2020-08-29,2024-12-31,False
E006755,3,Human Resources,Project Manager,606172.0,2021-08-30,2024-12-31,False
E006756,2,Finance,Product Manager,1466724.81,2008-11-01,2024-12-31,False
E006757,1,Engineering,Senior Software Engineer,543478.2,2024-01-21,2024-12-31,False
E006758,2,Finance,Data Analyst,1767414.29,2022-03-18,2024-12-31,False
E006759,4,Sales,Data Analyst,626974.13,2016-12-16,2024-12-31,False
E006760,6,Operations,Senior Software Engineer,1664315.29,2021-01-24,2024-12-31,False
E006761,1,Engineering,Business Analyst,682346.38,2021-06-11,2024-12-31,False
E006762,1,Engineering,Marketing Specialist,1960085.37,2013-12-09,2024-12-31,False
E006763,4,Sales,Project Manager,812646.25,2023-09-22,2024-12-31,False
E006764,2,Finance,Project Manager,1538718.09,2022-09-18,2024-12-31,False
E006765,1,Engineering,Data Scientist,1070974.17,2021-10-25,2024-12-31,False
E006766,6,Operations,HR Specialist,1512608.0,2014-09-06,2024-12-31,False
E006767,3,Human Resources,Software Engineer,2075916.96,2023-12-31,2024-12-31,False
E006768,2,Finance,Sales Executive,1697868.72,2009-10-12,2024-12-31,False
E006769,1,Engineering,HR Specialist,709263.93,2018-08-01,2024-12-31,False
E006770,6,Operations,HR Specialist,876148.65,2020-09-20,2024-12-31,False
E006771,4,Sales,Project Manager,1525861.61,2023-05-24,2024-12-31,False
E006772,3,Human Resources,Data Scientist,560177.03,2022-09-15,2024-12-31,False
E006773,2,Finance,Data Scientist,414476.94,2021-06-14,2024-12-31,False
E006774,6,Operations,Business Analyst,1015653.68,2024-06-01,2024-12-31,False
E006775,5,Marketing,Operations Analyst,2112212.64,2017-05-16,2024-12-31,False
E006776,4,Sales,Financial Analyst,1423352.9,2007-03-26,2024-12-31,False
E006777,5,Marketing,Financial Analyst,315371.33,2012-07-23,2024-12-31,False
E006778,5,Marketing,Business Analyst,2268140.69,2022-11-30,2024-12-31,False
E006779,5,Marketing,Business Analyst,1740129.73,2007-02-16,2024-12-31,False
E006780,5,Marketing,Financial Analyst,1994306.99,2024-03-27,2024-12-31,False
E006781,6,Operations,Business Analyst,1218815.68,2024-06-01,2024-12-31,False
E006782,2,Finance,Financial Analyst,1224739.03,2018-11-14,2024-12-31,False
E006783,3,Human Resources,Data Analyst,468381.03,2022-03-18,2024-12-31,False
E006784,2,Finance,Software Engineer,1450155.19,2022-08-25,2024-12-31,False
E006785,2,Finance,Sales Executive,308604.93,2023-02-02,2024-12-31,False
E006786,6,Operations,Operations Analyst,514579.16,2024-03-23,2024-12-31,False
E006787,1,Engineering,Marketing Specialist,1892312.35,2006-07-16,2024-12-31,False
E006788,1,Engineering,Data Scientist,821182.21,2020-09-04,2024-12-31,False
E006789,5,Marketing,Software Engineer,2165389.12,2013-06-23,2024-12-31,False
E006790,4,Sales,Business Analyst,1785815.73,2022-01-26,2024-12-31,False
E006791,2,Finance,Business Analyst,990561.75,2004-08-27,2024-12-31,False
E006792,5,Marketing,Operations Analyst,1591450.71,2012-07-24,2024-12-31,False
E006793,3,Human Resources,Project Manager,2159107.58,2020-12-18,2024-12-31,False
E006794,5,Marketing,Financial Analyst,820906.95,2015-09-20,2024-12-31,False
E006795,1,Engineering,Software Engineer,1413362.54,2024-06-01,2024-12-31,False
E006796,4,Sales,Software Engineer,1923832.11,2020-03-19,2024-12-31,False
E006797,3,Human Resources,Data Scientist,901274.52,2023-11-06,2024-12-31,False
E006798,5,Marketing,Senior Software Engineer,721691.93,2020-04-05,2024-12-31,False
E006799,1,Engineering,Senior Software Engineer,362096.72,2019-03-23,2024-12-31,False
E006800,6,Operations,Senior Software Engineer,1361971.11,2023-01-31,2024-12-31,False
E006801,2,Finance,Data Scientist,2189783.14,2024-03-04,2024-12-31,False
E006802,3,Human Resources,Senior Software Engineer,1220199.91,2023-04-10,2024-12-31,False
E006803,3,Human Resources,Software Engineer,786929.42,2019-10-19,2024-12-31,False
E006804,2,Finance,Senior Software Engineer,1233274.86,2021-04-14,2024-12-31,False
E006805,1,Engineering,Product Manager,650944.88,2012-09-26,2024-12-31,False
E006806,1,Engineering,Financial Analyst,1948597.61,2024-06-01,2024-12-31,False
E006807,4,Sales,Business Analyst,627418.52,2017-01-06,2024-12-31,False
E006808,5,Marketing,Data Scientist,505835.95,2024-03-14,2024-12-31,False
E006809,1,Engineering,Software Engineer,1343497.5,2023-09-13,2024-12-31,False
E006810,1,Engineering,Product Manager,2025596.04,2016-10-29,2024-12-31,False
E006811,2,Finance,Sales Executive,1989190.72,2014-10-24,2024-12-31,False
E006812,1,Engineering,Product Manager,1411021.41,2023-06-13,2024-12-31,False
E006813,4,Sales,Project Manager,633031.38,2022-06-19,2024-12-31,False
E006814,5,Marketing,Business Analyst,1444645.92,2002-06-04,2024-12-31,False
E006815,4,Sales,Sales Executive,1464129.09,2018-05-01,2024-12-31,False
E006816,3,Human Resources,Marketing Specialist,1623186.42,2024-06-01,2024-12-31,False
E006817,4,Sales,Data Scientist,1239184.27,2024-06-01,2024-12-31,False
E006818,2,Finance,Software Engineer,1718148.07,2022-10-12,2024-12-31,False
E006819,5,Marketing,Senior Software Engineer,793503.13,2004-10-30,2024-12-31,False
E006820,5,Marketing,Data Analyst,782516.66,2021-04-04,2024-12-31,False
E006821,3,Human Resources,Product Manager,358114.04,2019-06-18,2024-12-31,False
E006822,3,Human Resources,Data Scientist,1913303.18,2016-10-08,2024-12-31,False
E006823,4,Sales,Marketing Specialist,860915.56,2021-07-11,2024-12-31,False
E006824,2,Finance,Senior Software Engineer,1063386.25,2024-03-05,2024-12-31,False
E006825,6,Operations,Data Analyst,964496.63,2006-08-05,2024-12-31,False
E006826,1,Engineering,Financial Analyst,1738634.34,2016-02-23,2024-12-31,False
E006827,6,Operations,Operations Analyst,1493781.37,2024-03-11,2024-12-31,False
E006828,3,Human Resources,Data Analyst,1008621.95,2021-12-24,2024-12-31,False
E006829,5,Marketing,Data Analyst,1875311.09,2015-03-19,2024-12-31,False
E006830,4,Sales,Financial Analyst,1768563.76,2024-05-03,2024-12-31,False
E006831,3,Human Resources,Senior Software Engineer,1599210.51,2021-09-12,2024-12-31,False
E006832,5,Marketing,Data Scientist,1224466.67,2023-12-16,2024-12-31,False
E006833,1,Engineering,Business Analyst,1229705.28,2023-07-24,2024-12-31,False
E006834,3,Human Resources,Product Manager,2054663.78,2013-11-04,2024-12-31,False
E006835,5,Marketing,Senior Software Engineer,1688692.37,2022-07-02,2024-12-31,False
E006836,1,Engineering,Data Scientist,1312354.78,2008-12-02,2024-12-31,False
E006837,2,Finance,Data Analyst,2153909.59,2024-06-01,2024-12-31,False
E006838,2,Finance,Software Engineer,2115812.81,2015-06-23,2024-12-31,False
E006839,3,Human Resources,Operations Analyst,961359.11,2024-06-01,2024-12-31,False
E006840,5,Marketing,Software Engineer,875570.28,2012-05-23,2024-12-31,False
E006841,3,Human Resources,Data Analyst,1360320.72,2023-05-16,2024-12-31,False
E006842,5,Marketing,Financial Analyst,1757075.91,2015-02-06,2024-12-31,False
E006843,3,Human Resources,Operations Analyst,1329696.1,2015-05-27,2024-12-31,False
E006844,2,Finance,Data Analyst,2021245.91,2018-06-02,2024-12-31,False
E006845,6,Operations,Project Manager,2130402.95,2023-01-23,2024-12-31,False
E006846,1,Engineering,Product Manager,1532700.41,2024-01-16,2024-12-31,False
E006847,3,Human Resources,Business Analyst,1778510.45,2024-06-01,2024-12-31,False
E006848,2,Finance,Marketing Specialist,527101.62,2020-04-01,2024-12-31,False
E006849,1,Engineering,Financial Analyst,882006.51,2018-05-16,2024-12-31,False
E006850,1,Engineering,Financial Analyst,795440.27,2023-07-10,2024-12-31,False
E006851,4,Sales,HR Specialist,2174692.63,2004-11-21,2024-12-31,False
E006852,3,Human Resources,Operations Analyst,447953.24,2016-11-12,2024-12-31,False
E006853,2,Finance,Project Manager,539726.9,2015-09-07,2024-12-31,False
E006854,5,Marketing,Sales Executive,1785196.08,2015-02-01,2024-12-31,False
E006855,3,Human Resources,Business Analyst,766375.23,2024-03-25,2024-12-31,False
E006856,5,Marketing,Project Manager,846011.81,2023-08-26,2024-12-31,False
E006857,5,Marketing,Data Analyst,1386373.85,2022-09-18,2024-12-31,False
E006858,1,Engineering,HR Specialist,1540741.56,2022-02-05,2024-12-31,False
E006859,4,Sales,Marketing Specialist,1158579.67,2024-06-01,2024-12-31,False
E006860,1,Engineering,Product Manager,1499282.16,2023-01-18,2024-12-31,False
E006861,6,Operations,Business Analyst,2304757.58,2013-09-28,2024-12-31,False
E006862,4,Sales,Software Engineer,1916181.49,2004-08-01,2024-12-31,False
E006863,1,Engineering,Project Manager,2084684.42,2024-06-01,2024-12-31,False
E006864,5,Marketing,Sales Executive,862105.54,2023-02-25,2024-12-31,False
E006865,1,Engineering,Senior Software Engineer,1100446.18,2009-07-22,2024-12-31,False
E006866,3,Human Resources,Data Scientist,2245981.56,2024-06-01,2024-12-31,False
E006867,3,Human Resources,Business Analyst,1443398.07,2024-05-02,2024-12-31,False
E006868,2,Finance,Sales Executive,1253887.52,2022-09-07,2024-12-31,False
E006869,4,Sales,Project Manager,1794882.36,2024-06-01,2024-12-31,False
E006870,4,Sales,Data Scientist,399497.15,2018-02-06,2024-12-31,False
E006871,1,Engineering,Data Analyst,392277.78,2008-04-24,2024-12-31,False
E006872,6,Operations,Sales Executive,391379.83,2017-03-29,2024-12-31,False
E006873,4,Sales,Sales Executive,1044694.75,2024-04-08,2024-12-31,False
E006874,1,Engineering,Product Manager,591305.98,2023-03-31,2024-12-31,False
E006875,2,Finance,HR Specialist,1178470.05,2022-09-12,2024-12-31,False
E006876,4,Sales,Marketing Specialist,2006827.59,2021-10-05,2024-12-31,False
E006877,3,Human Resources,Software Engineer,1453582.48,2019-02-16,2024-12-31,False
E006878,5,Marketing,Marketing Specialist,1997555.86,2024-06-01,2024-12-31,False
E006879,5,Marketing,HR Specialist,391346.98,2024-05-29,2024-12-31,False
E006880,1,Engineering,Product Manager,1316698.51,2020-04-17,2024-12-31,False
E006881,4,Sales,Marketing Specialist,1388197.44,2022-01-22,2024-12-31,False
E006882,6,Operations,Sales Executive,1229028.01,2021-12-19,2024-12-31,False
E006883,6,Operations,HR Specialist,2265701.84,2024-06-01,2024-12-31,False
E006884,2,Finance,Business Analyst,1160174.35,2019-04-30,2024-12-31,False
E006885,4,Sales,Project Manager,2183837.1,2009-02-28,2024-12-31,False
E006886,4,Sales,Product Manager,1582273.96,2024-06-01,2024-12-31,False
E006887,4,Sales,Software Engineer,1114319.78,2022-07-05,2024-12-31,False
E006888,3,Human Resources,Data Scientist,964404.33,2011-12-17,2024-12-31,False
E006889,3,Human Resources,Data Scientist,1526664.65,2016-12-30,2024-12-31,False
E006890,3,Human Resources,HR Specialist,449390.35,2024-02-27,2024-12-31,False
E006891,3,Human Resources,Data Scientist,1282795.21,2022-11-04,2024-12-31,False
E006892,5,Marketing,Project Manager,1555048.64,2015-03-08,2024-12-31,False
E006893,3,Human Resources,Data Scientist,2232754.48,2022-08-18,2024-12-31,False
E006894,1,Engineering,Product Manager,1640107.87,2021-03-06,2024-12-31,False
E006895,6,Operations,Product Manager,622169.44,2024-05-12,2024-12-31,False
E006896,3,Human Resources,Senior Software Engineer,1157872.27,2024-04-05,2024-12-31,False
E006897,3,Human Resources,Marketing Specialist,1332543.47,2024-06-01,2024-12-31,False
E006898,1,Engineering,Business Analyst,535128.64,2023-05-11,2024-12-31,False
E006899,5,Marketing,Operations Analyst,1430484.03,2023-04-07,2024-12-31,False
E006900,3,Human Resources,Marketing Specialist,1947104.31,2022-08-02,2024-12-31,False
E006901,5,Marketing,Senior Software Engineer,1117195.35,2019-09-28,2024-12-31,False
E006902,2,Finance,Data Scientist,301430.9,2020-02-03,2024-12-31,False
E006903,6,Operations,Data Analyst,1876384.62,2016-11-29,2024-12-31,False
E006904,3,Human Resources,Business Analyst,280639.26,2023-08-07,2024-12-31,False
E006905,3,Human Resources,Marketing Specialist,1818592.49,2024-06-01,2024-12-31,False
E006906,5,Marketing,Operations Analyst,321762.54,2023-05-30,2024-12-31,False
E006907,6,Operations,Sales Executive,930412.42,2023-01-31,2024-12-31,False
E006908,4,Sales,Data Analyst,1005714.6,2021-11-17,2024-12-31,False
E006909,3,Human Resources,Business Analyst,1168559.78,2019-04-06,2024-12-31,False
E006910,2,Finance,Product Manager,1393242.74,2018-10-28,2024-12-31,False
E006911,3,Human Resources,Software Engineer,1682709.0,2024-06-01,2024-12-31,False
E006912,2,Finance,Product Manager,1060256.8,2023-01-10,2024-12-31,False
E006913,2,Finance,Senior Software Engineer,815480.96,2018-06-15,2024-12-31,False
E006914,2,Finance,Senior Software Engineer,2093882.47,2022-03-25,2024-12-31,False
E006915,2,Finance,Data Scientist,1341826.59,2016-05-11,2024-12-31,False
E006916,6,Operations,Marketing Specialist,278237.24,2017-09-24,2024-12-31,False
E006917,2,Finance,Software Engineer,1993236.78,2022-10-29,2024-12-31,False
E006918,4,Sales,Senior Software Engineer,2060473.12,2016-08-03,2024-12-31,False
E006919,5,Marketing,Operations Analyst,2359082.32,2024-06-01,2024-12-31,False
E006920,4,Sales,Business Analyst,930770.98,2020-09-06,2024-12-31,False
E006921,3,Human Resources,HR Specialist,1218986.29,2012-07-09,2024-12-31,False
E006922,2,Finance,Project Manager,773231.85,2007-11-09,2024-12-31,False
E006923,2,Finance,Data Scientist,331695.15,2010-11-12,2024-12-31,False
E006924,4,Sales,Sales Executive,2148686.63,2019-03-14,2024-12-31,False
E006925,5,Marketing,HR Specialist,2352152.86,2016-03-18,2024-12-31,False
E006926,6,Operations,Data Analyst,909298.37,2023-05-17,2024-12-31,False
E006927,5,Marketing,Sales Executive,747320.81,2024-05-18,2024-12-31,False
E006928,5,Marketing,Project Manager,709638.21,2011-08-22,2024-12-31,False
E006929,6,Operations,HR Specialist,445230.41,2023-03-06,2024-12-31,False
E006930,1,Engineering,Sales Executive,2180983.98,2011-09-15,2024-12-31,False
E006931,5,Marketing,Product Manager,2095446.94,2008-12-13,2024-12-31,False
E006932,2,Finance,Data Analyst,1232263.48,2015-08-12,2024-12-31,False
E006933,5,Marketing,Senior Software Engineer,285987.07,2022-12-21,2024-12-31,False
E006934,1,Engineering,Software Engineer,1446969.55,2024-06-01,2024-12-31,False
E006935,4,Sales,Marketing Specialist,1927174.23,2024-06-01,2024-12-31,False
E006936,2,Finance,Senior Software Engineer,897677.74,2002-03-31,2024-12-31,False
E006937,4,Sales,Software Engineer,1906581.63,2024-06-01,2024-12-31,False
E006938,2,Finance,Project Manager,368106.94,2015-01-24,2024-12-31,False
E006939,5,Marketing,Financial Analyst,1938797.87,2022-12-29,2024-12-31,False
E006940,2,Finance,Data Analyst,1385250.86,2023-10-08,2024-12-31,False
E006941,5,Marketing,Business Analyst,1450606.92,2022-09-19,2024-12-31,False
E006942,1,Engineering,Project Manager,1733636.54,2011-01-30,2024-12-31,False
E006943,2,Finance,HR Specialist,744491.56,2024-03-02,2024-12-31,False
E006944,5,Marketing,Data Analyst,1911211.52,2013-02-15,2024-12-31,False
E006945,2,Finance,Marketing Specialist,1912678.58,2024-01-15,2024-12-31,False
E006946,6,Operations,Data Scientist,1499030.03,2019-07-08,2024-12-31,False
E006947,2,Finance,Product Manager,962303.32,2024-06-01,2024-12-31,False
E006948,3,Human Resources,Sales Executive,821641.24,2018-02-14,2024-12-31,False
E006949,1,Engineering,Marketing Specialist,2120730.58,2017-07-24,2024-12-31,False
E006950,4,Sales,Marketing Specialist,682028.19,2005-08-05,2024-12-31,False
E006951,2,Finance,Business Analyst,808097.79,2021-12-29,2024-12-31,False
E006952,1,Engineering,Data Analyst,1359983.78,2011-08-12,2024-12-31,False
E006953,2,Finance,HR Specialist,311187.17,2023-11-12,2024-12-31,False
E006954,3,Human Resources,Project Manager,345970.02,2010-02-16,2024-12-31,False
E006955,4,Sales,Financial Analyst,1743487.51,2021-09-30,2024-12-31,False
E006956,4,Sales,Financial Analyst,2226820.54,2023-09-23,2024-12-31,False
E006957,4,Sales,Software Engineer,1195760.32,2023-08-18,2024-12-31,False
E006958,1,Engineering,Sales Executive,632397.22,2021-03-03,2024-12-31,False
E006959,1,Engineering,Sales Executive,1850931.47,2021-12-08,2024-12-31,False
E006960,3,Human Resources,HR Specialist,1168541.04,2016-11-17,2024-12-31,False
E006961,6,Operations,Project Manager,2272893.02,2019-10-04,2024-12-31,False
E006962,6,Operations,Data Scientist,1622067.13,2024-06-01,2024-12-31,False
E006963,4,Sales,Senior Software Engineer,2008496.04,2020-03-21,2024-12-31,False
E006964,5,Marketing,Project Manager,908529.43,2015-08-26,2024-12-31,False
E006965,4,Sales,Marketing Specialist,1740294.71,2020-08-02,2024-12-31,False
E006966,3,Human Resources,Product Manager,1504237.7,2024-06-01,2024-12-31,False
E006967,5,Marketing,Sales Executive,1363680.26,2020-05-02,2024-12-31,False
E006968,5,Marketing,Data Scientist,1368022.04,2000-06-18,2024-12-31,False
E006969,1,Engineering,Sales Executive,465542.02,2016-03-25,2024-12-31,False
E006970,2,Finance,Sales Executive,480916.21,2012-04-29,2024-12-31,False
E006971,3,Human Resources,Data Analyst,2029212.1,2022-08-05,2024-12-31,False
E006972,1,Engineering,Marketing Specialist,2099465.8,2023-08-07,2024-12-31,False
E006973,4,Sales,Data Analyst,1773483.56,2018-01-28,2024-12-31,False
E006974,3,Human Resources,Data Analyst,788637.82,2023-01-13,2024-12-31,False
E006975,6,Operations,Marketing Specialist,1523825.94,2011-06-03,2024-12-31,False
E006976,1,Engineering,Operations Analyst,1420852.45,2018-10-11,2024-12-31,False
E006977,6,Operations,Project Manager,2082590.59,2023-04-11,2024-12-31,False
E006978,5,Marketing,HR Specialist,1277375.61,2019-09-25,2024-12-31,False
E006979,6,Operations,Business Analyst,653467.2,2024-05-13,2024-12-31,False
E006980,5,Marketing,Marketing Specialist,1379342.59,2012-04-27,2024-12-31,False
E006981,2,Finance,Data Scientist,1421304.17,2024-06-01,2024-12-31,False
E006982,3,Human Resources,Sales Executive,2014426.9,2024-03-28,2024-12-31,False
E006983,5,Marketing,Product Manager,935928.02,2023-11-17,2024-12-31,False
E006984,4,Sales,Project Manager,1075231.71,2023-03-18,2024-12-31,False
E006985,6,Operations,Software Engineer,2375101.75,2023-12-12,2024-12-31,False
E006986,4,Sales,Project Manager,1874854.36,2020-06-30,2024-12-31,False
E006987,6,Operations,Operations Analyst,2336093.11,2020-10-20,2024-12-31,False
E006988,5,Marketing,HR Specialist,1952763.89,2022-09-14,2024-12-31,False
E006989,5,Marketing,Financial Analyst,346146.63,2024-06-01,2024-12-31,False
E006990,1,Engineering,Financial Analyst,1925612.26,2008-12-15,2024-12-31,False
E006991,6,Operations,Product Manager,1248786.45,2018-10-18,2024-12-31,False
E006992,2,Finance,Business Analyst,1041213.31,2014-12-26,2024-12-31,False
E006993,5,Marketing,Operations Analyst,432036.71,2012-01-19,2024-12-31,False
E006994,3,Human Resources,Financial Analyst,1704268.23,2022-02-28,2024-12-31,False
E006995,5,Marketing,Business Analyst,1362880.45,2024-06-01,2024-12-31,False
E006996,2,Finance,Marketing Specialist,1897325.48,2024-03-16,2024-12-31,False
E006997,6,Operations,Senior Software Engineer,1377100.01,2023-07-26,2024-12-31,False
E006998,2,Finance,Financial Analyst,960710.92,2023-09-25,2024-12-31,False
E006999,1,Engineering,Business Analyst,915071.73,2023-05-25,2024-12-31,False
E007000,1,Engineering,Data Analyst,1662939.99,2022-07-19,2024-12-31,False
E007001,1,Engineering,Sales Executive,1981048.47,2020-11-14,2024-12-31,False
E007002,2,Finance,Product Manager,887697.01,2024-06-01,2024-12-31,False
E007003,5,Marketing,Data Analyst,1103175.27,2024-06-01,2024-12-31,False
E007004,1,Engineering,Business Analyst,1261239.68,2024-06-01,2024-12-31,False
E007005,1,Engineering,Data Scientist,820561.99,2018-12-19,2024-12-31,False
E007006,3,Human Resources,Business Analyst,1037119.59,2023-10-01,2024-12-31,False
E007007,5,Marketing,Financial Analyst,810455.11,2024-06-01,2024-12-31,False
E007008,2,Finance,Product Manager,1026167.21,2023-10-15,2024-12-31,False
E007009,6,Operations,HR Specialist,530339.47,2001-02-11,2024-12-31,False
E007010,3,Human Resources,Data Scientist,1642043.29,2023-02-17,2024-12-31,False
E007011,5,Marketing,HR Specialist,2007798.38,2006-11-11,2024-12-31,False
E007012,2,Finance,Financial Analyst,863439.42,2023-05-13,2024-12-31,False
E007013,3,Human Resources,Business Analyst,978275.1,2024-03-05,2024-12-31,False
E007014,3,Human Resources,Operations Analyst,1155761.22,2023-08-22,2024-12-31,False
E007015,5,Marketing,Financial Analyst,872748.95,2024-06-01,2024-12-31,False
E007016,1,Engineering,Marketing Specialist,2173235.9,2024-06-01,2024-12-31,False
E007017,3,Human Resources,Data Analyst,267842.05,2016-08-09,2024-12-31,False
E007018,1,Engineering,Financial Analyst,629713.0,2022-10-25,2024-12-31,False
E007019,3,Human Resources,Data Scientist,495786.11,2021-01-07,2024-12-31,False
E007020,3,Human Resources,HR Specialist,730620.31,2015-01-16,2024-12-31,False
E007021,5,Marketing,Data Scientist,1446998.67,2023-07-29,2024-12-31,False
E007022,5,Marketing,Business Analyst,1642579.03,2024-02-01,2024-12-31,False
E007023,5,Marketing,Financial Analyst,1140367.26,2023-08-19,2024-12-31,False
E007024,3,Human Resources,Financial Analyst,1503079.45,2010-10-04,2024-12-31,False
E007025,6,Operations,Business Analyst,1232101.7,2010-02-20,2024-12-31,False
E007026,2,Finance,Marketing Specialist,2313123.05,2022-10-17,2024-12-31,False
E007027,1,Engineering,Marketing Specialist,1462508.17,2017-08-09,2024-12-31,False
E007028,2,Finance,Senior Software Engineer,688082.73,2023-10-23,2024-12-31,False
E007029,1,Engineering,Data Scientist,2187047.11,2023-06-14,2024-12-31,False
E007030,3,Human Resources,Senior Software Engineer,373723.42,2019-02-13,2024-12-31,False
E007031,5,Marketing,Product Manager,973714.97,2022-11-16,2024-12-31,False
E007032,2,Finance,Financial Analyst,2014827.61,2022-08-27,2024-12-31,False
E007033,3,Human Resources,Project Manager,2167102.29,2024-06-01,2024-12-31,False
E007034,4,Sales,Senior Software Engineer,479754.74,2008-08-21,2024-12-31,False
E007035,1,Engineering,Marketing Specialist,1249270.2,2022-04-30,2024-12-31,False
E007036,2,Finance,Data Scientist,1465334.03,2024-04-26,2024-12-31,False
E007037,3,Human Resources,Marketing Specialist,2215427.23,2018-11-11,2024-12-31,False
E007038,2,Finance,Financial Analyst,811334.84,2020-02-18,2024-12-31,False
E007039,3,Human Resources,Marketing Specialist,1374941.66,2022-09-21,2024-12-31,False
E007040,2,Finance,Data Analyst,991045.94,2020-05-26,2024-12-31,False
E007041,5,Marketing,Data Scientist,500293.92,2024-04-04,2024-12-31,False
E007042,2,Finance,Data Scientist,252455.37,2024-02-06,2024-12-31,False
E007043,5,Marketing,Operations Analyst,1451891.0,2017-12-20,2024-12-31,False
E007044,4,Sales,Sales Executive,1762563.03,2023-10-22,2024-12-31,False
E007045,5,Marketing,Data Scientist,668005.72,2024-06-01,2024-12-31,False
E007046,1,Engineering,Data Analyst,1537760.82,2016-09-24,2024-12-31,False
E007047,3,Human Resources,Software Engineer,1190798.61,2015-02-19,2024-12-31,False
E007048,5,Marketing,Data Analyst,1667461.88,2019-11-01,2024-12-31,False
E007049,5,Marketing,Product Manager,1367049.2,2018-10-21,2024-12-31,False
E007050,6,Operations,HR Specialist,1700503.16,2020-06-18,2024-12-31,False
E007051,5,Marketing,HR Specialist,2074555.28,2024-02-04,2024-12-31,False
E007052,1,Engineering,Software Engineer,1419813.13,2023-09-02,2024-12-31,False
E007053,4,Sales,Senior Software Engineer,890623.21,2013-08-25,2024-12-31,False
E007054,1,Engineering,Business Analyst,2261676.87,2022-08-07,2024-12-31,False
E007055,1,Engineering,Sales Executive,2283510.32,2021-12-17,2024-12-31,False
E007056,4,Sales,Product Manager,456895.39,2015-12-24,2024-12-31,False
E007057,1,Engineering,Marketing Specialist,1174370.09,2016-07-25,2024-12-31,False
E007058,2,Finance,Software Engineer,1821126.71,2006-07-29,2024-12-31,False
E007059,4,Sales,Data Analyst,2004183.8,2014-11-15,2024-12-31,False
E007060,2,Finance,Financial Analyst,624345.79,2024-06-01,2024-12-31,False
E007061,6,Operations,Data Scientist,2197556.63,2024-06-01,2024-12-31,False
E007062,1,Engineering,Operations Analyst,2031488.55,2010-09-03,2024-12-31,False
E007063,1,Engineering,Business Analyst,1102368.39,2021-06-25,2024-12-31,False
E007064,3,Human Resources,Business Analyst,1226286.6,2021-07-10,2024-12-31,False
E007065,4,Sales,Operations Analyst,1538160.6,2013-03-09,2024-12-31,False
E007066,4,Sales,Data Analyst,1721603.95,2021-07-26,2024-12-31,False
E007067,2,Finance,Project Manager,2168521.93,2015-09-05,2024-12-31,False
E007068,5,Marketing,HR Specialist,870245.67,2018-03-05,2024-12-31,False
E007069,6,Operations,Data Analyst,643695.71,2013-01-30,2024-12-31,False
E007070,4,Sales,Marketing Specialist,388853.78,2024-05-05,2024-12-31,False
E007071,3,Human Resources,Financial Analyst,371418.13,2019-07-04,2024-12-31,False
E007072,1,Engineering,Operations Analyst,1271981.14,2015-04-23,2024-12-31,False
E007073,1,Engineering,Product Manager,277532.84,2021-01-05,2024-12-31,False
E007074,1,Engineering,Senior Software Engineer,1831743.74,2022-06-26,2024-12-31,False
E007075,6,Operations,Project Manager,1470700.44,2023-03-12,2024-12-31,False
E007076,4,Sales,Product Manager,1820745.66,2023-09-10,2024-12-31,False
E007077,6,Operations,Financial Analyst,1730566.71,2018-04-24,2024-12-31,False
E007078,3,Human Resources,Financial Analyst,1819810.83,2024-06-01,2024-12-31,False
E007079,6,Operations,Operations Analyst,669995.29,2024-06-01,2024-12-31,False
E007080,2,Finance,Marketing Specialist,1812883.68,2024-06-01,2024-12-31,False
E007081,2,Finance,HR Specialist,1705162.75,2023-02-09,2024-12-31,False
E007082,4,Sales,Operations Analyst,1681373.51,2014-08-23,2024-12-31,False
E007083,2,Finance,Financial Analyst,1061677.23,2022-10-22,2024-12-31,False
E007084,6,Operations,Software Engineer,553274.97,2020-08-03,2024-12-31,False
E007085,4,Sales,Business Analyst,645951.66,2022-05-25,2024-12-31,False
E007086,1,Engineering,Software Engineer,770103.8,2013-08-04,2024-12-31,False
E007087,1,Engineering,Sales Executive,655077.77,2008-06-27,2024-12-31,False
E007088,3,Human Resources,Data Scientist,594645.32,2021-10-04,2024-12-31,False
E007089,4,Sales,Financial Analyst,1187602.75,2024-03-08,2024-12-31,False
E007090,2,Finance,Data Analyst,1342983.38,2024-06-01,2024-12-31,False
E007091,4,Sales,Financial Analyst,1598288.14,2016-08-10,2024-12-31,False
E007092,6,Operations,HR Specialist,705969.35,2020-10-23,2024-12-31,False
E007093,1,Engineering,Business Analyst,1789006.57,2017-01-31,2024-12-31,False
E007094,3,Human Resources,Operations Analyst,1204416.39,2012-08-25,2024-12-31,False
E007095,3,Human Resources,Operations Analyst,1369617.87,2020-08-23,2024-12-31,False
E007096,4,Sales,Sales Executive,1714531.32,2011-02-11,2024-12-31,False
E007097,4,Sales,Sales Executive,447748.3,2010-12-07,2024-12-31,False
E007098,2,Finance,Marketing Specialist,1046920.61,2023-06-24,2024-12-31,False
E007099,6,Operations,Business Analyst,1555321.43,2005-05-14,2024-12-31,False
E007100,6,Operations,Software Engineer,288143.04,2023-06-27,2024-12-31,False
E007101,1,Engineering,Data Scientist,1408053.46,2018-07-06,2024-12-31,False
E007102,4,Sales,Sales Executive,1257015.48,2024-06-01,2024-12-31,False
E007103,4,Sales,Project Manager,2062895.95,2021-02-06,2024-12-31,False
E007104,5,Marketing,Business Analyst,826675.55,2017-02-19,2024-12-31,False
E007105,1,Engineering,Product Manager,1786682.39,2016-07-16,2024-12-31,False
E007106,4,Sales,Marketing Specialist,560145.44,2023-08-20,2024-12-31,False
E007107,2,Finance,Operations Analyst,1673230.78,2021-02-17,2024-12-31,False
E007108,5,Marketing,Marketing Specialist,275662.13,2022-01-05,2024-12-31,False
E007109,4,Sales,Data Scientist,1438290.79,2012-03-19,2024-12-31,False
E007110,1,Engineering,Sales Executive,603068.61,2020-10-04,2024-12-31,False
E007111,3,Human Resources,Product Manager,1073709.47,2019-06-06,2024-12-31,False
E007112,4,Sales,Operations Analyst,2073819.03,2023-06-19,2024-12-31,False
E007113,5,Marketing,Sales Executive,2044121.81,2019-08-11,2024-12-31,False
E007114,1,Engineering,Marketing Specialist,529303.21,2003-05-22,2024-12-31,False
E007115,6,Operations,Business Analyst,900114.48,2021-12-02,2024-12-31,False
E007116,2,Finance,Software Engineer,1094409.76,2006-07-11,2024-12-31,False
E007117,6,Operations,Senior Software Engineer,1649089.04,2020-09-11,2024-12-31,False
E007118,1,Engineering,Marketing Specialist,1384711.16,2023-03-01,2024-12-31,False
E007119,3,Human Resources,Senior Software Engineer,1989225.79,2013-02-12,2024-12-31,False
E007120,2,Finance,Project Manager,684567.51,2024-04-16,2024-12-31,False
E007121,2,Finance,Marketing Specialist,1707610.2,2020-10-14,2024-12-31,False
E007122,5,Marketing,Sales Executive,1335284.11,2014-12-24,2024-12-31,False
E007123,4,Sales,Senior Software Engineer,1389965.88,2020-09-01,2024-12-31,False
E007124,2,Finance,Sales Executive,1109474.92,2023-07-23,2024-12-31,False
E007125,2,Finance,Sales Executive,869643.63,2013-11-26,2024-12-31,False
E007126,2,Finance,Financial Analyst,1838619.95,2023-10-29,2024-12-31,False
E007127,6,Operations,HR Specialist,2111841.64,2008-01-15,2024-12-31,False
E007128,2,Finance,Operations Analyst,2131124.11,2024-06-01,2024-12-31,False
E007129,3,Human Resources,Operations Analyst,1510901.32,2010-10-30,2024-12-31,False
E007130,4,Sales,Software Engineer,1570282.89,2023-05-15,2024-12-31,False
E007131,6,Operations,HR Specialist,1209034.95,2021-12-10,2024-12-31,False
E007132,5,Marketing,Software Engineer,1545520.48,2021-02-15,2024-12-31,False
E007133,4,Sales,Marketing Specialist,438267.18,2023-07-15,2024-12-31,False
E007134,2,Finance,Sales Executive,1684413.83,2010-07-28,2024-12-31,False
E007135,4,Sales,Senior Software Engineer,258088.41,2023-11-08,2024-12-31,False
E007136,2,Finance,Project Manager,2319232.07,2023-06-18,2024-12-31,False
E007137,1,Engineering,Data Analyst,555780.22,2016-09-09,2024-12-31,False
E007138,4,Sales,HR Specialist,633166.98,2022-07-02,2024-12-31,False
E007139,3,Human Resources,Financial Analyst,527036.65,2021-07-02,2024-12-31,False
E007140,2,Finance,Sales Executive,591902.55,2021-03-02,2024-12-31,False
E007141,1,Engineering,Financial Analyst,800226.69,2024-05-11,2024-12-31,False
E007142,1,Engineering,Marketing Specialist,2238851.12,2023-12-31,2024-12-31,False
E007143,5,Marketing,Data Scientist,901443.63,2021-07-26,2024-12-31,False
E007144,3,Human Resources,Project Manager,602884.05,2015-01-06,2024-12-31,False
E007145,3,Human Resources,Data Analyst,1886032.46,2024-06-01,2024-12-31,False
E007146,3,Human Resources,Marketing Specialist,2045374.79,2024-05-17,2024-12-31,False
E007147,5,Marketing,Business Analyst,1952111.0,2023-09-07,2024-12-31,False
E007148,2,Finance,Data Analyst,1301127.15,2019-06-08,2024-12-31,False
E007149,3,Human Resources,Financial Analyst,612189.76,2024-06-01,2024-12-31,False
E007150,1,Engineering,Data Scientist,493706.71,2024-06-01,2024-12-31,False
E007151,3,Human Resources,Financial Analyst,1513100.92,2022-09-16,2024-12-31,False
E007152,4,Sales,Business Analyst,364472.01,2017-07-07,2024-12-31,False
E007153,5,Marketing,Product Manager,827380.78,2019-11-22,2024-12-31,False
E007154,4,Sales,Operations Analyst,2204403.71,2020-06-16,2024-12-31,False
E007155,3,Human Resources,Product Manager,1139716.6,2022-10-27,2024-12-31,False
E007156,2,Finance,Project Manager,649231.33,2019-02-17,2024-12-31,False
E007157,3,Human Resources,HR Specialist,1988053.17,2015-10-14,2024-12-31,False
E007158,4,Sales,Software Engineer,1145541.56,2024-06-01,2024-12-31,False
E007159,1,Engineering,Senior Software Engineer,686303.27,2012-03-30,2024-12-31,False
E007160,6,Operations,Financial Analyst,953241.24,2024-05-21,2024-12-31,False
E007161,5,Marketing,Marketing Specialist,1690385.69,2021-11-19,2024-12-31,False
E007162,1,Engineering,Operations Analyst,1874599.54,2021-02-21,2024-12-31,False
E007163,6,Operations,Project Manager,1818511.06,2023-05-12,2024-12-31,False
E007164,5,Marketing,Operations Analyst,464728.54,2015-04-23,2024-12-31,False
E007165,4,Sales,Software Engineer,520928.23,2024-06-01,2024-12-31,False
E007166,5,Marketing,Data Scientist,1418638.42,2022-07-05,2024-12-31,False
E007167,3,Human Resources,HR Specialist,2213614.82,2022-10-29,2024-12-31,False
E007168,2,Finance,Senior Software Engineer,1896608.78,2023-09-22,2024-12-31,False
E007169,3,Human Resources,HR Specialist,460341.07,2022-08-07,2024-12-31,False
E007170,3,Human Resources,Software Engineer,2096789.67,2020-07-02,2024-12-31,False
E007171,1,Engineering,Financial Analyst,1970133.54,2021-01-24,2024-12-31,False
E007172,1,Engineering,HR Specialist,694131.09,2023-12-23,2024-12-31,False
E007173,1,Engineering,HR Specialist,2120319.86,2015-10-10,2024-12-31,False
E007174,3,Human Resources,Financial Analyst,935455.91,2009-08-12,2024-12-31,False
E007175,3,Human Resources,Data Scientist,383114.96,2023-03-19,2024-12-31,False
E007176,2,Finance,Marketing Specialist,1127136.88,2006-01-13,2024-12-31,False
E007177,4,Sales,Business Analyst,904636.52,2018-10-04,2024-12-31,False
E007178,4,Sales,Sales Executive,967547.11,2011-02-22,2024-12-31,False
E007179,6,Operations,Product Manager,724286.48,2023-04-10,2024-12-31,False
E007180,2,Finance,Software Engineer,1499693.03,2020-02-07,2024-12-31,False
E007181,2,Finance,Product Manager,1241239.5,2022-11-17,2024-12-31,False
E007182,4,Sales,Product Manager,2126580.24,2014-12-03,2024-12-31,False
E007183,6,Operations,Data Scientist,1858928.99,2023-09-20,2024-12-31,False
E007184,3,Human Resources,Project Manager,1437945.33,2024-03-20,2024-12-31,False
E007185,1,Engineering,Software Engineer,1655986.84,2021-04-29,2024-12-31,False
E007186,3,Human Resources,Financial Analyst,1261701.1,2021-01-03,2024-12-31,False
E007187,3,Human Resources,Data Analyst,1793239.04,2022-02-19,2024-12-31,False
E007188,4,Sales,Data Analyst,511941.76,2023-09-08,2024-12-31,False
E007189,2,Finance,Software Engineer,1184647.88,2021-03-24,2024-12-31,False
E007190,5,Marketing,Financial Analyst,900043.77,2023-11-28,2024-12-31,False
E007191,2,Finance,Business Analyst,1303189.09,2024-06-01,2024-12-31,False
E007192,6,Operations,Product Manager,508737.53,2020-02-10,2024-12-31,False
E007193,6,Operations,Senior Software Engineer,919818.0,2024-05-11,2024-12-31,False
E007194,5,Marketing,Financial Analyst,1362021.88,2021-06-08,2024-12-31,False
E007195,2,Finance,Senior Software Engineer,1430839.97,2022-09-03,2024-12-31,False
E007196,1,Engineering,HR Specialist,1352691.55,2023-11-19,2024-12-31,False
E007197,4,Sales,Business Analyst,2222867.3,2021-11-15,2024-12-31,False
E007198,6,Operations,Marketing Specialist,661152.59,2024-06-01,2024-12-31,False
E007199,5,Marketing,HR Specialist,1468034.21,2024-06-01,2024-12-31,False
E007200,1,Engineering,Financial Analyst,971675.4,2024-06-01,2024-12-31,False
E007201,5,Marketing,HR Specialist,1997372.08,2020-07-21,2024-12-31,False
E007202,3,Human Resources,HR Specialist,1332646.12,2022-01-14,2024-12-31,False
E007203,5,Marketing,Sales Executive,1736160.48,2022-03-25,2024-12-31,False
E007204,2,Finance,Project Manager,2068018.34,2021-01-02,2024-12-31,False
E007205,1,Engineering,HR Specialist,682649.19,2016-11-22,2024-12-31,False
E007206,1,Engineering,Business Analyst,1594559.01,2021-05-31,2024-12-31,False
E007207,6,Operations,Data Analyst,802706.82,2008-07-14,2024-12-31,False
E007208,5,Marketing,Software Engineer,878130.81,2021-11-30,2024-12-31,False
E007209,2,Finance,Marketing Specialist,1545870.91,2019-09-04,2024-12-31,False
E007210,4,Sales,Product Manager,1299234.33,2022-08-24,2024-12-31,False
E007211,5,Marketing,Operations Analyst,1607358.34,2019-04-17,2024-12-31,False
E007212,4,Sales,HR Specialist,1055281.73,2019-09-30,2024-12-31,False
E007213,1,Engineering,Business Analyst,1376705.39,2024-06-01,2024-12-31,False
E007214,1,Engineering,Business Analyst,1957671.91,2022-09-28,2024-12-31,False
E007215,5,Marketing,Sales Executive,714160.81,2018-09-02,2024-12-31,False
E007216,1,Engineering,Software Engineer,1320789.64,2022-07-05,2024-12-31,False
E007217,4,Sales,Senior Software Engineer,899183.08,2023-01-12,2024-12-31,False
E007218,3,Human Resources,Senior Software Engineer,2322107.02,2023-08-23,2024-12-31,False
E007219,5,Marketing,Operations Analyst,1256490.67,2017-06-20,2024-12-31,False
E007220,6,Operations,Software Engineer,2048201.68,2021-02-01,2024-12-31,False
E007221,3,Human Resources,Data Scientist,522880.08,2019-03-02,2024-12-31,False
E007222,5,Marketing,Project Manager,671370.84,2015-04-27,2024-12-31,False
E007223,5,Marketing,Business Analyst,1854643.42,2023-02-27,2024-12-31,False
E007224,6,Operations,Software Engineer,2128472.45,2022-02-22,2024-12-31,False
E007225,1,Engineering,Sales Executive,793367.43,2022-10-28,2024-12-31,False
E007226,4,Sales,Senior Software Engineer,1793515.55,2023-12-03,2024-12-31,False
E007227,6,Operations,Senior Software Engineer,598195.45,2024-06-01,2024-12-31,False
E007228,5,Marketing,Sales Executive,1335661.68,2023-05-27,2024-12-31,False
E007229,5,Marketing,Operations Analyst,1928186.21,2024-05-24,2024-12-31,False
E007230,3,Human Resources,HR Specialist,303148.18,2024-06-01,2024-12-31,False
E007231,4,Sales,Data Analyst,1864262.75,2024-06-01,2024-12-31,False
E007232,1,Engineering,Sales Executive,734481.14,2019-11-06,2024-12-31,False
E007233,6,Operations,Financial Analyst,1231462.55,2023-05-08,2024-12-31,False
E007234,3,Human Resources,Data Scientist,2254163.1,2024-06-01,2024-12-31,False
E007235,2,Finance,Senior Software Engineer,1825333.46,2024-06-01,2024-12-31,False
E007236,5,Marketing,Marketing Specialist,761572.36,2016-10-18,2024-12-31,False
E007237,6,Operations,Product Manager,801441.19,2020-01-08,2024-12-31,False
E007238,1,Engineering,Operations Analyst,1973950.56,2020-04-16,2024-12-31,False
E007239,6,Operations,Sales Executive,2100238.13,2022-01-01,2024-12-31,False
E007240,4,Sales,Operations Analyst,1841834.26,2017-07-09,2024-12-31,False
E007241,3,Human Resources,Senior Software Engineer,724926.66,2024-06-01,2024-12-31,False
E007242,4,Sales,Financial Analyst,593331.25,2018-08-24,2024-12-31,False
E007243,5,Marketing,Software Engineer,1875294.45,2024-06-01,2024-12-31,False
E007244,6,Operations,Business Analyst,1830660.59,2019-11-17,2024-12-31,False
E007245,5,Marketing,Business Analyst,1026687.24,2008-07-12,2024-12-31,False
E007246,2,Finance,HR Specialist,571696.44,2018-10-11,2024-12-31,False
E007247,6,Operations,Project Manager,1663271.7,2017-08-02,2024-12-31,False
E007248,5,Marketing,Product Manager,1360672.08,2023-10-31,2024-12-31,False
E007249,1,Engineering,Data Scientist,1391243.85,2024-06-01,2024-12-31,False
E007250,4,Sales,Sales Executive,1765706.48,2018-09-28,2024-12-31,False
E007251,4,Sales,HR Specialist,2086409.83,2023-02-18,2024-12-31,False
E007252,3,Human Resources,Operations Analyst,669141.19,2023-08-22,2024-12-31,False
E007253,2,Finance,Sales Executive,1319676.76,2024-06-01,2024-12-31,False
E007254,2,Finance,Marketing Specialist,487576.61,2023-07-27,2024-12-31,False
E007255,1,Engineering,Financial Analyst,1900579.81,2020-11-19,2024-12-31,False
E007256,6,Operations,Marketing Specialist,1379780.98,2021-02-11,2024-12-31,False
E007257,5,Marketing,Data Scientist,1192168.22,2023-04-07,2024-12-31,False
E007258,1,Engineering,Software Engineer,1781072.33,2021-02-22,2024-12-31,False
E007259,2,Finance,Business Analyst,1937252.29,2020-02-16,2024-12-31,False
E007260,2,Finance,Business Analyst,1764208.96,2023-11-11,2024-12-31,False
E007261,5,Marketing,HR Specialist,538063.14,2010-10-04,2024-12-31,False
E007262,6,Operations,Operations Analyst,779452.76,2020-03-26,2024-12-31,False
E007263,4,Sales,Marketing Specialist,1581407.33,2017-03-30,2024-12-31,False
E007264,3,Human Resources,Operations Analyst,1552612.86,2024-03-18,2024-12-31,False
E007265,6,Operations,Operations Analyst,1399875.2,2023-11-12,2024-12-31,False
E007266,6,Operations,Data Scientist,1520986.93,2022-06-26,2024-12-31,False
E007267,5,Marketing,Sales Executive,1097241.59,2021-05-21,2024-12-31,False
E007268,6,Operations,Sales Executive,1325004.47,2015-10-12,2024-12-31,False
E007269,2,Finance,Financial Analyst,1749627.2,2024-06-01,2024-12-31,False
E007270,4,Sales,Financial Analyst,2180213.22,2022-10-06,2024-12-31,False
E007271,1,Engineering,Sales Executive,829953.06,2020-04-22,2024-12-31,False
E007272,4,Sales,Business Analyst,734344.69,2005-08-20,2024-12-31,False
E007273,3,Human Resources,Data Analyst,2033484.51,2006-07-01,2024-12-31,False
E007274,3,Human Resources,Data Scientist,1538180.79,2015-11-09,2024-12-31,False
E007275,2,Finance,Data Analyst,303958.55,2024-06-01,2024-12-31,False
E007276,5,Marketing,Marketing Specialist,523772.91,2023-10-08,2024-12-31,False
E007277,6,Operations,Operations Analyst,496592.08,2024-06-01,2024-12-31,False
E007278,1,Engineering,Product Manager,879029.87,2013-05-04,2024-12-31,False
E007279,4,Sales,Project Manager,1142078.8,2023-05-29,2024-12-31,False
E007280,1,Engineering,Data Analyst,1323521.19,2023-06-15,2024-12-31,False
E007281,3,Human Resources,HR Specialist,867055.07,2024-05-28,2024-12-31,False
E007282,1,Engineering,Project Manager,702154.13,2024-06-01,2024-12-31,False
E007283,5,Marketing,Software Engineer,724160.15,2006-04-16,2024-12-31,False
E007284,2,Finance,Marketing Specialist,1739207.08,2017-04-16,2024-12-31,False
E007285,1,Engineering,Senior Software Engineer,1968230.99,2023-02-04,2024-12-31,False
E007286,1,Engineering,Financial Analyst,1558085.13,2019-02-12,2024-12-31,False
E007287,2,Finance,Financial Analyst,1730560.45,2022-08-19,2024-12-31,False
E007288,5,Marketing,Operations Analyst,259916.34,2022-12-20,2024-12-31,False
E007289,6,Operations,Data Scientist,2295331.53,2021-06-26,2024-12-31,False
E007290,2,Finance,Sales Executive,341683.16,2023-10-02,2024-12-31,False
E007291,5,Marketing,Operations Analyst,1044111.99,2015-06-11,2024-12-31,False
E007292,1,Engineering,Product Manager,604897.2,2016-09-17,2024-12-31,False
E007293,3,Human Resources,HR Specialist,500540.03,2021-04-01,2024-12-31,False
E007294,5,Marketing,Product Manager,661350.03,2018-11-10,2024-12-31,False
E007295,1,Engineering,Software Engineer,1121573.77,2012-04-09,2024-12-31,False
E007296,2,Finance,Business Analyst,495521.84,2023-02-26,2024-12-31,False
E007297,6,Operations,Data Analyst,1962311.26,2024-06-01,2024-12-31,False
E007298,5,Marketing,Sales Executive,2156607.92,2022-04-03,2024-12-31,False
E007299,2,Finance,Operations Analyst,2068622.48,2023-08-26,2024-12-31,False
E007300,6,Operations,Data Scientist,1162329.15,2023-02-25,2024-12-31,False
E007301,1,Engineering,Operations Analyst,864211.06,2009-06-29,2024-12-31,False
E007302,3,Human Resources,Data Scientist,1789407.76,2023-06-06,2024-12-31,False
E007303,3,Human Resources,Product Manager,267364.84,2005-02-14,2024-12-31,False
E007304,3,Human Resources,Business Analyst,1471218.74,2022-09-16,2024-12-31,False
E007305,2,Finance,HR Specialist,1580062.3,2024-02-22,2024-12-31,False
E007306,1,Engineering,Data Scientist,1967300.06,2018-12-12,2024-12-31,False
E007307,3,Human Resources,Marketing Specialist,1721814.12,2023-04-12,2024-12-31,False
E007308,4,Sales,Senior Software Engineer,1627787.08,2021-09-20,2024-12-31,False
E007309,2,Finance,Financial Analyst,1382065.06,2014-06-04,2024-12-31,False
E007310,6,Operations,Sales Executive,1821508.11,2024-06-01,2024-12-31,False
E007311,4,Sales,Business Analyst,2348362.03,2023-06-03,2024-12-31,False
E007312,6,Operations,Senior Software Engineer,2169669.79,2023-06-13,2024-12-31,False
E007313,1,Engineering,HR Specialist,2132065.72,2024-04-28,2024-12-31,False
E007314,1,Engineering,Senior Software Engineer,465284.04,2022-07-17,2024-12-31,False
E007315,3,Human Resources,Sales Executive,2152893.48,2014-12-08,2024-12-31,False
E007316,6,Operations,Data Analyst,367223.54,2010-06-20,2024-12-31,False
E007317,5,Marketing,Project Manager,828029.45,2023-10-04,2024-12-31,False
E007318,5,Marketing,HR Specialist,1765018.28,2003-09-05,2024-12-31,False
E007319,4,Sales,Marketing Specialist,1055733.67,2020-01-24,2024-12-31,False
E007320,6,Operations,Product Manager,876505.8,2018-04-13,2024-12-31,False
E007321,1,Engineering,HR Specialist,1580898.11,2017-06-05,2024-12-31,False
E007322,3,Human Resources,Marketing Specialist,276410.26,2023-11-11,2024-12-31,False
E007323,4,Sales,Software Engineer,2319858.29,2023-10-10,2024-12-31,False
E007324,6,Operations,Operations Analyst,1805179.17,2010-01-02,2024-12-31,False
E007325,1,Engineering,Data Analyst,1778846.97,2020-06-18,2024-12-31,False
E007326,2,Finance,Financial Analyst,388985.5,2019-07-06,2024-12-31,False
E007327,4,Sales,Project Manager,2065628.05,2024-03-13,2024-12-31,False
E007328,6,Operations,Operations Analyst,1804639.87,2022-07-14,2024-12-31,False
E007329,6,Operations,Marketing Specialist,1616736.34,2023-02-22,2024-12-31,False
E007330,4,Sales,Operations Analyst,417938.09,2014-10-30,2024-12-31,False
E007331,1,Engineering,Sales Executive,1686531.94,2021-03-01,2024-12-31,False
E007332,2,Finance,Product Manager,2279411.15,2024-04-18,2024-12-31,False
E007333,4,Sales,Data Scientist,356488.71,2021-08-17,2024-12-31,False
E007334,5,Marketing,Sales Executive,288436.48,2012-12-13,2024-12-31,False
E007335,5,Marketing,Product Manager,1458137.05,2024-06-01,2024-12-31,False
E007336,1,Engineering,HR Specialist,656167.04,2020-05-11,2024-12-31,False
E007337,4,Sales,Senior Software Engineer,1428459.88,2011-07-12,2024-12-31,False
E007338,3,Human Resources,Product Manager,1806078.64,2024-06-01,2024-12-31,False
E007339,2,Finance,HR Specialist,1395485.1,2024-06-01,2024-12-31,False
E007340,6,Operations,Business Analyst,615842.17,2012-05-09,2024-12-31,False
E007341,2,Finance,Project Manager,1812834.63,2013-09-22,2024-12-31,False
E007342,1,Engineering,Data Scientist,1623599.78,2023-04-11,2024-12-31,False
E007343,1,Engineering,Marketing Specialist,1258143.36,2016-09-18,2024-12-31,False
E007344,3,Human Resources,HR Specialist,901475.03,2023-01-21,2024-12-31,False
E007345,1,Engineering,Senior Software Engineer,832725.71,2021-04-09,2024-12-31,False
E007346,2,Finance,Marketing Specialist,1970874.57,2020-09-11,2024-12-31,False
E007347,6,Operations,Data Analyst,311701.63,2023-06-04,2024-12-31,False
E007348,3,Human Resources,Data Scientist,2154199.96,2024-04-24,2024-12-31,False
E007349,6,Operations,Software Engineer,1956932.38,2023-11-18,2024-12-31,False
E007350,4,Sales,Product Manager,2103017.57,2023-09-26,2024-12-31,False
E007351,1,Engineering,Financial Analyst,843498.75,2024-01-03,2024-12-31,False
E007352,2,Finance,Product Manager,908132.37,2020-05-21,2024-12-31,False
E007353,3,Human Resources,Software Engineer,1371916.42,2024-06-01,2024-12-31,False
E007354,5,Marketing,Software Engineer,628723.41,2023-06-16,2024-12-31,False
E007355,2,Finance,Financial Analyst,1917849.04,2021-10-18,2024-12-31,False
E007356,5,Marketing,Software Engineer,1009921.42,2020-05-13,2024-12-31,False
E007357,2,Finance,HR Specialist,480075.97,2023-03-11,2024-12-31,False
E007358,1,Engineering,Software Engineer,1162724.52,2020-09-26,2024-12-31,False
E007359,6,Operations,Marketing Specialist,1405114.96,2024-06-01,2024-12-31,False
E007360,2,Finance,Senior Software Engineer,1029282.41,2012-10-25,2024-12-31,False
E007361,3,Human Resources,Software Engineer,2136295.78,2021-03-04,2024-12-31,False
E007362,1,Engineering,Software Engineer,1807529.07,2020-06-05,2024-12-31,False
E007363,3,Human Resources,Data Scientist,397289.36,2020-11-21,2024-12-31,False
E007364,2,Finance,HR Specialist,1897868.22,2014-10-13,2024-12-31,False
E007365,1,Engineering,Software Engineer,1750222.89,2024-06-01,2024-12-31,False
E007366,3,Human Resources,Operations Analyst,2194210.47,2016-07-06,2024-12-31,False
E007367,1,Engineering,HR Specialist,1532540.41,2024-04-19,2024-12-31,False
E007368,3,Human Resources,Senior Software Engineer,1145227.57,2015-08-13,2024-12-31,False
E007369,4,Sales,Data Analyst,833629.31,2004-10-10,2024-12-31,False
E007370,6,Operations,HR Specialist,1953627.39,2024-06-01,2024-12-31,False
E007371,6,Operations,Project Manager,1656174.51,2013-02-06,2024-12-31,False
E007372,6,Operations,Software Engineer,897953.1,2018-03-15,2024-12-31,False
E007373,6,Operations,Sales Executive,778308.45,2020-09-21,2024-12-31,False
E007374,2,Finance,Senior Software Engineer,1604229.63,2021-10-26,2024-12-31,False
E007375,1,Engineering,Data Analyst,1533853.05,2024-06-01,2024-12-31,False
E007376,4,Sales,Financial Analyst,1490307.39,2019-12-08,2024-12-31,False
E007377,4,Sales,HR Specialist,794300.99,2001-09-14,2024-12-31,False
E007378,3,Human Resources,Operations Analyst,911438.83,2022-08-16,2024-12-31,False
E007379,1,Engineering,Sales Executive,928886.83,2022-07-07,2024-12-31,False
E007380,5,Marketing,Project Manager,1364135.25,2020-11-26,2024-12-31,False
E007381,5,Marketing,Business Analyst,759511.61,2023-11-16,2024-12-31,False
E007382,6,Operations,Software Engineer,1029388.0,2013-09-02,2024-12-31,False
E007383,6,Operations,Senior Software Engineer,1701784.03,2020-09-11,2024-12-31,False
E007384,1,Engineering,Project Manager,604801.0,2024-06-01,2024-12-31,False
E007385,6,Operations,Senior Software Engineer,1908209.1,2023-03-30,2024-12-31,False
E007386,3,Human Resources,Business Analyst,1008175.01,2024-02-28,2024-12-31,False
E007387,2,Finance,Data Analyst,1918282.61,2018-03-11,2024-12-31,False
E007388,6,Operations,Operations Analyst,1202001.73,2023-06-23,2024-12-31,False
E007389,5,Marketing,Business Analyst,1941521.36,2022-01-19,2024-12-31,False
E007390,2,Finance,Financial Analyst,557228.69,2020-02-23,2024-12-31,False
E007391,6,Operations,Business Analyst,1078718.47,2023-04-09,2024-12-31,False
E007392,2,Finance,Software Engineer,1305571.05,2024-05-15,2024-12-31,False
E007393,3,Human Resources,Project Manager,2204077.75,2010-07-19,2024-12-31,False
E007394,2,Finance,Business Analyst,667998.59,2024-06-01,2024-12-31,False
E007395,3,Human Resources,Data Scientist,396080.11,2008-08-01,2024-12-31,False
E007396,1,Engineering,Senior Software Engineer,563837.24,2024-06-01,2024-12-31,False
E007397,3,Human Resources,Software Engineer,726092.57,2006-12-16,2024-12-31,False
E007398,1,Engineering,Software Engineer,660255.72,2019-04-09,2024-12-31,False
E007399,3,Human Resources,Business Analyst,1133792.97,2023-10-01,2024-12-31,False
E007400,4,Sales,Financial Analyst,968140.59,2024-06-01,2024-12-31,False
E007401,2,Finance,Product Manager,757422.99,2017-11-12,2024-12-31,False
E007402,5,Marketing,HR Specialist,1178311.23,2024-06-01,2024-12-31,False
E007403,6,Operations,Data Analyst,376583.29,2022-09-15,2024-12-31,False
E007404,1,Engineering,Data Analyst,1320181.05,2007-08-12,2024-12-31,False
E007405,2,Finance,Software Engineer,1134736.69,2012-08-26,2024-12-31,False
E007406,3,Human Resources,Marketing Specialist,2174941.38,2010-08-27,2024-12-31,False
E007407,5,Marketing,Product Manager,1067186.33,2024-06-01,2024-12-31,False
E007408,4,Sales,Sales Executive,1513106.66,2018-08-09,2024-12-31,False
E007409,2,Finance,Product Manager,2045783.01,2017-06-22,2024-12-31,False
E007410,3,Human Resources,Sales Executive,303567.03,2024-06-01,2024-12-31,False
E007411,2,Finance,Senior Software Engineer,1904874.56,2007-08-27,2024-12-31,False
E007412,3,Human Resources,Data Scientist,2207740.2,2020-04-03,2024-12-31,False
E007413,1,Engineering,Senior Software Engineer,1869049.27,2021-03-22,2024-12-31,False
E007414,1,Engineering,Marketing Specialist,1947175.54,2020-09-08,2024-12-31,False
E007415,1,Engineering,Data Scientist,953891.86,2024-01-22,2024-12-31,False
E007416,3,Human Resources,HR Specialist,480352.69,2016-11-25,2024-12-31,False
E007417,6,Operations,Project Manager,640869.84,2021-02-21,2024-12-31,False
E007418,5,Marketing,Data Scientist,1720500.96,2021-11-21,2024-12-31,False
E007419,5,Marketing,Financial Analyst,1327041.27,2021-09-26,2024-12-31,False
E007420,5,Marketing,Software Engineer,781325.15,2013-09-16,2024-12-31,False
E007421,4,Sales,HR Specialist,691587.99,2024-06-01,2024-12-31,False
E007422,5,Marketing,Data Analyst,2071258.56,2023-06-19,2024-12-31,False
E007423,4,Sales,Project Manager,785598.01,2024-06-01,2024-12-31,False
E007424,5,Marketing,Software Engineer,1440564.36,2021-12-30,2024-12-31,False
E007425,1,Engineering,HR Specialist,342121.41,2020-06-11,2024-12-31,False
E007426,3,Human Resources,Project Manager,1564554.2,2024-02-04,2024-12-31,False
E007427,4,Sales,Business Analyst,1965578.77,2016-06-15,2024-12-31,False
E007428,6,Operations,Marketing Specialist,1931788.02,2023-08-04,2024-12-31,False
E007429,2,Finance,Financial Analyst,1992574.02,2020-06-02,2024-12-31,False
E007430,5,Marketing,Product Manager,1546853.34,2018-12-19,2024-12-31,False
E007431,5,Marketing,Project Manager,1367351.28,2022-08-24,2024-12-31,False
E007432,4,Sales,Software Engineer,1427146.81,2006-07-18,2024-12-31,False
E007433,4,Sales,Sales Executive,1398229.44,2024-01-27,2024-12-31,False
E007434,5,Marketing,Data Analyst,1518732.46,2023-01-06,2024-12-31,False
E007435,6,Operations,Senior Software Engineer,283929.57,2020-05-03,2024-12-31,False
E007436,5,Marketing,Data Analyst,1541542.26,2014-03-15,2024-12-31,False
E007437,3,Human Resources,HR Specialist,886093.22,2023-07-12,2024-12-31,False
E007438,6,Operations,Product Manager,1692178.69,2012-01-27,2024-12-31,False
E007439,4,Sales,Sales Executive,2114248.89,2015-06-17,2024-12-31,False
E007440,1,Engineering,Data Scientist,848116.77,2003-06-11,2024-12-31,False
E007441,4,Sales,Financial Analyst,1104578.09,2017-05-05,2024-12-31,False
E007442,1,Engineering,Data Analyst,393121.53,2024-02-14,2024-12-31,False
E007443,5,Marketing,Data Analyst,1872476.89,2023-03-31,2024-12-31,False
E007444,3,Human Resources,Operations Analyst,1650028.74,2017-02-23,2024-12-31,False
E007445,6,Operations,Software Engineer,614799.07,2022-07-14,2024-12-31,False
E007446,6,Operations,Software Engineer,1977145.84,2024-06-01,2024-12-31,False
E007447,5,Marketing,Data Scientist,1383054.4,2019-04-14,2024-12-31,False
E007448,1,Engineering,Software Engineer,1966273.27,2020-02-08,2024-12-31,False
E007449,3,Human Resources,Product Manager,283590.94,2024-06-01,2024-12-31,False
E007450,2,Finance,Operations Analyst,2026637.16,2022-12-22,2024-12-31,False
E007451,1,Engineering,Sales Executive,551018.83,2022-10-17,2024-12-31,False
E007452,2,Finance,HR Specialist,994486.55,2023-02-10,2024-12-31,False
E007453,5,Marketing,Data Scientist,1339099.28,2024-06-01,2024-12-31,False
E007454,2,Finance,Project Manager,2215572.51,2012-04-26,2024-12-31,False
E007455,3,Human Resources,Marketing Specialist,994672.38,2023-02-17,2024-12-31,False
E007456,1,Engineering,Operations Analyst,689680.73,2010-06-19,2024-12-31,False
E007457,4,Sales,HR Specialist,1186833.2,2024-05-24,2024-12-31,False
E007458,5,Marketing,Data Analyst,1227213.77,2011-09-02,2024-12-31,False
E007459,4,Sales,Software Engineer,1409804.38,2017-01-15,2024-12-31,False
E007460,2,Finance,Financial Analyst,1255018.27,2011-06-28,2024-12-31,False
E007461,4,Sales,Data Analyst,1392136.44,2023-10-30,2024-12-31,False
E007462,3,Human Resources,Software Engineer,1643739.34,2018-04-22,2024-12-31,False
E007463,2,Finance,Project Manager,2124323.02,2023-06-01,2024-12-31,False
E007464,4,Sales,Marketing Specialist,1417880.59,2002-07-26,2024-12-31,False
E007465,3,Human Resources,Data Scientist,1034871.38,2022-03-17,2024-12-31,False
E007466,4,Sales,Operations Analyst,1694446.46,2024-02-24,2024-12-31,False
E007467,4,Sales,HR Specialist,1816413.08,2021-04-24,2024-12-31,False
E007468,6,Operations,Senior Software Engineer,1423716.36,2017-03-03,2024-12-31,False
E007469,1,Engineering,Operations Analyst,328506.63,2023-03-08,2024-12-31,False
E007470,5,Marketing,Sales Executive,1584503.58,2023-07-19,2024-12-31,False
E007471,5,Marketing,Data Analyst,1924376.44,2024-06-01,2024-12-31,False
E007472,4,Sales,Software Engineer,360841.44,2021-01-10,2024-12-31,False
E007473,1,Engineering,Marketing Specialist,558018.62,2016-09-13,2024-12-31,False
E007474,2,Finance,Senior Software Engineer,1017758.98,2023-12-24,2024-12-31,False
E007475,6,Operations,Data Analyst,1927588.11,2022-11-13,2024-12-31,False
E007476,6,Operations,Data Analyst,1669179.16,2017-06-18,2024-12-31,False
E007477,4,Sales,Financial Analyst,1047050.01,2020-01-07,2024-12-31,False
E007478,6,Operations,Data Analyst,1335866.49,2016-06-01,2024-12-31,False
E007479,5,Marketing,Financial Analyst,1351208.15,2015-09-24,2024-12-31,False
E007480,2,Finance,Software Engineer,253988.24,2022-11-11,2024-12-31,False
E007481,3,Human Resources,Business Analyst,2108142.5,2016-12-02,2024-12-31,False
E007482,2,Finance,Data Analyst,1331351.95,2016-03-06,2024-12-31,False
E007483,4,Sales,Financial Analyst,1265829.19,2023-01-21,2024-12-31,False
E007484,6,Operations,Operations Analyst,1010958.86,2023-01-20,2024-12-31,False
E007485,2,Finance,Business Analyst,2149334.27,2022-09-18,2024-12-31,False
E007486,2,Finance,Operations Analyst,615235.76,2022-04-17,2024-12-31,False
E007487,1,Engineering,Product Manager,1984292.95,2018-02-26,2024-12-31,False
E007488,4,Sales,Sales Executive,420297.93,2013-12-19,2024-12-31,False
E007489,2,Finance,Product Manager,1558694.42,2023-02-01,2024-12-31,False
E007490,5,Marketing,Sales Executive,1912644.94,2023-08-20,2024-12-31,False
E007491,1,Engineering,Data Scientist,1870067.35,2024-03-09,2024-12-31,False
E007492,5,Marketing,Financial Analyst,1181842.27,2020-07-14,2024-12-31,False
E007493,5,Marketing,Data Scientist,584244.65,2021-11-05,2024-12-31,False
E007494,2,Finance,HR Specialist,631761.11,2021-08-29,2024-12-31,False
E007495,6,Operations,Software Engineer,1121195.33,2023-04-01,2024-12-31,False
E007496,3,Human Resources,Software Engineer,565690.42,2023-02-07,2024-12-31,False
E007497,3,Human Resources,Business Analyst,717683.82,2018-11-09,2024-12-31,False
E007498,2,Finance,Sales Executive,1456200.18,2014-05-28,2024-12-31,False
E007499,6,Operations,Software Engineer,374711.56,2021-06-15,2024-12-31,False
E007500,5,Marketing,Data Analyst,2211036.22,2023-02-06,2024-12-31,False
E007501,4,Sales,HR Specialist,599334.03,2024-06-01,2024-12-31,False
E007502,4,Sales,Software Engineer,1569825.64,2009-10-03,2024-12-31,False
E007503,2,Finance,Project Manager,1948282.28,2017-06-29,2024-12-31,False
E007504,5,Marketing,Project Manager,1353271.68,2022-12-22,2024-12-31,False
E007505,1,Engineering,Business Analyst,612556.51,2016-10-23,2024-12-31,False
E007506,5,Marketing,Marketing Specialist,2393829.47,2022-06-23,2024-12-31,False
E007507,6,Operations,Software Engineer,579462.29,2023-03-21,2024-12-31,False
E007508,6,Operations,HR Specialist,539068.16,2024-06-01,2024-12-31,False
E007509,5,Marketing,HR Specialist,1229590.71,2017-03-08,2024-12-31,False
E007510,3,Human Resources,Project Manager,1940604.35,2014-11-20,2024-12-31,False
E007511,1,Engineering,HR Specialist,737745.04,2004-05-14,2024-12-31,False
E007512,3,Human Resources,Financial Analyst,2061637.19,2023-11-11,2024-12-31,False
E007513,1,Engineering,Data Analyst,1435272.93,2023-04-19,2024-12-31,False
E007514,1,Engineering,Data Scientist,1954851.89,2018-06-28,2024-12-31,False
E007515,6,Operations,Marketing Specialist,443416.22,2024-06-01,2024-12-31,False
E007516,5,Marketing,Software Engineer,858812.33,2008-07-15,2024-12-31,False
E007517,4,Sales,Data Scientist,2184848.0,2020-03-11,2024-12-31,False
E007518,2,Finance,Data Analyst,981801.2,2016-04-07,2024-12-31,False
E007519,2,Finance,Product Manager,1382920.11,2020-12-25,2024-12-31,False
E007520,3,Human Resources,Financial Analyst,1292168.76,2006-03-30,2024-12-31,False
E007521,4,Sales,Marketing Specialist,1406507.69,2024-06-01,2024-12-31,False
E007522,4,Sales,Project Manager,1413810.55,2024-06-01,2024-12-31,False
E007523,5,Marketing,Software Engineer,461858.47,2024-06-01,2024-12-31,False
E007524,3,Human Resources,Product Manager,1849675.78,2024-06-01,2024-12-31,False
E007525,4,Sales,Project Manager,497603.64,2012-11-24,2024-12-31,False
E007526,3,Human Resources,Sales Executive,1805152.11,2018-04-08,2024-12-31,False
E007527,1,Engineering,Financial Analyst,1043645.79,2020-12-27,2024-12-31,False
E007528,1,Engineering,Business Analyst,1816591.29,2021-10-13,2024-12-31,False
E007529,5,Marketing,Data Scientist,409382.2,2021-07-07,2024-12-31,False
E007530,5,Marketing,Sales Executive,1675957.22,2022-10-24,2024-12-31,False
E007531,6,Operations,HR Specialist,672535.9,2022-08-07,2024-12-31,False
E007532,2,Finance,HR Specialist,901132.07,2007-01-21,2024-12-31,False
E007533,3,Human Resources,Sales Executive,1069769.84,2020-04-23,2024-12-31,False
E007534,1,Engineering,Software Engineer,1102042.84,2023-07-09,2024-12-31,False
E007535,1,Engineering,Product Manager,500513.7,2024-02-02,2024-12-31,False
E007536,1,Engineering,Business Analyst,1861981.18,2012-09-22,2024-12-31,False
E007537,4,Sales,Sales Executive,2196665.66,2022-05-11,2024-12-31,False
E007538,2,Finance,Senior Software Engineer,712112.05,2024-06-01,2024-12-31,False
E007539,3,Human Resources,Product Manager,1048609.55,2020-04-04,2024-12-31,False
E007540,1,Engineering,Financial Analyst,607207.04,2022-07-21,2024-12-31,False
E007541,1,Engineering,Product Manager,1422061.71,2023-02-19,2024-12-31,False
E007542,6,Operations,HR Specialist,1419375.78,2022-07-07,2024-12-31,False
E007543,3,Human Resources,Software Engineer,1719959.4,2009-11-04,2024-12-31,False
E007544,6,Operations,Product Manager,834085.53,2024-01-18,2024-12-31,False
E007545,5,Marketing,Business Analyst,524110.12,2022-01-19,2024-12-31,False
E007546,4,Sales,Data Analyst,670898.12,2024-06-01,2024-12-31,False
E007547,2,Finance,Project Manager,1296098.08,2012-08-11,2024-12-31,False
E007548,4,Sales,Operations Analyst,1066027.87,2023-09-21,2024-12-31,False
E007549,4,Sales,Operations Analyst,614147.99,2024-05-10,2024-12-31,False
E007550,2,Finance,Software Engineer,661800.14,2024-06-01,2024-12-31,False
E007551,4,Sales,Data Analyst,589613.56,2022-08-10,2024-12-31,False
E007552,2,Finance,Senior Software Engineer,1904778.56,2024-06-01,2024-12-31,False
E007553,1,Engineering,Business Analyst,1362021.21,2020-10-25,2024-12-31,False
E007554,5,Marketing,HR Specialist,2107901.73,2022-03-28,2024-12-31,False
E007555,5,Marketing,Data Scientist,1805410.07,2023-10-07,2024-12-31,False
E007556,2,Finance,Marketing Specialist,2287754.94,2023-06-06,2024-12-31,False
E007557,4,Sales,Project Manager,775418.19,2023-11-14,2024-12-31,False
E007558,1,Engineering,Data Scientist,1019795.89,2024-06-01,2024-12-31,False
E007559,4,Sales,Financial Analyst,1577575.95,2020-08-19,2024-12-31,False
E007560,2,Finance,Software Engineer,561459.96,2023-04-10,2024-12-31,False
E007561,4,Sales,Marketing Specialist,1989381.3,2019-03-29,2024-12-31,False
E007562,1,Engineering,Financial Analyst,1329041.11,2022-08-06,2024-12-31,False
E007563,2,Finance,Data Scientist,1881416.8,2018-07-25,2024-12-31,False
E007564,5,Marketing,Sales Executive,1490809.82,2020-04-28,2024-12-31,False
E007565,5,Marketing,Business Analyst,433212.77,2021-06-10,2024-12-31,False
E007566,1,Engineering,Financial Analyst,651593.61,2010-06-20,2024-12-31,False
E007567,3,Human Resources,Marketing Specialist,1348493.26,2023-08-14,2024-12-31,False
E007568,5,Marketing,Marketing Specialist,1380031.76,2020-04-28,2024-12-31,False
E007569,5,Marketing,Project Manager,1056064.17,2024-06-01,2024-12-31,False
E007570,6,Operations,Operations Analyst,547571.82,2016-07-18,2024-12-31,False
E007571,1,Engineering,Product Manager,572748.93,2021-10-31,2024-12-31,False
E007572,1,Engineering,Product Manager,1933761.25,2024-06-01,2024-12-31,False
E007573,4,Sales,Senior Software Engineer,1986187.68,2007-11-19,2024-12-31,False
E007574,3,Human Resources,Data Scientist,1682076.16,2023-10-30,2024-12-31,False
E007575,5,Marketing,Data Scientist,464607.68,2013-01-25,2024-12-31,False
E007576,5,Marketing,Product Manager,467461.54,2012-12-27,2024-12-31,False
E007577,1,Engineering,Data Analyst,1692131.71,2017-01-10,2024-12-31,False
E007578,2,Finance,Software Engineer,620965.04,2017-06-26,2024-12-31,False
E007579,3,Human Resources,HR Specialist,956377.72,2013-09-24,2024-12-31,False
E007580,3,Human Resources,Marketing Specialist,1683852.54,2019-12-25,2024-12-31,False
E007581,3,Human Resources,Financial Analyst,1867364.48,2020-04-28,2024-12-31,False
E007582,2,Finance,Data Analyst,1709393.76,2024-06-01,2024-12-31,False
E007583,1,Engineering,Marketing Specialist,1808489.57,2004-05-24,2024-12-31,False
E007584,1,Engineering,Software Engineer,1489542.63,2018-11-14,2024-12-31,False
E007585,5,Marketing,Data Scientist,1106791.94,2018-04-29,2024-12-31,False
E007586,4,Sales,Software Engineer,1257652.27,2018-07-02,2024-12-31,False
E007587,5,Marketing,Software Engineer,1393213.09,2023-05-25,2024-12-31,False
E007588,5,Marketing,Project Manager,702318.36,2021-11-13,2024-12-31,False
E007589,5,Marketing,Financial Analyst,1166711.84,2020-10-14,2024-12-31,False
E007590,5,Marketing,Data Analyst,1901725.69,2010-07-01,2024-12-31,False
E007591,6,Operations,Data Scientist,1578260.86,2021-06-29,2024-12-31,False
E007592,1,Engineering,Marketing Specialist,1202380.99,2022-08-09,2024-12-31,False
E007593,3,Human Resources,HR Specialist,1012989.78,2010-12-30,2024-12-31,False
E007594,6,Operations,HR Specialist,2230535.37,2024-06-01,2024-12-31,False
E007595,4,Sales,HR Specialist,1312064.98,2023-11-09,2024-12-31,False
E007596,6,Operations,Sales Executive,386822.26,2013-03-29,2024-12-31,False
E007597,3,Human Resources,Operations Analyst,1996381.44,2017-04-09,2024-12-31,False
E007598,4,Sales,Product Manager,1646693.94,2018-01-11,2024-12-31,False
E007599,2,Finance,Business Analyst,2152868.82,2018-04-23,2024-12-31,False
E007600,1,Engineering,Product Manager,1423747.69,2023-08-09,2024-12-31,False
E007601,6,Operations,Sales Executive,1620769.42,2024-06-01,2024-12-31,False
E007602,6,Operations,Data Analyst,327600.24,2022-10-13,2024-12-31,False
E007603,1,Engineering,HR Specialist,1616522.02,2021-10-26,2024-12-31,False
E007604,3,Human Resources,Data Scientist,1556016.46,2016-04-04,2024-12-31,False
E007605,6,Operations,Marketing Specialist,1285035.93,2018-08-27,2024-12-31,False
E007606,4,Sales,Data Analyst,1019466.0,2022-05-14,2024-12-31,False
E007607,4,Sales,Operations Analyst,553160.14,2022-11-25,2024-12-31,False
E007608,3,Human Resources,Operations Analyst,1026044.19,2015-05-19,2024-12-31,False
E007609,3,Human Resources,Financial Analyst,955376.13,2022-03-04,2024-12-31,False
E007610,1,Engineering,Project Manager,388136.34,2018-01-09,2024-12-31,False
E007611,5,Marketing,Data Scientist,1499938.56,2023-06-21,2024-12-31,False
E007612,5,Marketing,Project Manager,1930026.18,2019-07-29,2024-12-31,False
E007613,2,Finance,Sales Executive,1772478.7,2007-09-22,2024-12-31,False
E007614,3,Human Resources,Data Analyst,1499811.05,2021-06-24,2024-12-31,False
E007615,6,Operations,Software Engineer,1065701.64,2024-06-01,2024-12-31,False
E007616,6,Operations,Financial Analyst,772565.78,2021-10-05,2024-12-31,False
E007617,4,Sales,Financial Analyst,2352529.63,2024-03-16,2024-12-31,False
E007618,6,Operations,Financial Analyst,1753405.79,2021-03-19,2024-12-31,False
E007619,3,Human Resources,Data Scientist,888380.67,2024-06-01,2024-12-31,False
E007620,4,Sales,Software Engineer,1945612.65,2014-02-09,2024-12-31,False
E007621,3,Human Resources,Project Manager,539036.88,2022-08-25,2024-12-31,False
E007622,6,Operations,Senior Software Engineer,602212.88,2002-09-17,2024-12-31,False
E007623,3,Human Resources,Business Analyst,1543957.76,2024-04-13,2024-12-31,False
E007624,6,Operations,Operations Analyst,2177372.2,2020-01-29,2024-12-31,False
E007625,1,Engineering,HR Specialist,1899243.42,2017-08-21,2024-12-31,False
E007626,6,Operations,Project Manager,1083826.66,2018-11-22,2024-12-31,False
E007627,2,Finance,Project Manager,1502152.61,2014-02-16,2024-12-31,False
E007628,2,Finance,Financial Analyst,1006610.14,2022-11-14,2024-12-31,False
E007629,6,Operations,Marketing Specialist,1341985.95,2023-08-13,2024-12-31,False
E007630,5,Marketing,Software Engineer,1357992.21,2024-06-01,2024-12-31,False
E007631,5,Marketing,Software Engineer,431102.56,2024-01-06,2024-12-31,False
E007632,6,Operations,Business Analyst,568168.81,2024-06-01,2024-12-31,False
E007633,1,Engineering,Business Analyst,1342930.26,2021-07-18,2024-12-31,False
E007634,4,Sales,Project Manager,553496.66,2019-07-19,2024-12-31,False
E007635,3,Human Resources,HR Specialist,1943215.05,2023-12-12,2024-12-31,False
E007636,1,Engineering,Project Manager,1435573.6,2023-07-18,2024-12-31,False
E007637,6,Operations,Sales Executive,2044615.33,2024-04-11,2024-12-31,False
E007638,1,Engineering,Senior Software Engineer,1017127.42,2010-08-23,2024-12-31,False
E007639,4,Sales,Marketing Specialist,1698432.44,2022-12-25,2024-12-31,False
E007640,4,Sales,Business Analyst,1108637.87,2023-03-13,2024-12-31,False
E007641,3,Human Resources,Marketing Specialist,909554.65,2020-11-28,2024-12-31,False
E007642,5,Marketing,Business Analyst,1634893.4,2022-08-29,2024-12-31,False
E007643,4,Sales,Marketing Specialist,1239944.35,2021-05-05,2024-12-31,False
E007644,5,Marketing,Product Manager,813551.72,2024-04-18,2024-12-31,False
E007645,4,Sales,Project Manager,850454.74,2023-04-18,2024-12-31,False
E007646,5,Marketing,Product Manager,1088961.22,2021-04-23,2024-12-31,False
E007647,4,Sales,HR Specialist,1315130.02,2012-05-09,2024-12-31,False
E007648,4,Sales,Project Manager,1078254.12,2024-06-01,2024-12-31,False
E007649,2,Finance,Marketing Specialist,1857899.56,2022-10-02,2024-12-31,False
E007650,4,Sales,Business Analyst,1734884.85,2023-02-02,2024-12-31,False
E007651,5,Marketing,Software Engineer,732673.02,2024-06-01,2024-12-31,False
E007652,3,Human Resources,Financial Analyst,338841.89,2014-01-14,2024-12-31,False
E007653,1,Engineering,Business Analyst,2314097.06,2018-05-20,2024-12-31,False
E007654,4,Sales,Business Analyst,2037249.11,2022-07-28,2024-12-31,False
E007655,6,Operations,Data Analyst,292698.08,2023-12-02,2024-12-31,False
E007656,6,Operations,Operations Analyst,542930.85,2023-07-04,2024-12-31,False
E007657,6,Operations,Product Manager,970962.99,2021-02-23,2024-12-31,False
E007658,6,Operations,Data Scientist,843744.01,2023-10-27,2024-12-31,False
E007659,5,Marketing,Project Manager,1493508.66,2024-06-01,2024-12-31,False
E007660,5,Marketing,Senior Software Engineer,510365.63,2019-05-04,2024-12-31,False
E007661,4,Sales,Product Manager,2098175.06,2023-04-08,2024-12-31,False
E007662,4,Sales,Data Analyst,1838725.29,2024-03-24,2024-12-31,False
E007663,6,Operations,Business Analyst,1239894.01,2024-06-01,2024-12-31,False
E007664,1,Engineering,Project Manager,1146089.92,2023-11-01,2024-12-31,False
E007665,4,Sales,Data Scientist,360800.95,2024-01-02,2024-12-31,False
E007666,6,Operations,Software Engineer,696956.58,2019-09-19,2024-12-31,False
E007667,3,Human Resources,HR Specialist,1037294.83,2018-07-21,2024-12-31,False
E007668,4,Sales,Product Manager,279029.92,2018-08-28,2024-12-31,False
E007669,3,Human Resources,Operations Analyst,1468274.49,2023-10-26,2024-12-31,False
E007670,2,Finance,Project Manager,1274868.85,2022-08-12,2024-12-31,False
E007671,4,Sales,Sales Executive,1070509.58,2013-12-04,2024-12-31,False
E007672,6,Operations,Product Manager,1357921.49,2019-04-04,2024-12-31,False
E007673,5,Marketing,HR Specialist,714841.25,2019-04-22,2024-12-31,False
E007674,2,Finance,Business Analyst,878410.85,2013-06-09,2024-12-31,False
E007675,2,Finance,Project Manager,261095.3,2018-04-17,2024-12-31,False
E007676,4,Sales,Senior Software Engineer,1456231.99,2009-09-22,2024-12-31,False
E007677,1,Engineering,Product Manager,1060377.07,2022-03-18,2024-12-31,False
E007678,5,Marketing,Sales Executive,1199631.24,2011-09-03,2024-12-31,False
E007679,3,Human Resources,Data Analyst,1778175.66,2021-12-28,2024-12-31,False
E007680,4,Sales,Marketing Specialist,1906024.51,2011-11-28,2024-12-31,False
E007681,1,Engineering,Data Analyst,1466370.54,2019-08-30,2024-12-31,False
E007682,6,Operations,Marketing Specialist,1523668.14,2013-10-22,2024-12-31,False
E007683,6,Operations,Data Analyst,872579.59,2010-08-04,2024-12-31,False
E007684,1,Engineering,Data Analyst,1335494.07,2019-05-03,2024-12-31,False
E007685,6,Operations,Data Analyst,1181513.84,2021-01-30,2024-12-31,False
E007686,4,Sales,Data Scientist,499337.64,2023-11-03,2024-12-31,False
E007687,4,Sales,HR Specialist,1452205.96,2024-06-01,2024-12-31,False
E007688,2,Finance,Financial Analyst,2203713.26,2018-11-13,2024-12-31,False
E007689,1,Engineering,Business Analyst,1230038.34,2022-03-06,2024-12-31,False
E007690,6,Operations,Product Manager,1764476.8,2018-08-30,2024-12-31,False
E007691,3,Human Resources,Data Scientist,2125344.6,2017-08-31,2024-12-31,False
E007692,5,Marketing,Financial Analyst,262429.88,2021-09-13,2024-12-31,False
E007693,6,Operations,Software Engineer,1064752.13,2024-06-01,2024-12-31,False
E007694,6,Operations,Product Manager,1341475.96,2020-06-19,2024-12-31,False
E007695,4,Sales,Financial Analyst,695768.68,2023-09-16,2024-12-31,False
E007696,4,Sales,Business Analyst,1027805.92,2023-11-01,2024-12-31,False
E007697,5,Marketing,Marketing Specialist,627283.31,2021-02-24,2024-12-31,False
E007698,1,Engineering,Business Analyst,686746.91,2018-11-02,2024-12-31,False
E007699,5,Marketing,Senior Software Engineer,261803.74,2022-10-31,2024-12-31,False
E007700,6,Operations,Data Scientist,1953516.13,2011-12-11,2024-12-31,False
E007701,2,Finance,Product Manager,986187.87,2024-06-01,2024-12-31,False
E007702,3,Human Resources,Marketing Specialist,2193324.22,2014-11-30,2024-12-31,False
E007703,2,Finance,Senior Software Engineer,1279041.71,2022-12-02,2024-12-31,False
E007704,5,Marketing,Operations Analyst,1934574.42,2018-04-19,2024-12-31,False
E007705,4,Sales,Product Manager,593139.61,2020-03-15,2024-12-31,False
E007706,6,Operations,Product Manager,1789115.27,2013-12-17,2024-12-31,False
E007707,4,Sales,Business Analyst,1732659.89,2022-08-18,2024-12-31,False
E007708,4,Sales,Software Engineer,1330564.61,2011-05-01,2024-12-31,False
E007709,3,Human Resources,Product Manager,1915517.3,2023-12-23,2024-12-31,False
E007710,4,Sales,Sales Executive,1369105.6,2021-01-07,2024-12-31,False
E007711,4,Sales,Business Analyst,1678600.04,2023-02-05,2024-12-31,False
E007712,1,Engineering,Sales Executive,1781214.34,2022-11-03,2024-12-31,False
E007713,4,Sales,Project Manager,1224442.4,2015-01-01,2024-12-31,False
E007714,4,Sales,Marketing Specialist,524106.68,2015-04-05,2024-12-31,False
E007715,5,Marketing,Marketing Specialist,805322.72,2024-06-01,2024-12-31,False
E007716,1,Engineering,Senior Software Engineer,493148.19,2020-05-15,2024-12-31,False
E007717,4,Sales,Sales Executive,1967311.69,2016-06-02,2024-12-31,False
E007718,2,Finance,Marketing Specialist,887496.07,2021-08-16,2024-12-31,False
E007719,2,Finance,Project Manager,616732.85,2022-08-20,2024-12-31,False
E007720,1,Engineering,Marketing Specialist,1114790.49,2022-04-07,2024-12-31,False
E007721,3,Human Resources,Operations Analyst,1772330.14,2013-03-22,2024-12-31,False
E007722,4,Sales,Product Manager,708444.0,2022-08-20,2024-12-31,False
E007723,2,Finance,Marketing Specialist,1687694.45,2024-04-29,2024-12-31,False
E007724,3,Human Resources,Data Analyst,460760.53,2023-10-17,2024-12-31,False
E007725,6,Operations,Data Analyst,338565.95,2020-10-12,2024-12-31,False
E007726,3,Human Resources,Marketing Specialist,2142191.16,2022-10-23,2024-12-31,False
E007727,3,Human Resources,Operations Analyst,1802789.64,2022-05-07,2024-12-31,False
E007728,3,Human Resources,Business Analyst,1390535.53,2020-08-09,2024-12-31,False
E007729,2,Finance,Senior Software Engineer,419630.09,2010-12-27,2024-12-31,False
E007730,5,Marketing,Sales Executive,2293210.72,2023-12-26,2024-12-31,False
E007731,1,Engineering,Software Engineer,509594.58,2024-01-12,2024-12-31,False
E007732,6,Operations,HR Specialist,1746231.87,2020-06-25,2024-12-31,False
E007733,3,Human Resources,Senior Software Engineer,524346.51,2022-06-20,2024-12-31,False
E007734,1,Engineering,Sales Executive,285829.06,2021-09-24,2024-12-31,False
E007735,6,Operations,Operations Analyst,1281358.51,2017-12-21,2024-12-31,False
E007736,5,Marketing,Data Scientist,395355.41,2024-03-22,2024-12-31,False
E007737,6,Operations,Operations Analyst,1667117.04,2022-06-14,2024-12-31,False
E007738,2,Finance,Project Manager,2209355.84,2022-10-24,2024-12-31,False
E007739,2,Finance,Operations Analyst,1351941.61,2024-06-01,2024-12-31,False
E007740,1,Engineering,Product Manager,1189006.64,2007-02-08,2024-12-31,False
E007741,6,Operations,Operations Analyst,1482306.09,2023-09-02,2024-12-31,False
E007742,5,Marketing,Sales Executive,1038722.4,2023-10-07,2024-12-31,False
E007743,2,Finance,Sales Executive,1047897.94,2014-03-22,2024-12-31,False
E007744,4,Sales,Sales Executive,2032766.12,2023-01-23,2024-12-31,False
E007745,2,Finance,Data Scientist,1137431.23,2021-07-20,2024-12-31,False
E007746,1,Engineering,Sales Executive,848838.7,2021-06-03,2024-12-31,False
E007747,3,Human Resources,Software Engineer,389675.17,2023-02-10,2024-12-31,False
E007748,1,Engineering,Project Manager,535805.08,2013-07-08,2024-12-31,False
E007749,5,Marketing,Senior Software Engineer,953891.04,2024-06-01,2024-12-31,False
E007750,5,Marketing,Sales Executive,484504.58,2020-02-11,2024-12-31,False
E007751,2,Finance,Sales Executive,1474308.15,2024-06-01,2024-12-31,False
E007752,3,Human Resources,Marketing Specialist,1470117.74,2021-04-15,2024-12-31,False
E007753,1,Engineering,Business Analyst,2161461.68,2013-08-01,2024-12-31,False
E007754,2,Finance,Software Engineer,1385600.49,2024-06-01,2024-12-31,False
E007755,2,Finance,Sales Executive,1670887.13,2024-06-01,2024-12-31,False
E007756,3,Human Resources,HR Specialist,435937.0,2024-05-24,2024-12-31,False
E007757,1,Engineering,Marketing Specialist,1745483.91,2024-04-04,2024-12-31,False
E007758,1,Engineering,Data Scientist,466817.01,2024-06-01,2024-12-31,False
E007759,3,Human Resources,Marketing Specialist,1334595.58,2024-02-27,2024-12-31,False
E007760,4,Sales,Data Analyst,964281.63,2020-04-18,2024-12-31,False
E007761,6,Operations,Project Manager,1072900.17,2022-04-22,2024-12-31,False
E007762,2,Finance,Financial Analyst,646963.38,2022-02-21,2024-12-31,False
E007763,2,Finance,Marketing Specialist,1303648.31,2015-01-16,2024-12-31,False
E007764,6,Operations,HR Specialist,1022468.13,2006-12-21,2024-12-31,False
E007765,2,Finance,Data Scientist,1632429.9,2024-06-01,2024-12-31,False
E007766,2,Finance,Sales Executive,963826.88,2022-05-27,2024-12-31,False
E007767,4,Sales,Business Analyst,846430.95,2024-06-01,2024-12-31,False
E007768,1,Engineering,Data Analyst,1839955.51,2023-12-13,2024-12-31,False
E007769,4,Sales,Marketing Specialist,361442.29,2013-11-12,2024-12-31,False
E007770,2,Finance,Marketing Specialist,1183962.23,2021-04-27,2024-12-31,False
E007771,3,Human Resources,Project Manager,323816.7,2016-05-14,2024-12-31,False
E007772,4,Sales,Senior Software Engineer,2098376.12,2019-10-22,2024-12-31,False
E007773,4,Sales,Operations Analyst,2032570.77,2024-03-24,2024-12-31,False
E007774,6,Operations,Data Analyst,2119220.78,2019-10-09,2024-12-31,False
E007775,4,Sales,Software Engineer,2169385.91,2020-10-11,2024-12-31,False
E007776,3,Human Resources,Marketing Specialist,797475.17,2023-03-25,2024-12-31,False
E007777,1,Engineering,Marketing Specialist,1128495.4,2024-06-01,2024-12-31,False
E007778,2,Finance,HR Specialist,978807.05,2013-06-19,2024-12-31,False
E007779,2,Finance,Financial Analyst,2032978.12,2023-09-02,2024-12-31,False
E007780,4,Sales,Financial Analyst,1646478.44,2013-05-04,2024-12-31,False
E007781,2,Finance,Software Engineer,1197666.2,2022-09-26,2024-12-31,False
E007782,5,Marketing,Sales Executive,421924.98,2022-03-07,2024-12-31,False
E007783,5,Marketing,Senior Software Engineer,1960991.27,2019-02-05,2024-12-31,False
E007784,2,Finance,Operations Analyst,793237.74,2024-06-01,2024-12-31,False
E007785,4,Sales,Project Manager,382699.94,2020-04-12,2024-12-31,False
E007786,2,Finance,Data Scientist,1418718.66,2022-03-31,2024-12-31,False
E007787,2,Finance,Data Scientist,655804.49,2024-06-01,2024-12-31,False
E007788,5,Marketing,Business Analyst,2072958.29,2024-02-04,2024-12-31,False
E007789,4,Sales,Operations Analyst,706572.19,2022-02-28,2024-12-31,False
E007790,4,Sales,Business Analyst,1692038.34,2018-08-27,2024-12-31,False
E007791,6,Operations,Senior Software Engineer,823290.37,2017-06-19,2024-12-31,False
E007792,6,Operations,HR Specialist,923424.28,2024-06-01,2024-12-31,False
E007793,2,Finance,Data Scientist,1542194.43,2003-11-07,2024-12-31,False
E007794,2,Finance,Senior Software Engineer,2034139.0,2021-10-04,2024-12-31,False
E007795,4,Sales,Software Engineer,1233567.51,2021-01-17,2024-12-31,False
E007796,6,Operations,Operations Analyst,1954365.59,2021-10-31,2024-12-31,False
E007797,5,Marketing,Senior Software Engineer,1800485.95,2022-11-06,2024-12-31,False
E007798,2,Finance,Software Engineer,1171547.2,2022-06-07,2024-12-31,False
E007799,6,Operations,Data Scientist,719858.31,2007-10-14,2024-12-31,False
E007800,1,Engineering,Business Analyst,1410856.86,2008-07-12,2024-12-31,False
E007801,4,Sales,Sales Executive,1077851.55,2022-04-09,2024-12-31,False
E007802,3,Human Resources,Product Manager,1532228.93,2023-11-01,2024-12-31,False
E007803,2,Finance,Product Manager,837166.7,2015-10-10,2024-12-31,False
E007804,6,Operations,Senior Software Engineer,1056952.47,2024-04-12,2024-12-31,False
E007805,2,Finance,Marketing Specialist,845465.7,2007-11-28,2024-12-31,False
E007806,4,Sales,Sales Executive,1143186.21,2024-06-01,2024-12-31,False
E007807,2,Finance,Marketing Specialist,1443520.77,2020-11-09,2024-12-31,False
E007808,6,Operations,Operations Analyst,641814.31,2022-05-10,2024-12-31,False
E007809,2,Finance,Project Manager,865997.31,2024-03-26,2024-12-31,False
E007810,5,Marketing,Senior Software Engineer,264058.29,2007-10-02,2024-12-31,False
E007811,2,Finance,Financial Analyst,1800263.68,2009-10-24,2024-12-31,False
E007812,5,Marketing,Business Analyst,1587715.61,2022-05-27,2024-12-31,False
E007813,2,Finance,Operations Analyst,1971420.03,2015-01-27,2024-12-31,False
E007814,4,Sales,Operations Analyst,420023.02,2020-04-29,2024-12-31,False
E007815,1,Engineering,Software Engineer,670528.12,2020-10-12,2024-12-31,False
E007816,1,Engineering,Project Manager,645453.39,2024-04-07,2024-12-31,False
E007817,5,Marketing,Senior Software Engineer,349907.02,2018-01-31,2024-12-31,False
E007818,1,Engineering,Data Scientist,1777710.55,2016-08-03,2024-12-31,False
E007819,1,Engineering,Financial Analyst,490696.43,2018-04-17,2024-12-31,False
E007820,3,Human Resources,HR Specialist,493695.84,2020-01-02,2024-12-31,False
E007821,4,Sales,HR Specialist,1958279.2,2018-12-06,2024-12-31,False
E007822,1,Engineering,HR Specialist,716417.69,2023-05-19,2024-12-31,False
E007823,5,Marketing,Data Scientist,639147.8,2018-03-27,2024-12-31,False
E007824,3,Human Resources,Project Manager,786665.23,2022-05-16,2024-12-31,False
E007825,1,Engineering,Senior Software Engineer,1399558.39,2023-07-17,2024-12-31,False
E007826,3,Human Resources,Project Manager,588024.68,2023-05-11,2024-12-31,False
E007827,5,Marketing,Project Manager,384337.15,2024-02-02,2024-12-31,False
E007828,6,Operations,Product Manager,1945711.91,2022-05-17,2024-12-31,False
E007829,3,Human Resources,HR Specialist,1534634.23,2020-02-25,2024-12-31,False
E007830,4,Sales,Data Analyst,2127572.24,2024-06-01,2024-12-31,False
E007831,1,Engineering,Business Analyst,1619343.99,2019-02-22,2024-12-31,False
E007832,3,Human Resources,HR Specialist,563808.46,2023-02-21,2024-12-31,False
E007833,2,Finance,Data Scientist,1874944.93,2023-01-01,2024-12-31,False
E007834,2,Finance,Project Manager,509211.4,2018-06-03,2024-12-31,False
E007835,5,Marketing,Project Manager,919272.41,2022-02-28,2024-12-31,False
E007836,5,Marketing,Business Analyst,1665364.84,2023-07-17,2024-12-31,False
E007837,2,Finance,Project Manager,594681.89,2020-01-02,2024-12-31,False
E007838,4,Sales,Financial Analyst,2016463.03,2024-03-20,2024-12-31,False
E007839,5,Marketing,Business Analyst,1665622.61,2024-04-30,2024-12-31,False
E007840,2,Finance,Project Manager,526460.32,2022-04-10,2024-12-31,False
E007841,5,Marketing,Senior Software Engineer,1406120.0,2020-04-02,2024-12-31,False
E007842,4,Sales,Financial Analyst,2049196.88,2024-06-01,2024-12-31,False
E007843,1,Engineering,Operations Analyst,1112087.25,2023-05-22,2024-12-31,False
E007844,4,Sales,Business Analyst,1238693.81,2024-06-01,2024-12-31,False
E007845,5,Marketing,Sales Executive,737590.96,2001-10-22,2024-12-31,False
E007846,5,Marketing,Data Scientist,2162506.0,2024-04-01,2024-12-31,False
E007847,4,Sales,Marketing Specialist,2151127.23,2012-02-12,2024-12-31,False
E007848,5,Marketing,Project Manager,930666.76,2022-03-31,2024-12-31,False
E007849,6,Operations,Data Scientist,1078039.67,2005-04-20,2024-12-31,False
E007850,1,Engineering,HR Specialist,1270029.76,2021-09-30,2024-12-31,False
E007851,2,Finance,HR Specialist,1506104.47,2024-06-01,2024-12-31,False
E007852,3,Human Resources,HR Specialist,399603.27,2021-08-03,2024-12-31,False
E007853,3,Human Resources,HR Specialist,1489847.69,2016-08-25,2024-12-31,False
E007854,4,Sales,Project Manager,2094580.66,2013-10-13,2024-12-31,False
E007855,6,Operations,Senior Software Engineer,1957600.84,2022-08-04,2024-12-31,False
E007856,1,Engineering,Financial Analyst,1299019.61,2024-06-01,2024-12-31,False
E007857,6,Operations,Product Manager,2019073.33,2016-02-08,2024-12-31,False
E007858,2,Finance,Marketing Specialist,1921689.89,2024-04-08,2024-12-31,False
E007859,2,Finance,Sales Executive,1630869.9,2022-11-07,2024-12-31,False
E007860,3,Human Resources,Software Engineer,1353616.58,2011-07-25,2024-12-31,False
E007861,5,Marketing,Operations Analyst,2148351.55,2023-08-03,2024-12-31,False
E007862,6,Operations,Software Engineer,269786.73,2018-08-14,2024-12-31,False
E007863,5,Marketing,Product Manager,1946686.09,2016-12-29,2024-12-31,False
E007864,6,Operations,Product Manager,1270424.84,2017-02-14,2024-12-31,False
E007865,4,Sales,Sales Executive,660823.09,2011-01-31,2024-12-31,False
E007866,1,Engineering,Business Analyst,2109442.09,2022-06-07,2024-12-31,False
E007867,1,Engineering,Senior Software Engineer,597269.95,2019-01-18,2024-12-31,False
E007868,2,Finance,Sales Executive,1606162.07,2009-03-31,2024-12-31,False
E007869,5,Marketing,Operations Analyst,541953.3,2024-03-20,2024-12-31,False
E007870,2,Finance,Financial Analyst,694506.02,2023-11-25,2024-12-31,False
E007871,4,Sales,Data Analyst,314110.16,2024-06-01,2024-12-31,False
E007872,1,Engineering,Data Analyst,1999568.1,2021-05-15,2024-12-31,False
E007873,1,Engineering,Product Manager,1928487.22,2020-06-14,2024-12-31,False
E007874,1,Engineering,Data Scientist,387344.75,2006-07-08,2024-12-31,False
E007875,5,Marketing,Senior Software Engineer,2262458.28,2009-05-22,2024-12-31,False
E007876,1,Engineering,Sales Executive,1375944.2,2023-10-21,2024-12-31,False
E007877,6,Operations,Software Engineer,388049.87,2023-10-17,2024-12-31,False
E007878,3,Human Resources,Senior Software Engineer,1156666.5,2023-02-02,2024-12-31,False
E007879,6,Operations,Software Engineer,1836639.82,2023-08-24,2024-12-31,False
E007880,2,Finance,Financial Analyst,781265.47,2016-07-20,2024-12-31,False
E007881,5,Marketing,Operations Analyst,1208067.16,2022-12-05,2024-12-31,False
E007882,4,Sales,Software Engineer,1610473.52,2017-08-02,2024-12-31,False
E007883,4,Sales,Project Manager,2085526.64,2018-02-05,2024-12-31,False
E007884,4,Sales,Marketing Specialist,1322266.86,2024-06-01,2024-12-31,False
E007885,4,Sales,HR Specialist,347126.56,2021-09-24,2024-12-31,False
E007886,2,Finance,Project Manager,1743553.91,2024-06-01,2024-12-31,False
E007887,2,Finance,HR Specialist,2084724.61,2024-06-01,2024-12-31,False
E007888,1,Engineering,Business Analyst,467264.65,2019-05-06,2024-12-31,False
E007889,2,Finance,Business Analyst,1338884.49,2021-08-04,2024-12-31,False
E007890,2,Finance,Product Manager,576318.58,2016-10-23,2024-12-31,False
E007891,1,Engineering,Operations Analyst,1710296.02,2024-06-01,2024-12-31,False
E007892,4,Sales,Business Analyst,1374766.91,2023-05-29,2024-12-31,False
E007893,3,Human Resources,Business Analyst,1018769.5,2024-06-01,2024-12-31,False
E007894,2,Finance,Sales Executive,1675360.92,2023-02-03,2024-12-31,False
E007895,4,Sales,Sales Executive,2198605.68,2024-06-01,2024-12-31,False
E007896,3,Human Resources,Data Analyst,1852590.66,2024-01-29,2024-12-31,False
E007897,6,Operations,Product Manager,1574093.45,2017-03-13,2024-12-31,False
E007898,2,Finance,Data Scientist,1912708.42,2023-06-16,2024-12-31,False
E007899,1,Engineering,Senior Software Engineer,1049798.21,2022-02-20,2024-12-31,False
E007900,5,Marketing,Software Engineer,1986663.08,2009-04-20,2024-12-31,False
E007901,4,Sales,Senior Software Engineer,721422.13,2013-12-04,2024-12-31,False
E007902,4,Sales,Operations Analyst,2139542.5,2019-05-10,2024-12-31,False
E007903,4,Sales,Marketing Specialist,526942.16,2014-12-15,2024-12-31,False
E007904,6,Operations,Financial Analyst,2356099.16,2024-03-02,2024-12-31,False
E007905,2,Finance,Financial Analyst,891191.71,2015-08-08,2024-12-31,False
E007906,5,Marketing,Data Analyst,1258358.65,2016-11-27,2024-12-31,False
E007907,6,Operations,Sales Executive,1200127.85,2017-03-03,2024-12-31,False
E007908,3,Human Resources,Operations Analyst,634060.94,2010-03-09,2024-12-31,False
E007909,1,Engineering,Financial Analyst,380506.87,2020-11-05,2024-12-31,False
E007910,4,Sales,Operations Analyst,2044989.33,2022-08-10,2024-12-31,False
E007911,5,Marketing,Product Manager,2117792.98,2011-11-18,2024-12-31,False
E007912,6,Operations,Marketing Specialist,2023598.84,2018-12-08,2024-12-31,False
E007913,5,Marketing,Project Manager,1347113.78,2024-06-01,2024-12-31,False
E007914,2,Finance,Marketing Specialist,701694.39,2012-07-06,2024-12-31,False
E007915,3,Human Resources,Financial Analyst,1240950.03,2024-06-01,2024-12-31,False
E007916,4,Sales,Financial Analyst,1906348.01,2005-06-09,2024-12-31,False
E007917,1,Engineering,Data Analyst,928699.93,2021-07-16,2024-12-31,False
E007918,3,Human Resources,Business Analyst,676736.04,2023-09-08,2024-12-31,False
E007919,5,Marketing,Senior Software Engineer,2228991.63,2018-08-05,2024-12-31,False
E007920,5,Marketing,Business Analyst,908458.63,2020-09-12,2024-12-31,False
E007921,3,Human Resources,HR Specialist,2235547.79,2020-04-04,2024-12-31,False
E007922,3,Human Resources,Operations Analyst,560045.09,2022-09-23,2024-12-31,False
E007923,1,Engineering,Product Manager,1795230.81,2018-10-01,2024-12-31,False
E007924,2,Finance,Product Manager,1525730.24,2014-12-09,2024-12-31,False
E007925,6,Operations,Senior Software Engineer,397141.51,2023-11-23,2024-12-31,False
E007926,5,Marketing,Financial Analyst,2254214.28,2011-08-25,2024-12-31,False
E007927,5,Marketing,Business Analyst,993186.72,2021-06-03,2024-12-31,False
E007928,2,Finance,Data Scientist,1638663.31,2022-06-17,2024-12-31,False
E007929,3,Human Resources,Software Engineer,1299919.35,2014-11-04,2024-12-31,False
E007930,4,Sales,Sales Executive,1159692.59,2017-09-12,2024-12-31,False
E007931,6,Operations,Senior Software Engineer,1172244.77,2010-01-05,2024-12-31,False
E007932,6,Operations,Product Manager,1257975.88,2020-06-05,2024-12-31,False
E007933,1,Engineering,Project Manager,767198.47,2019-05-27,2024-12-31,False
E007934,1,Engineering,Sales Executive,1209977.11,2018-06-28,2024-12-31,False
E007935,5,Marketing,HR Specialist,934830.49,2010-06-19,2024-12-31,False
E007936,1,Engineering,Operations Analyst,1944598.62,2023-04-15,2024-12-31,False
E007937,3,Human Resources,Software Engineer,281368.54,2023-03-06,2024-12-31,False
E007938,6,Operations,Financial Analyst,687531.78,2022-09-04,2024-12-31,False
E007939,2,Finance,Project Manager,1165294.08,2024-06-01,2024-12-31,False
E007940,1,Engineering,Operations Analyst,1594159.65,2024-06-01,2024-12-31,False
E007941,4,Sales,Business Analyst,791052.83,2023-05-13,2024-12-31,False
E007942,3,Human Resources,Sales Executive,528474.43,2022-04-26,2024-12-31,False
E007943,2,Finance,Software Engineer,1822805.58,2022-08-18,2024-12-31,False
E007944,3,Human Resources,Software Engineer,2049792.01,2016-05-10,2024-12-31,False
E007945,4,Sales,Product Manager,2065295.58,2023-09-20,2024-12-31,False
E007946,6,Operations,HR Specialist,909148.33,2023-10-27,2024-12-31,False
E007947,1,Engineering,Marketing Specialist,1729026.83,2013-04-26,2024-12-31,False
E007948,6,Operations,Senior Software Engineer,2062375.41,2021-11-27,2024-12-31,False
E007949,4,Sales,Business Analyst,784306.39,2020-02-26,2024-12-31,False
E007950,2,Finance,HR Specialist,2127728.53,2021-05-25,2024-12-31,False
E007951,5,Marketing,Financial Analyst,1026720.09,2023-08-03,2024-12-31,False
E007952,6,Operations,Sales Executive,879797.0,2022-02-04,2024-12-31,False
E007953,5,Marketing,Marketing Specialist,362231.72,2023-12-27,2024-12-31,False
E007954,2,Finance,Senior Software Engineer,2079160.27,2015-07-19,2024-12-31,False
E007955,2,Finance,Data Analyst,2012838.48,2017-05-31,2024-12-31,False
E007956,4,Sales,Senior Software Engineer,1263886.43,2020-10-03,2024-12-31,False
E007957,5,Marketing,Business Analyst,1373989.42,2021-08-06,2024-12-31,False
E007958,6,Operations,Business Analyst,2093546.51,2023-01-14,2024-12-31,False
E007959,3,Human Resources,Operations Analyst,668383.92,2023-04-29,2024-12-31,False
E007960,3,Human Resources,Senior Software Engineer,1111638.33,2013-12-14,2024-12-31,False
E007961,2,Finance,Data Scientist,822004.59,2023-06-20,2024-12-31,False
E007962,4,Sales,Business Analyst,1197393.93,2019-09-14,2024-12-31,False
E007963,5,Marketing,Senior Software Engineer,2092542.02,2023-09-22,2024-12-31,False
E007964,1,Engineering,Operations Analyst,1204195.86,2011-06-15,2024-12-31,False
E007965,5,Marketing,Software Engineer,1888616.93,2024-06-01,2024-12-31,False
E007966,6,Operations,Data Analyst,501493.27,2021-01-01,2024-12-31,False
E007967,1,Engineering,HR Specialist,1013725.07,2023-05-27,2024-12-31,False
E007968,4,Sales,Financial Analyst,709564.25,2006-12-16,2024-12-31,False
E007969,1,Engineering,Data Scientist,749900.61,2016-12-03,2024-12-31,False
E007970,6,Operations,HR Specialist,1410314.31,2021-07-10,2024-12-31,False
E007971,3,Human Resources,HR Specialist,1229750.29,2014-10-25,2024-12-31,False
E007972,1,Engineering,Marketing Specialist,1634649.38,2013-03-15,2024-12-31,False
E007973,5,Marketing,Operations Analyst,950192.79,2019-07-01,2024-12-31,False
E007974,6,Operations,Business Analyst,1802537.46,2023-04-17,2024-12-31,False
E007975,4,Sales,Product Manager,913758.75,2020-10-07,2024-12-31,False
E007976,4,Sales,Operations Analyst,298831.3,2014-02-10,2024-12-31,False
E007977,5,Marketing,Software Engineer,1528059.0,2022-04-10,2024-12-31,False
E007978,4,Sales,Product Manager,1830199.94,2020-10-18,2024-12-31,False
E007979,5,Marketing,Product Manager,2013461.58,2011-11-07,2024-12-31,False
E007980,5,Marketing,Data Analyst,1801883.6,2024-06-01,2024-12-31,False
E007981,3,Human Resources,Senior Software Engineer,575265.39,2015-02-26,2024-12-31,False
E007982,4,Sales,HR Specialist,1142186.48,2017-09-09,2024-12-31,False
E007983,3,Human Resources,Business Analyst,996887.81,2023-08-27,2024-12-31,False
E007984,3,Human Resources,Financial Analyst,823979.99,2024-06-01,2024-12-31,False
E007985,5,Marketing,Sales Executive,461609.86,2017-10-12,2024-12-31,False
E007986,6,Operations,Software Engineer,824711.68,2024-01-30,2024-12-31,False
E007987,5,Marketing,Senior Software Engineer,2347130.99,2022-09-23,2024-12-31,False
E007988,1,Engineering,HR Specialist,1274445.22,2015-09-25,2024-12-31,False
E007989,6,Operations,Financial Analyst,1475706.36,2024-06-01,2024-12-31,False
E007990,1,Engineering,Sales Executive,891611.68,2021-12-05,2024-12-31,False
E007991,4,Sales,Data Analyst,940125.55,2018-05-06,2024-12-31,False
E007992,6,Operations,Operations Analyst,501128.52,2016-03-10,2024-12-31,False
E007993,1,Engineering,Marketing Specialist,1163973.78,2020-11-09,2024-12-31,False
E007994,3,Human Resources,Senior Software Engineer,1839642.76,2018-09-05,2024-12-31,False
E007995,4,Sales,Senior Software Engineer,372887.99,2023-01-07,2024-12-31,False
E007996,1,Engineering,Software Engineer,1913322.68,2021-11-17,2024-12-31,False
E007997,5,Marketing,Data Analyst,1822576.6,2014-10-16,2024-12-31,False
E007998,4,Sales,Project Manager,1223976.39,2023-02-15,2024-12-31,False
E007999,3,Human Resources,Software Engineer,1279992.69,2016-10-25,2024-12-31,False
E008000,3,Human Resources,HR Specialist,675323.9,2022-12-12,2024-12-31,False
E008001,4,Sales,Project Manager,1579678.26,2012-05-25,2024-12-31,False
E008002,2,Finance,HR Specialist,1531464.16,2018-03-06,2024-12-31,False
E008003,5,Marketing,HR Specialist,2043956.88,2017-05-21,2024-12-31,False
E008004,6,Operations,Project Manager,750958.75,2022-10-24,2024-12-31,False
E008005,6,Operations,Operations Analyst,2209128.25,2024-06-01,2024-12-31,False
E008006,1,Engineering,Product Manager,482767.5,2024-02-18,2024-12-31,False
E008007,6,Operations,Project Manager,788697.52,2022-02-28,2024-12-31,False
E008008,1,Engineering,HR Specialist,508613.73,2017-11-12,2024-12-31,False
E008009,3,Human Resources,Operations Analyst,1233451.7,2024-04-23,2024-12-31,False
E008010,5,Marketing,Business Analyst,1808370.12,2009-06-27,2024-12-31,False
E008011,4,Sales,Project Manager,1738350.33,2011-06-15,2024-12-31,False
E008012,5,Marketing,Marketing Specialist,249300.81,2021-08-09,2024-12-31,False
E008013,3,Human Resources,Data Scientist,1040561.2,2019-02-04,2024-12-31,False
E008014,6,Operations,Business Analyst,370225.31,2023-09-05,2024-12-31,False
E008015,4,Sales,HR Specialist,932734.24,2020-03-01,2024-12-31,False
E008016,3,Human Resources,Sales Executive,1070219.23,2016-08-19,2024-12-31,False
E008017,6,Operations,Software Engineer,2122601.47,2024-06-01,2024-12-31,False
E008018,4,Sales,Sales Executive,1337715.63,2019-11-06,2024-12-31,False
E008019,2,Finance,Business Analyst,369024.86,2024-06-01,2024-12-31,False
E008020,6,Operations,Marketing Specialist,368519.01,2021-02-28,2024-12-31,False
E008021,2,Finance,Business Analyst,962960.9,2021-10-22,2024-12-31,False
E008022,5,Marketing,HR Specialist,1420200.47,2023-12-25,2024-12-31,False
E008023,1,Engineering,HR Specialist,1521445.73,2014-07-01,2024-12-31,False
E008024,6,Operations,HR Specialist,1747802.29,2009-11-15,2024-12-31,False
E008025,5,Marketing,Financial Analyst,1693033.3,2022-01-16,2024-12-31,False
E008026,4,Sales,Product Manager,1138051.01,2015-12-26,2024-12-31,False
E008027,6,Operations,Senior Software Engineer,609129.59,2019-12-16,2024-12-31,False
E008028,3,Human Resources,Project Manager,2344705.32,2016-05-10,2024-12-31,False
E008029,2,Finance,Project Manager,529117.99,2024-04-25,2024-12-31,False
E008030,3,Human Resources,Project Manager,1712754.74,2024-04-19,2024-12-31,False
E008031,1,Engineering,Business Analyst,1977773.25,2006-06-12,2024-12-31,False
E008032,4,Sales,Financial Analyst,1055882.68,2023-01-05,2024-12-31,False
E008033,1,Engineering,Marketing Specialist,1210903.79,2022-02-15,2024-12-31,False
E008034,1,Engineering,Business Analyst,1188378.51,2024-06-01,2024-12-31,False
E008035,6,Operations,Senior Software Engineer,729220.26,2022-12-29,2024-12-31,False
E008036,3,Human Resources,Project Manager,1553828.98,2024-06-01,2024-12-31,False
E008037,4,Sales,Senior Software Engineer,1004876.76,2004-10-26,2024-12-31,False
E008038,4,Sales,Marketing Specialist,1637712.71,2023-01-19,2024-12-31,False
E008039,1,Engineering,Project Manager,2041884.58,2018-07-03,2024-12-31,False
E008040,3,Human Resources,Business Analyst,1013603.33,2014-07-12,2024-12-31,False
E008041,3,Human Resources,Data Analyst,1809597.57,2022-08-21,2024-12-31,False
E008042,5,Marketing,Project Manager,1709732.87,2024-03-31,2024-12-31,False
E008043,1,Engineering,Sales Executive,1184927.69,2007-10-01,2024-12-31,False
E008044,4,Sales,Senior Software Engineer,1956519.66,2014-10-12,2024-12-31,False
E008045,3,Human Resources,Financial Analyst,1758220.63,2023-09-04,2024-12-31,False
E008046,6,Operations,Business Analyst,1956020.5,2023-01-06,2024-12-31,False
E008047,6,Operations,Data Analyst,1964085.54,2020-06-08,2024-12-31,False
E008048,3,Human Resources,Financial Analyst,890352.34,2013-09-04,2024-12-31,False
E008049,3,Human Resources,Project Manager,442431.45,2020-09-12,2024-12-31,False
E008050,4,Sales,HR Specialist,1467897.75,2012-09-30,2024-12-31,False
E008051,4,Sales,HR Specialist,2364494.22,2011-06-21,2024-12-31,False
E008052,1,Engineering,Data Scientist,547623.88,2017-06-28,2024-12-31,False
E008053,6,Operations,HR Specialist,331921.78,2014-09-25,2024-12-31,False
E008054,4,Sales,Data Scientist,1126380.03,2022-06-08,2024-12-31,False
E008055,6,Operations,Product Manager,1545756.95,2020-07-22,2024-12-31,False
E008056,2,Finance,Product Manager,1991288.73,2020-07-10,2024-12-31,False
E008057,5,Marketing,Data Analyst,1359070.13,2016-01-17,2024-12-31,False
E008058,4,Sales,Software Engineer,2170755.16,2024-02-19,2024-12-31,False
E008059,4,Sales,Business Analyst,2080354.67,2006-08-14,2024-12-31,False
E008060,6,Operations,Software Engineer,746861.52,2022-12-11,2024-12-31,False
E008061,3,Human Resources,Data Analyst,409765.33,2024-03-19,2024-12-31,False
E008062,1,Engineering,Project Manager,630721.5,2023-10-27,2024-12-31,False
E008063,5,Marketing,Sales Executive,1645024.45,2024-06-01,2024-12-31,False
E008064,6,Operations,Software Engineer,1301196.01,2021-12-30,2024-12-31,False
E008065,3,Human Resources,Data Scientist,2093596.32,2022-03-16,2024-12-31,False
E008066,2,Finance,Operations Analyst,653386.66,2023-09-19,2024-12-31,False
E008067,2,Finance,Project Manager,1378325.91,2024-06-01,2024-12-31,False
E008068,1,Engineering,Business Analyst,1816257.26,2009-06-22,2024-12-31,False
E008069,4,Sales,Data Scientist,1463700.41,2014-09-02,2024-12-31,False
E008070,2,Finance,HR Specialist,1659254.4,2024-06-01,2024-12-31,False
E008071,2,Finance,Operations Analyst,2296785.61,2024-06-01,2024-12-31,False
E008072,4,Sales,Software Engineer,1885591.21,2024-05-19,2024-12-31,False
E008073,3,Human Resources,HR Specialist,1059119.53,2016-10-16,2024-12-31,False
E008074,1,Engineering,Financial Analyst,816363.43,2024-06-01,2024-12-31,False
E008075,4,Sales,Senior Software Engineer,1868459.26,2022-04-08,2024-12-31,False
E008076,4,Sales,Data Scientist,559721.21,2023-05-28,2024-12-31,False
E008077,2,Finance,Operations Analyst,1066471.28,2006-10-31,2024-12-31,False
E008078,3,Human Resources,Operations Analyst,1941045.5,2023-12-17,2024-12-31,False
E008079,5,Marketing,HR Specialist,1006662.23,2024-06-01,2024-12-31,False
E008080,3,Human Resources,HR Specialist,420155.0,2024-01-12,2024-12-31,False
E008081,1,Engineering,Sales Executive,1854821.49,2023-05-25,2024-12-31,False
E008082,1,Engineering,Senior Software Engineer,361609.83,2019-02-23,2024-12-31,False
E008083,4,Sales,Data Analyst,898382.86,2021-07-20,2024-12-31,False
E008084,2,Finance,Financial Analyst,1549965.49,2023-06-27,2024-12-31,False
E008085,3,Human Resources,Data Analyst,2329100.97,2022-05-01,2024-12-31,False
E008086,2,Finance,HR Specialist,2340253.27,2021-11-11,2024-12-31,False
E008087,2,Finance,Marketing Specialist,2061731.81,2021-04-06,2024-12-31,False
E008088,2,Finance,Product Manager,1717097.45,2024-06-01,2024-12-31,False
E008089,4,Sales,Software Engineer,1130348.45,2020-08-27,2024-12-31,False
E008090,4,Sales,Senior Software Engineer,2048697.7,2023-06-08,2024-12-31,False
E008091,6,Operations,Product Manager,597267.4,2023-06-08,2024-12-31,False
E008092,4,Sales,Business Analyst,1549339.02,2021-06-02,2024-12-31,False
E008093,2,Finance,Project Manager,395460.63,2013-11-03,2024-12-31,False
E008094,6,Operations,Project Manager,1203194.08,2015-09-03,2024-12-31,False
E008095,5,Marketing,Software Engineer,2017819.16,2024-06-01,2024-12-31,False
E008096,1,Engineering,Marketing Specialist,829990.81,2004-04-24,2024-12-31,False
E008097,5,Marketing,Operations Analyst,1996576.65,2023-08-20,2024-12-31,False
E008098,2,Finance,Marketing Specialist,1193106.71,2024-05-14,2024-12-31,False
E008099,6,Operations,HR Specialist,506562.1,2016-02-18,2024-12-31,False
E008100,2,Finance,Financial Analyst,1566301.33,2019-12-08,2024-12-31,False
E008101,6,Operations,Data Scientist,1350966.28,2024-06-01,2024-12-31,False
E008102,5,Marketing,Software Engineer,2085762.76,2016-10-28,2024-12-31,False
E008103,2,Finance,Software Engineer,1851145.5,2017-11-18,2024-12-31,False
E008104,2,Finance,Senior Software Engineer,1951814.13,2014-04-27,2024-12-31,False
E008105,3,Human Resources,Data Analyst,1973452.94,2023-08-11,2024-12-31,False
E008106,4,Sales,Senior Software Engineer,1762082.36,2013-04-08,2024-12-31,False
E008107,6,Operations,Financial Analyst,2056384.25,2018-07-08,2024-12-31,False
E008108,3,Human Resources,Data Scientist,1200158.71,2023-10-26,2024-12-31,False
E008109,2,Finance,Software Engineer,884482.13,2021-05-31,2024-12-31,False
E008110,5,Marketing,Sales Executive,1328355.82,2021-08-02,2024-12-31,False
E008111,3,Human Resources,Product Manager,1417244.03,2023-04-29,2024-12-31,False
E008112,2,Finance,Business Analyst,2204100.4,2024-06-01,2024-12-31,False
E008113,1,Engineering,HR Specialist,2210119.64,2023-06-24,2024-12-31,False
E008114,6,Operations,Data Scientist,1541087.57,2024-06-01,2024-12-31,False
E008115,6,Operations,HR Specialist,1627341.85,2019-06-02,2024-12-31,False
E008116,6,Operations,Marketing Specialist,375276.83,2010-06-29,2024-12-31,False
E008117,5,Marketing,Financial Analyst,2369847.65,2020-02-24,2024-12-31,False
E008118,6,Operations,Marketing Specialist,1531681.64,2024-02-05,2024-12-31,False
E008119,2,Finance,Business Analyst,265105.41,2021-03-30,2024-12-31,False
E008120,1,Engineering,Project Manager,1121934.77,2011-09-06,2024-12-31,False
E008121,6,Operations,Product Manager,1684941.54,2022-07-06,2024-12-31,False
E008122,6,Operations,Data Scientist,1044619.45,2023-11-05,2024-12-31,False
E008123,3,Human Resources,Sales Executive,922231.23,2024-06-01,2024-12-31,False
E008124,2,Finance,Marketing Specialist,690559.34,2023-09-08,2024-12-31,False
E008125,3,Human Resources,Operations Analyst,853370.93,2001-06-07,2024-12-31,False
E008126,2,Finance,Operations Analyst,637993.71,2021-12-19,2024-12-31,False
E008127,1,Engineering,Senior Software Engineer,1810958.49,2023-06-21,2024-12-31,False
E008128,3,Human Resources,Marketing Specialist,1474494.54,2024-04-09,2024-12-31,False
E008129,1,Engineering,Data Scientist,914335.11,2023-01-10,2024-12-31,False
E008130,5,Marketing,Software Engineer,1009475.32,2023-08-09,2024-12-31,False
E008131,4,Sales,Sales Executive,1951821.68,2024-06-01,2024-12-31,False
E008132,4,Sales,Product Manager,2142228.16,2022-03-02,2024-12-31,False
E008133,1,Engineering,Product Manager,1669685.1,2020-12-06,2024-12-31,False
E008134,2,Finance,HR Specialist,1560455.46,2023-12-31,2024-12-31,False
E008135,2,Finance,Senior Software Engineer,474906.8,2021-08-15,2024-12-31,False
E008136,2,Finance,Financial Analyst,1804450.59,2008-10-09,2024-12-31,False
E008137,2,Finance,Data Scientist,1119766.25,2022-04-21,2024-12-31,False
E008138,1,Engineering,Data Scientist,706393.85,2020-05-03,2024-12-31,False
E008139,4,Sales,Senior Software Engineer,1029480.27,2019-04-23,2024-12-31,False
E008140,6,Operations,Data Analyst,1941900.75,2021-08-07,2024-12-31,False
E008141,5,Marketing,Business Analyst,1972852.57,2024-06-01,2024-12-31,False
E008142,2,Finance,Financial Analyst,2070459.87,2024-06-01,2024-12-31,False
E008143,1,Engineering,HR Specialist,1878172.19,2019-06-30,2024-12-31,False
E008144,6,Operations,Senior Software Engineer,2046600.63,2014-04-01,2024-12-31,False
E008145,2,Finance,Sales Executive,1276796.63,2015-08-01,2024-12-31,False
E008146,4,Sales,Sales Executive,393899.01,2014-03-03,2024-12-31,False
E008147,5,Marketing,HR Specialist,771290.19,2024-06-01,2024-12-31,False
E008148,3,Human Resources,Product Manager,1388725.09,2024-03-29,2024-12-31,False
E008149,1,Engineering,Data Analyst,376030.71,2018-05-28,2024-12-31,False
E008150,5,Marketing,Software Engineer,2020005.41,2014-03-25,2024-12-31,False
E008151,2,Finance,Business Analyst,1124575.46,2024-06-01,2024-12-31,False
E008152,5,Marketing,Senior Software Engineer,1945206.11,2023-12-02,2024-12-31,False
E008153,1,Engineering,Marketing Specialist,1786546.79,2024-06-01,2024-12-31,False
E008154,1,Engineering,Product Manager,526793.32,2023-05-24,2024-12-31,False
E008155,2,Finance,Data Analyst,1849254.83,2023-06-09,2024-12-31,False
E008156,4,Sales,Operations Analyst,564760.9,2022-10-05,2024-12-31,False
E008157,2,Finance,Project Manager,408589.5,2023-11-19,2024-12-31,False
E008158,1,Engineering,Data Analyst,734914.64,2021-01-10,2024-12-31,False
E008159,2,Finance,Project Manager,279238.18,2024-06-01,2024-12-31,False
E008160,2,Finance,Software Engineer,2255011.02,2024-06-01,2024-12-31,False
E008161,4,Sales,Sales Executive,865720.09,2023-12-17,2024-12-31,False
E008162,1,Engineering,Business Analyst,471974.53,2024-06-01,2024-12-31,False
E008163,3,Human Resources,Operations Analyst,542441.11,2022-11-24,2024-12-31,False
E008164,5,Marketing,Operations Analyst,402260.08,2016-10-17,2024-12-31,False
E008165,3,Human Resources,Business Analyst,392119.11,2011-11-15,2024-12-31,False
E008166,4,Sales,Senior Software Engineer,1481354.68,2024-06-01,2024-12-31,False
E008167,3,Human Resources,Business Analyst,1543449.86,2022-12-26,2024-12-31,False
E008168,6,Operations,HR Specialist,723005.42,2021-11-17,2024-12-31,False
E008169,2,Finance,Product Manager,1465664.89,2021-03-16,2024-12-31,False
E008170,6,Operations,HR Specialist,1358973.05,2022-01-04,2024-12-31,False
E008171,5,Marketing,HR Specialist,1525513.45,2023-08-27,2024-12-31,False
E008172,3,Human Resources,Financial Analyst,1789712.43,2022-07-11,2024-12-31,False
E008173,5,Marketing,Senior Software Engineer,1222021.85,2023-12-15,2024-12-31,False
E008174,1,Engineering,Software Engineer,1620444.22,2015-12-12,2024-12-31,False
E008175,3,Human Resources,Financial Analyst,1059604.25,2015-04-09,2024-12-31,False
E008176,5,Marketing,Software Engineer,655328.81,2020-02-21,2024-12-31,False
E008177,5,Marketing,Senior Software Engineer,1765771.52,2023-12-11,2024-12-31,False
E008178,3,Human Resources,Data Analyst,276483.97,2011-05-09,2024-12-31,False
E008179,3,Human Resources,Marketing Specialist,1549210.46,2015-08-24,2024-12-31,False
E008180,6,Operations,Operations Analyst,1539202.86,2007-06-24,2024-12-31,False
E008181,5,Marketing,Senior Software Engineer,418670.58,2024-04-20,2024-12-31,False
E008182,5,Marketing,Project Manager,1842974.54,2024-06-01,2024-12-31,False
E008183,1,Engineering,Data Analyst,2094340.77,2018-05-29,2024-12-31,False
E008184,5,Marketing,Business Analyst,1183180.86,2022-03-02,2024-12-31,False
E008185,3,Human Resources,HR Specialist,849918.15,2016-03-12,2024-12-31,False
E008186,3,Human Resources,Product Manager,1138819.87,2012-12-20,2024-12-31,False
E008187,2,Finance,Sales Executive,1401944.2,2022-10-28,2024-12-31,False
E008188,1,Engineering,Senior Software Engineer,1808535.42,2016-11-06,2024-12-31,False
E008189,2,Finance,Project Manager,1035447.73,2023-09-12,2024-12-31,False
E008190,1,Engineering,Senior Software Engineer,709895.05,2024-06-01,2024-12-31,False
E008191,1,Engineering,Data Scientist,1167982.46,2016-04-19,2024-12-31,False
E008192,2,Finance,Business Analyst,1739288.82,2022-04-03,2024-12-31,False
E008193,1,Engineering,Data Scientist,1983681.48,2013-04-04,2024-12-31,False
E008194,6,Operations,HR Specialist,762729.31,2014-12-06,2024-12-31,False
E008195,2,Finance,Marketing Specialist,999753.67,2020-06-08,2024-12-31,False
E008196,6,Operations,Operations Analyst,745751.92,2014-11-19,2024-12-31,False
E008197,4,Sales,Data Analyst,954407.54,2024-06-01,2024-12-31,False
E008198,2,Finance,Project Manager,619955.32,2006-07-24,2024-12-31,False
E008199,4,Sales,Senior Software Engineer,1435235.15,2018-10-19,2024-12-31,False
E008200,2,Finance,HR Specialist,2115803.32,2024-06-01,2024-12-31,False
E008201,3,Human Resources,Business Analyst,1974033.45,2024-02-13,2024-12-31,False
E008202,6,Operations,Data Analyst,332740.25,2021-10-11,2024-12-31,False
E008203,2,Finance,Project Manager,1992255.41,2017-09-27,2024-12-31,False
E008204,3,Human Resources,Data Scientist,1597886.25,2021-05-16,2024-12-31,False
E008205,5,Marketing,Data Scientist,1868438.16,2024-06-01,2024-12-31,False
E008206,1,Engineering,Marketing Specialist,1238406.08,2023-08-09,2024-12-31,False
E008207,4,Sales,Product Manager,495678.98,2023-06-21,2024-12-31,False
E008208,3,Human Resources,HR Specialist,1463745.98,2021-03-23,2024-12-31,False
E008209,3,Human Resources,Sales Executive,1566371.51,2024-04-11,2024-12-31,False
E008210,2,Finance,Financial Analyst,944361.23,2022-10-27,2024-12-31,False
E008211,6,Operations,Business Analyst,779812.65,2022-07-26,2024-12-31,False
E008212,4,Sales,Senior Software Engineer,1795888.73,2023-11-22,2024-12-31,False
E008213,4,Sales,Financial Analyst,2058424.9,2023-06-23,2024-12-31,False
E008214,5,Marketing,Operations Analyst,529269.92,2019-12-25,2024-12-31,False
E008215,4,Sales,HR Specialist,1337703.59,2009-05-08,2024-12-31,False
E008216,1,Engineering,Marketing Specialist,737768.77,2021-07-15,2024-12-31,False
E008217,1,Engineering,Sales Executive,691235.42,2016-05-03,2024-12-31,False
E008218,4,Sales,HR Specialist,963850.93,2021-09-28,2024-12-31,False
E008219,2,Finance,Marketing Specialist,1207438.15,2019-12-01,2024-12-31,False
E008220,6,Operations,Senior Software Engineer,303687.31,2022-03-18,2024-12-31,False
E008221,5,Marketing,Marketing Specialist,718007.04,2017-06-19,2024-12-31,False
E008222,3,Human Resources,HR Specialist,1600840.84,2015-03-16,2024-12-31,False
E008223,4,Sales,Senior Software Engineer,1279740.33,2023-07-26,2024-12-31,False
E008224,4,Sales,Data Analyst,1086412.63,2015-08-15,2024-12-31,False
E008225,3,Human Resources,Marketing Specialist,611371.86,2017-10-18,2024-12-31,False
E008226,2,Finance,Financial Analyst,1435101.6,2015-03-19,2024-12-31,False
E008227,1,Engineering,Sales Executive,617359.03,2023-02-04,2024-12-31,False
E008228,2,Finance,Business Analyst,1839991.26,2014-08-19,2024-12-31,False
E008229,4,Sales,Product Manager,656896.86,2017-01-13,2024-12-31,False
E008230,6,Operations,Business Analyst,1813125.57,2020-10-13,2024-12-31,False
E008231,1,Engineering,Marketing Specialist,763893.89,2024-06-01,2024-12-31,False
E008232,1,Engineering,Financial Analyst,2042135.15,2014-09-22,2024-12-31,False
E008233,4,Sales,Product Manager,850244.69,2024-06-01,2024-12-31,False
E008234,2,Finance,Sales Executive,1646097.31,2020-12-01,2024-12-31,False
E008235,1,Engineering,Software Engineer,1139820.81,2012-09-24,2024-12-31,False
E008236,6,Operations,Data Scientist,1396712.81,2016-09-05,2024-12-31,False
E008237,3,Human Resources,Operations Analyst,1922172.14,2022-12-19,2024-12-31,False
E008238,2,Finance,Software Engineer,1732103.57,2016-10-25,2024-12-31,False
E008239,1,Engineering,Data Scientist,762782.16,2021-09-07,2024-12-31,False
E008240,6,Operations,Data Scientist,811745.79,2024-06-01,2024-12-31,False
E008241,4,Sales,Business Analyst,1651533.6,2014-05-26,2024-12-31,False
E008242,3,Human Resources,Data Analyst,550016.91,2021-07-07,2024-12-31,False
E008243,2,Finance,Data Analyst,380643.21,2018-08-05,2024-12-31,False
E008244,6,Operations,Business Analyst,1038168.21,2023-04-23,2024-12-31,False
E008245,5,Marketing,Financial Analyst,2129268.59,2020-03-31,2024-12-31,False
E008246,4,Sales,Data Scientist,1378290.16,2013-04-17,2024-12-31,False
E008247,5,Marketing,Data Scientist,335421.79,2010-12-16,2024-12-31,False
E008248,5,Marketing,Data Scientist,2034280.26,2021-03-14,2024-12-31,False
E008249,5,Marketing,Data Analyst,1638341.39,2010-10-11,2024-12-31,False
E008250,5,Marketing,Data Analyst,2134508.93,2024-06-01,2024-12-31,False
E008251,6,Operations,Data Analyst,1241455.84,2023-09-03,2024-12-31,False
E008252,2,Finance,Product Manager,1264971.38,2022-07-11,2024-12-31,False
E008253,3,Human Resources,Sales Executive,455894.99,2018-10-20,2024-12-31,False
E008254,2,Finance,Data Analyst,1509601.43,2020-09-08,2024-12-31,False
E008255,2,Finance,Project Manager,340032.5,2022-02-19,2024-12-31,False
E008256,6,Operations,Marketing Specialist,546444.11,2021-09-11,2024-12-31,False
E008257,1,Engineering,Senior Software Engineer,1756594.87,2009-11-15,2024-12-31,False
E008258,1,Engineering,Project Manager,876963.97,2017-05-23,2024-12-31,False
E008259,5,Marketing,Sales Executive,2151564.35,2012-01-03,2024-12-31,False
E008260,4,Sales,Senior Software Engineer,1734179.25,2020-07-16,2024-12-31,False
E008261,2,Finance,Product Manager,1124143.55,2014-01-31,2024-12-31,False
E008262,5,Marketing,Data Scientist,1680551.36,2015-05-20,2024-12-31,False
E008263,3,Human Resources,Data Scientist,2099580.89,2018-01-25,2024-12-31,False
E008264,5,Marketing,Data Scientist,780730.8,2009-05-09,2024-12-31,False
E008265,1,Engineering,Marketing Specialist,1305375.47,2023-06-19,2024-12-31,False
E008266,4,Sales,Product Manager,2056332.01,2020-02-04,2024-12-31,False
E008267,3,Human Resources,Business Analyst,844473.78,2021-08-23,2024-12-31,False
E008268,5,Marketing,Business Analyst,636473.2,2019-01-11,2024-12-31,False
E008269,1,Engineering,Financial Analyst,345523.03,2024-06-01,2024-12-31,False
E008270,6,Operations,Business Analyst,1394025.36,2023-11-22,2024-12-31,False
E008271,2,Finance,Financial Analyst,2002185.51,2023-03-19,2024-12-31,False
E008272,3,Human Resources,Sales Executive,1140504.18,2022-08-27,2024-12-31,False
E008273,3,Human Resources,Project Manager,833724.8,2024-06-01,2024-12-31,False
E008274,2,Finance,Product Manager,1342643.7,2023-11-27,2024-12-31,False
E008275,1,Engineering,Project Manager,679666.17,2022-11-29,2024-12-31,False
E008276,1,Engineering,Financial Analyst,2134763.61,2023-08-23,2024-12-31,False
E008277,4,Sales,Senior Software Engineer,607231.11,2014-04-20,2024-12-31,False
E008278,5,Marketing,Data Analyst,476471.23,2023-06-21,2024-12-31,False
E008279,1,Engineering,HR Specialist,1361814.9,2018-12-16,2024-12-31,False
E008280,1,Engineering,Sales Executive,2308416.89,2011-03-25,2024-12-31,False
E008281,2,Finance,Operations Analyst,1812910.23,2014-05-13,2024-12-31,False
E008282,1,Engineering,Operations Analyst,1491473.71,2023-06-09,2024-12-31,False
E008283,4,Sales,Financial Analyst,703547.24,2024-06-01,2024-12-31,False
E008284,5,Marketing,Financial Analyst,1642100.49,2022-04-29,2024-12-31,False
E008285,4,Sales,Data Scientist,1360746.91,2020-08-03,2024-12-31,False
E008286,3,Human Resources,Data Scientist,1651690.11,2022-10-02,2024-12-31,False
E008287,4,Sales,Operations Analyst,1230624.49,2023-01-15,2024-12-31,False
E008288,2,Finance,Sales Executive,1653659.47,2018-05-13,2024-12-31,False
E008289,5,Marketing,Data Analyst,863661.56,2014-01-01,2024-12-31,False
E008290,5,Marketing,Data Analyst,749735.37,2020-11-26,2024-12-31,False
E008291,3,Human Resources,HR Specialist,348254.79,2024-02-19,2024-12-31,False
E008292,3,Human Resources,Business Analyst,2016550.63,2019-11-25,2024-12-31,False
E008293,4,Sales,Data Scientist,842323.16,2020-02-07,2024-12-31,False
E008294,2,Finance,Software Engineer,1168136.13,2022-08-02,2024-12-31,False
E008295,6,Operations,Operations Analyst,914744.29,2010-07-20,2024-12-31,False
E008296,1,Engineering,HR Specialist,1640215.42,2024-06-01,2024-12-31,False
E008297,6,Operations,Software Engineer,1393273.49,2023-10-30,2024-12-31,False
E008298,3,Human Resources,Business Analyst,1048666.26,2019-10-11,2024-12-31,False
E008299,5,Marketing,Senior Software Engineer,1749635.43,2018-04-16,2024-12-31,False
E008300,4,Sales,Software Engineer,1883173.38,2024-06-01,2024-12-31,False
E008301,3,Human Resources,Business Analyst,1399825.61,2023-04-16,2024-12-31,False
E008302,5,Marketing,Business Analyst,1280452.49,2022-07-17,2024-12-31,False
E008303,1,Engineering,Project Manager,1250554.46,2022-11-20,2024-12-31,False
E008304,3,Human Resources,Marketing Specialist,2034530.89,2018-08-28,2024-12-31,False
E008305,5,Marketing,Data Analyst,1645669.01,2024-03-13,2024-12-31,False
E008306,1,Engineering,Product Manager,1248224.86,2011-06-16,2024-12-31,False
E008307,2,Finance,Data Analyst,2150534.96,2023-07-28,2024-12-31,False
E008308,2,Finance,Financial Analyst,2066170.4,2016-12-23,2024-12-31,False
E008309,3,Human Resources,Marketing Specialist,989244.34,2020-06-02,2024-12-31,False
E008310,5,Marketing,Data Scientist,979495.32,2017-05-15,2024-12-31,False
E008311,3,Human Resources,Data Analyst,1366986.14,2024-06-01,2024-12-31,False
E008312,5,Marketing,Sales Executive,1781074.75,2024-05-26,2024-12-31,False
E008313,3,Human Resources,Product Manager,1302024.23,2013-03-16,2024-12-31,False
E008314,2,Finance,Financial Analyst,1855968.94,2022-05-12,2024-12-31,False
E008315,6,Operations,Project Manager,2000281.63,2023-08-08,2024-12-31,False
E008316,1,Engineering,Senior Software Engineer,1586290.61,2015-06-14,2024-12-31,False
E008317,3,Human Resources,Operations Analyst,1764949.81,2021-08-04,2024-12-31,False
E008318,2,Finance,HR Specialist,526289.46,2023-07-29,2024-12-31,False
E008319,1,Engineering,Business Analyst,888755.69,2024-03-10,2024-12-31,False
E008320,1,Engineering,Senior Software Engineer,729971.01,2023-11-29,2024-12-31,False
E008321,4,Sales,Data Scientist,2259222.3,2010-11-18,2024-12-31,False
E008322,3,Human Resources,Software Engineer,430508.56,2020-09-08,2024-12-31,False
E008323,2,Finance,Business Analyst,594540.64,2023-12-13,2024-12-31,False
E008324,5,Marketing,Business Analyst,1925931.41,2009-05-26,2024-12-31,False
E008325,3,Human Resources,Marketing Specialist,791504.7,2023-04-09,2024-12-31,False
E008326,5,Marketing,Marketing Specialist,921860.43,2023-10-17,2024-12-31,False
E008327,5,Marketing,HR Specialist,1289753.04,2022-08-29,2024-12-31,False
E008328,1,Engineering,Operations Analyst,1638642.99,2024-06-01,2024-12-31,False
E008329,4,Sales,Data Scientist,1101163.15,2023-05-03,2024-12-31,False
E008330,1,Engineering,Software Engineer,1598422.32,2015-04-26,2024-12-31,False
E008331,6,Operations,Sales Executive,2237474.08,2024-06-01,2024-12-31,False
E008332,4,Sales,Sales Executive,2055631.86,2009-09-17,2024-12-31,False
E008333,1,Engineering,Data Scientist,2286968.38,2008-09-29,2024-12-31,False
E008334,5,Marketing,Financial Analyst,845125.29,2023-02-17,2024-12-31,False
E008335,1,Engineering,Financial Analyst,1032082.54,2013-11-27,2024-12-31,False
E008336,3,Human Resources,Product Manager,2227106.55,2019-02-15,2024-12-31,False
E008337,3,Human Resources,Product Manager,1451386.28,2022-08-23,2024-12-31,False
E008338,2,Finance,Financial Analyst,1252665.88,2023-08-22,2024-12-31,False
E008339,4,Sales,Operations Analyst,1997378.89,2023-01-31,2024-12-31,False
E008340,4,Sales,Project Manager,362246.45,2019-02-14,2024-12-31,False
E008341,1,Engineering,Senior Software Engineer,362511.57,2015-11-05,2024-12-31,False
E008342,6,Operations,Sales Executive,337219.93,2015-11-26,2024-12-31,False
E008343,4,Sales,Software Engineer,1078477.89,2024-06-01,2024-12-31,False
E008344,1,Engineering,Product Manager,674574.04,2023-02-14,2024-12-31,False
E008345,2,Finance,Software Engineer,1225210.1,2016-06-08,2024-12-31,False
E008346,4,Sales,Business Analyst,2096842.16,2022-08-11,2024-12-31,False
E008347,3,Human Resources,Project Manager,1393856.39,2005-06-28,2024-12-31,False
E008348,5,Marketing,Financial Analyst,2283252.8,2024-06-01,2024-12-31,False
E008349,5,Marketing,Data Analyst,450149.36,2012-10-27,2024-12-31,False
E008350,1,Engineering,Senior Software Engineer,1319894.88,2023-04-09,2024-12-31,False
E008351,4,Sales,Sales Executive,1366950.77,2023-06-20,2024-12-31,False
E008352,6,Operations,Senior Software Engineer,1231087.49,2021-05-26,2024-12-31,False
E008353,6,Operations,Sales Executive,2278348.3,2022-02-22,2024-12-31,False
E008354,2,Finance,Software Engineer,1221172.84,2020-01-15,2024-12-31,False
E008355,4,Sales,Data Scientist,2111834.62,2022-05-18,2024-12-31,False
E008356,4,Sales,Financial Analyst,1482620.42,2023-12-10,2024-12-31,False
E008357,4,Sales,Product Manager,1124779.79,2021-01-09,2024-12-31,False
E008358,3,Human Resources,Business Analyst,948459.15,2009-06-21,2024-12-31,False
E008359,3,Human Resources,Operations Analyst,1657314.07,2019-12-28,2024-12-31,False
E008360,3,Human Resources,Data Scientist,501982.2,2019-10-25,2024-12-31,False
E008361,3,Human Resources,Financial Analyst,1252831.21,2022-11-02,2024-12-31,False
E008362,5,Marketing,Operations Analyst,1678091.87,2024-03-22,2024-12-31,False
E008363,3,Human Resources,Operations Analyst,2287218.06,2023-04-02,2024-12-31,False
E008364,1,Engineering,Data Analyst,1413670.57,2023-08-29,2024-12-31,False
E008365,6,Operations,Product Manager,540500.68,2023-05-02,2024-12-31,False
E008366,3,Human Resources,Financial Analyst,1110065.37,2022-08-12,2024-12-31,False
E008367,3,Human Resources,Operations Analyst,1270858.83,2024-04-06,2024-12-31,False
E008368,1,Engineering,HR Specialist,588769.3,2022-12-12,2024-12-31,False
E008369,5,Marketing,Data Analyst,1488774.54,2022-07-22,2024-12-31,False
E008370,3,Human Resources,Product Manager,2044909.72,2023-10-02,2024-12-31,False
E008371,5,Marketing,Data Scientist,1223372.64,2018-08-09,2024-12-31,False
E008372,2,Finance,Data Scientist,333021.16,2008-07-31,2024-12-31,False
E008373,6,Operations,Product Manager,1778056.32,2022-08-12,2024-12-31,False
E008374,3,Human Resources,Project Manager,314486.05,2015-08-01,2024-12-31,False
E008375,3,Human Resources,Software Engineer,1892988.75,2023-02-12,2024-12-31,False
E008376,5,Marketing,Business Analyst,296442.21,2018-07-01,2024-12-31,False
E008377,6,Operations,Software Engineer,979880.29,2023-02-28,2024-12-31,False
E008378,4,Sales,Data Analyst,962202.16,2024-04-22,2024-12-31,False
E008379,3,Human Resources,Software Engineer,1062578.01,2021-01-28,2024-12-31,False
E008380,2,Finance,Marketing Specialist,1279247.19,2021-06-13,2024-12-31,False
E008381,3,Human Resources,Operations Analyst,1908998.02,2024-06-01,2024-12-31,False
E008382,2,Finance,Product Manager,1149334.74,2011-06-07,2024-12-31,False
E008383,2,Finance,Senior Software Engineer,874035.26,2022-07-19,2024-12-31,False
E008384,2,Finance,Project Manager,2003123.4,2020-05-28,2024-12-31,False
E008385,2,Finance,Project Manager,1281372.82,2017-03-17,2024-12-31,False
E008386,6,Operations,Project Manager,263999.98,2015-11-17,2024-12-31,False
E008387,2,Finance,Operations Analyst,1951560.29,2022-08-10,2024-12-31,False
E008388,4,Sales,Data Scientist,2145686.51,2018-07-28,2024-12-31,False
E008389,5,Marketing,Business Analyst,2145495.04,2024-04-13,2024-12-31,False
E008390,4,Sales,Financial Analyst,952548.17,2019-03-18,2024-12-31,False
E008391,3,Human Resources,Data Scientist,1105061.95,2018-02-04,2024-12-31,False
E008392,2,Finance,Operations Analyst,717745.62,2016-06-06,2024-12-31,False
E008393,2,Finance,Software Engineer,348404.4,2024-06-01,2024-12-31,False
E008394,4,Sales,Operations Analyst,2054519.59,2018-03-20,2024-12-31,False
E008395,5,Marketing,Product Manager,2211243.97,2021-06-27,2024-12-31,False
E008396,6,Operations,Financial Analyst,781767.16,2023-03-25,2024-12-31,False
E008397,5,Marketing,Product Manager,810005.73,2022-01-20,2024-12-31,False
E008398,5,Marketing,Project Manager,798745.05,2023-11-29,2024-12-31,False
E008399,6,Operations,Software Engineer,407936.22,2024-02-22,2024-12-31,False
E008400,1,Engineering,Product Manager,2132106.02,2017-05-16,2024-12-31,False
E008401,5,Marketing,Operations Analyst,2037345.27,2005-06-02,2024-12-31,False
E008402,2,Finance,Software Engineer,1152920.7,2018-05-15,2024-12-31,False
E008403,5,Marketing,Project Manager,266277.69,2024-03-26,2024-12-31,False
E008404,1,Engineering,Product Manager,1387661.98,2024-06-01,2024-12-31,False
E008405,4,Sales,Senior Software Engineer,1850875.35,2022-08-09,2024-12-31,False
E008406,2,Finance,Product Manager,867087.27,2024-03-16,2024-12-31,False
E008407,4,Sales,Data Scientist,1869928.95,2023-05-25,2024-12-31,False
E008408,2,Finance,Marketing Specialist,342299.59,2012-10-12,2024-12-31,False
E008409,5,Marketing,Business Analyst,1893837.51,2024-02-06,2024-12-31,False
E008410,2,Finance,Financial Analyst,1397450.92,2024-06-01,2024-12-31,False
E008411,5,Marketing,Product Manager,1369859.72,2024-06-01,2024-12-31,False
E008412,1,Engineering,Sales Executive,1531626.08,2017-06-03,2024-12-31,False
E008413,2,Finance,Marketing Specialist,790316.82,2024-06-01,2024-12-31,False
E008414,5,Marketing,Data Analyst,1884162.58,2013-09-19,2024-12-31,False
E008415,2,Finance,Business Analyst,1964243.38,2024-06-01,2024-12-31,False
E008416,6,Operations,Business Analyst,1592478.15,2021-08-04,2024-12-31,False
E008417,2,Finance,Marketing Specialist,899399.47,2021-06-22,2024-12-31,False
E008418,3,Human Resources,HR Specialist,811020.67,2017-01-18,2024-12-31,False
E008419,1,Engineering,Software Engineer,2274797.41,2020-11-04,2024-12-31,False
E008420,4,Sales,Marketing Specialist,684572.37,2009-03-22,2024-12-31,False
E008421,2,Finance,Business Analyst,859708.4,2019-10-29,2024-12-31,False
E008422,1,Engineering,Business Analyst,1213108.2,2024-02-10,2024-12-31,False
E008423,2,Finance,Senior Software Engineer,323310.48,2024-05-13,2024-12-31,False
E008424,3,Human Resources,Business Analyst,352677.57,2023-01-30,2024-12-31,False
E008425,4,Sales,Data Scientist,1625553.85,2024-06-01,2024-12-31,False
E008426,4,Sales,HR Specialist,1913096.26,2024-06-01,2024-12-31,False
E008427,4,Sales,Sales Executive,1163591.46,2022-06-19,2024-12-31,False
E008428,1,Engineering,Financial Analyst,662944.95,2023-07-27,2024-12-31,False
E008429,1,Engineering,Operations Analyst,1888939.05,2016-07-07,2024-12-31,False
E008430,3,Human Resources,Data Analyst,1166378.28,2010-05-04,2024-12-31,False
E008431,6,Operations,Data Scientist,2103215.57,2016-05-12,2024-12-31,False
E008432,6,Operations,Marketing Specialist,1741790.19,2022-06-19,2024-12-31,False
E008433,4,Sales,Sales Executive,2137176.99,2024-06-01,2024-12-31,False
E008434,5,Marketing,Software Engineer,814365.97,2018-06-01,2024-12-31,False
E008435,4,Sales,Data Scientist,1922976.56,2016-01-28,2024-12-31,False
E008436,3,Human Resources,HR Specialist,1395912.51,2024-06-01,2024-12-31,False
E008437,5,Marketing,Senior Software Engineer,1568225.32,2024-03-30,2024-12-31,False
E008438,5,Marketing,Business Analyst,1333172.65,2010-12-23,2024-12-31,False
E008439,1,Engineering,Project Manager,440127.56,2021-11-27,2024-12-31,False
E008440,2,Finance,Project Manager,550990.18,2010-06-09,2024-12-31,False
E008441,3,Human Resources,Marketing Specialist,1925047.29,2022-06-08,2024-12-31,False
E008442,1,Engineering,Software Engineer,2364868.0,2023-10-13,2024-12-31,False
E008443,4,Sales,Product Manager,1935748.77,2018-01-17,2024-12-31,False
E008444,3,Human Resources,Data Analyst,798963.91,2020-11-10,2024-12-31,False
E008445,6,Operations,Marketing Specialist,1410708.32,2023-12-05,2024-12-31,False
E008446,1,Engineering,Financial Analyst,1344147.76,2018-04-29,2024-12-31,False
E008447,6,Operations,Data Scientist,2343264.48,2022-09-30,2024-12-31,False
E008448,5,Marketing,Business Analyst,1225959.57,2021-02-11,2024-12-31,False
E008449,6,Operations,Senior Software Engineer,622182.48,2024-02-04,2024-12-31,False
E008450,5,Marketing,Data Scientist,1253946.85,2018-05-07,2024-12-31,False
E008451,2,Finance,Marketing Specialist,1444202.96,2017-01-22,2024-12-31,False
E008452,3,Human Resources,Data Analyst,1896493.57,2018-08-28,2024-12-31,False
E008453,5,Marketing,Data Analyst,823137.82,2024-06-01,2024-12-31,False
E008454,4,Sales,Business Analyst,1134193.16,2024-06-01,2024-12-31,False
E008455,6,Operations,Data Analyst,2331927.28,2020-08-12,2024-12-31,False
E008456,4,Sales,Business Analyst,2162399.16,2019-05-31,2024-12-31,False
E008457,6,Operations,Product Manager,2285230.71,2013-05-03,2024-12-31,False
E008458,5,Marketing,Product Manager,1846067.03,2024-06-01,2024-12-31,False
E008459,5,Marketing,Business Analyst,374809.03,2013-09-02,2024-12-31,False
E008460,1,Engineering,Product Manager,1900453.87,2005-01-17,2024-12-31,False
E008461,6,Operations,Data Analyst,1293220.82,2008-05-05,2024-12-31,False
E008462,2,Finance,Product Manager,1046080.79,2009-09-11,2024-12-31,False
E008463,5,Marketing,HR Specialist,435478.1,2017-06-04,2024-12-31,False
E008464,3,Human Resources,Data Analyst,1644397.22,2024-06-01,2024-12-31,False
E008465,5,Marketing,Operations Analyst,1419323.53,2024-06-01,2024-12-31,False
E008466,2,Finance,HR Specialist,2061342.86,2024-06-01,2024-12-31,False
E008467,6,Operations,HR Specialist,1342632.29,2024-06-01,2024-12-31,False
E008468,2,Finance,Data Scientist,1031917.03,2023-07-12,2024-12-31,False
E008469,1,Engineering,HR Specialist,1063241.02,2024-06-01,2024-12-31,False
E008470,1,Engineering,Business Analyst,1582510.57,2023-09-15,2024-12-31,False
E008471,1,Engineering,Project Manager,2162442.58,2017-06-16,2024-12-31,False
E008472,2,Finance,Data Scientist,915660.56,2024-03-27,2024-12-31,False
E008473,5,Marketing,Data Analyst,1122053.35,2024-06-01,2024-12-31,False
E008474,1,Engineering,Data Scientist,1402556.32,2020-04-15,2024-12-31,False
E008475,1,Engineering,Product Manager,804018.58,2015-10-09,2024-12-31,False
E008476,3,Human Resources,Marketing Specialist,1144911.85,2024-06-01,2024-12-31,False
E008477,5,Marketing,Senior Software Engineer,912016.46,2022-10-28,2024-12-31,False
E008478,2,Finance,Sales Executive,1066130.12,2023-12-13,2024-12-31,False
E008479,6,Operations,Product Manager,479431.75,2009-09-28,2024-12-31,False
E008480,3,Human Resources,Product Manager,1515229.92,2020-07-19,2024-12-31,False
E008481,5,Marketing,Product Manager,1825531.32,2024-05-09,2024-12-31,False
E008482,2,Finance,Data Scientist,826884.64,2024-03-01,2024-12-31,False
E008483,3,Human Resources,Financial Analyst,1016344.34,2023-06-07,2024-12-31,False
E008484,3,Human Resources,HR Specialist,1108966.81,2024-06-01,2024-12-31,False
E008485,5,Marketing,Product Manager,910978.98,2020-09-13,2024-12-31,False
E008486,1,Engineering,HR Specialist,2157384.86,2024-06-01,2024-12-31,False
E008487,3,Human Resources,Operations Analyst,290485.0,2018-08-30,2024-12-31,False
E008488,1,Engineering,HR Specialist,579388.44,2024-06-01,2024-12-31,False
E008489,3,Human Resources,Data Scientist,477844.97,2016-03-18,2024-12-31,False
E008490,3,Human Resources,Product Manager,702231.32,2021-03-15,2024-12-31,False
E008491,5,Marketing,HR Specialist,1468740.96,2017-11-22,2024-12-31,False
E008492,5,Marketing,Sales Executive,1547671.07,2021-05-04,2024-12-31,False
E008493,5,Marketing,Financial Analyst,1098546.9,2023-12-12,2024-12-31,False
E008494,3,Human Resources,Data Analyst,1569628.39,2005-03-16,2024-12-31,False
E008495,6,Operations,Marketing Specialist,1136762.43,2016-05-29,2024-12-31,False
E008496,2,Finance,Product Manager,2045843.8,2022-03-22,2024-12-31,False
E008497,1,Engineering,Financial Analyst,1622847.49,2023-06-29,2024-12-31,False
E008498,2,Finance,Product Manager,667637.36,2023-11-28,2024-12-31,False
E008499,1,Engineering,Data Scientist,2258768.96,2014-10-05,2024-12-31,False
E008500,3,Human Resources,Product Manager,374856.58,2002-01-14,2024-12-31,False
E008501,5,Marketing,Product Manager,877709.31,2006-01-01,2024-12-31,False
E008502,2,Finance,Data Scientist,2070818.45,2023-03-20,2024-12-31,False
E008503,3,Human Resources,Senior Software Engineer,2047577.71,2018-03-05,2024-12-31,False
E008504,4,Sales,Data Analyst,513383.58,2024-06-01,2024-12-31,False
E008505,1,Engineering,Software Engineer,1427021.04,2023-04-18,2024-12-31,False
E008506,2,Finance,Operations Analyst,1328039.15,2024-06-01,2024-12-31,False
E008507,3,Human Resources,Project Manager,2258806.24,2020-04-17,2024-12-31,False
E008508,2,Finance,Operations Analyst,877006.47,2022-12-29,2024-12-31,False
E008509,3,Human Resources,Software Engineer,1497295.61,2011-05-22,2024-12-31,False
E008510,2,Finance,Software Engineer,961629.75,2021-10-24,2024-12-31,False
E008511,5,Marketing,Business Analyst,489999.3,2024-05-29,2024-12-31,False
E008512,2,Finance,Sales Executive,270377.66,2023-11-05,2024-12-31,False
E008513,5,Marketing,Product Manager,1364136.16,2021-09-05,2024-12-31,False
E008514,4,Sales,Sales Executive,1915857.45,2022-05-24,2024-12-31,False
E008515,5,Marketing,HR Specialist,589976.08,2024-02-06,2024-12-31,False
E008516,1,Engineering,Business Analyst,1466856.04,2017-09-15,2024-12-31,False
E008517,3,Human Resources,Senior Software Engineer,1207771.69,2019-05-06,2024-12-31,False
E008518,5,Marketing,Marketing Specialist,1664139.3,2006-04-07,2024-12-31,False
E008519,5,Marketing,HR Specialist,1221167.9,2014-11-14,2024-12-31,False
E008520,6,Operations,Marketing Specialist,1662334.41,2021-04-07,2024-12-31,False
E008521,5,Marketing,Project Manager,2178187.94,2018-06-02,2024-12-31,False
E008522,1,Engineering,Financial Analyst,1477172.86,2018-02-25,2024-12-31,False
E008523,4,Sales,Senior Software Engineer,920167.68,2016-01-18,2024-12-31,False
E008524,1,Engineering,Product Manager,2127512.88,2007-02-19,2024-12-31,False
E008525,1,Engineering,Data Analyst,2349845.73,2019-11-04,2024-12-31,False
E008526,4,Sales,HR Specialist,522148.44,2024-03-08,2024-12-31,False
E008527,1,Engineering,Financial Analyst,1189086.81,2024-02-20,2024-12-31,False
E008528,2,Finance,Data Scientist,1788694.2,2016-06-15,2024-12-31,False
E008529,4,Sales,Software Engineer,2065625.65,2016-02-01,2024-12-31,False
E008530,2,Finance,Software Engineer,651706.32,2019-03-06,2024-12-31,False
E008531,6,Operations,Data Scientist,2032683.91,2024-06-01,2024-12-31,False
E008532,1,Engineering,Sales Executive,2010802.08,2023-08-30,2024-12-31,False
E008533,1,Engineering,Business Analyst,1111656.68,2023-10-29,2024-12-31,False
E008534,3,Human Resources,Senior Software Engineer,1314069.3,2021-10-22,2024-12-31,False
E008535,4,Sales,Financial Analyst,1609157.99,2023-01-03,2024-12-31,False
E008536,4,Sales,Data Analyst,1709574.72,2024-02-28,2024-12-31,False
E008537,2,Finance,Sales Executive,2064875.41,2018-12-07,2024-12-31,False
E008538,5,Marketing,Senior Software Engineer,850471.67,2013-06-24,2024-12-31,False
E008539,6,Operations,Data Scientist,606671.15,2008-01-01,2024-12-31,False
E008540,4,Sales,Product Manager,408492.4,2023-03-12,2024-12-31,False
E008541,3,Human Resources,Software Engineer,362496.67,2024-03-27,2024-12-31,False
E008542,1,Engineering,Software Engineer,1296970.19,2019-10-25,2024-12-31,False
E008543,1,Engineering,HR Specialist,290866.53,2010-04-26,2024-12-31,False
E008544,1,Engineering,Data Scientist,1718308.57,2018-11-12,2024-12-31,False
E008545,6,Operations,Operations Analyst,1601249.74,2023-08-10,2024-12-31,False
E008546,4,Sales,HR Specialist,1754233.99,2024-06-01,2024-12-31,False
E008547,6,Operations,Marketing Specialist,1540528.36,2024-01-28,2024-12-31,False
E008548,3,Human Resources,Product Manager,1840473.04,2024-06-01,2024-12-31,False
E008549,6,Operations,Financial Analyst,690517.07,2024-06-01,2024-12-31,False
E008550,2,Finance,Sales Executive,1652189.32,2022-12-06,2024-12-31,False
E008551,2,Finance,Project Manager,1811268.51,2019-04-24,2024-12-31,False
E008552,4,Sales,Marketing Specialist,1597804.13,2000-07-22,2024-12-31,False
E008553,2,Finance,Sales Executive,993142.97,2023-08-14,2024-12-31,False
E008554,6,Operations,Product Manager,615816.43,2023-10-08,2024-12-31,False
E008555,4,Sales,HR Specialist,710892.1,2018-03-22,2024-12-31,False
E008556,1,Engineering,Data Analyst,817529.14,2010-12-20,2024-12-31,False
E008557,1,Engineering,Sales Executive,648950.4,2021-09-07,2024-12-31,False
E008558,3,Human Resources,Financial Analyst,628158.89,2023-01-09,2024-12-31,False
E008559,4,Sales,Sales Executive,1177913.44,2024-02-12,2024-12-31,False
E008560,2,Finance,Financial Analyst,1198142.3,2024-06-01,2024-12-31,False
E008561,4,Sales,Sales Executive,1539880.22,2014-03-16,2024-12-31,False
E008562,6,Operations,HR Specialist,748090.22,2019-05-15,2024-12-31,False
E008563,1,Engineering,Senior Software Engineer,1911661.91,2017-11-14,2024-12-31,False
E008564,3,Human Resources,Marketing Specialist,1367238.59,2014-06-26,2024-12-31,False
E008565,3,Human Resources,Financial Analyst,1420020.86,2020-11-21,2024-12-31,False
E008566,4,Sales,Business Analyst,1737705.17,2018-04-05,2024-12-31,False
E008567,4,Sales,Software Engineer,493992.73,2020-01-07,2024-12-31,False
E008568,2,Finance,Financial Analyst,994048.47,2017-09-26,2024-12-31,False
E008569,6,Operations,Senior Software Engineer,1644633.67,2007-06-21,2024-12-31,False
E008570,6,Operations,Project Manager,267654.91,2024-06-01,2024-12-31,False
E008571,1,Engineering,Project Manager,1572979.87,2008-05-19,2024-12-31,False
E008572,4,Sales,Software Engineer,1233086.72,2022-02-24,2024-12-31,False
E008573,4,Sales,Senior Software Engineer,2075485.52,2018-07-21,2024-12-31,False
E008574,5,Marketing,Software Engineer,830741.41,2019-02-25,2024-12-31,False
E008575,1,Engineering,Operations Analyst,2008394.76,2020-09-18,2024-12-31,False
E008576,4,Sales,Product Manager,533911.08,2022-10-28,2024-12-31,False
E008577,2,Finance,Marketing Specialist,1455713.44,2024-06-01,2024-12-31,False
E008578,5,Marketing,Senior Software Engineer,255365.49,2024-02-11,2024-12-31,False
E008579,4,Sales,Operations Analyst,1513227.54,2018-06-07,2024-12-31,False
E008580,1,Engineering,HR Specialist,670657.36,2021-02-11,2024-12-31,False
E008581,3,Human Resources,Marketing Specialist,1087298.19,2024-06-01,2024-12-31,False
E008582,4,Sales,Operations Analyst,2046735.16,2019-08-01,2024-12-31,False
E008583,5,Marketing,Product Manager,2232723.33,2021-02-26,2024-12-31,False
E008584,1,Engineering,Operations Analyst,570664.02,2017-04-08,2024-12-31,False
E008585,6,Operations,Marketing Specialist,936103.09,2023-08-28,2024-12-31,False
E008586,2,Finance,Project Manager,950549.15,2003-10-25,2024-12-31,False
E008587,6,Operations,Data Analyst,1722350.45,2024-06-01,2024-12-31,False
E008588,1,Engineering,Project Manager,1427858.21,2022-02-12,2024-12-31,False
E008589,3,Human Resources,Senior Software Engineer,2094489.92,2008-09-25,2024-12-31,False
E008590,2,Finance,Data Scientist,620021.58,2022-12-15,2024-12-31,False
E008591,2,Finance,Sales Executive,1688072.89,2024-04-06,2024-12-31,False
E008592,5,Marketing,Data Scientist,1391682.5,2016-07-11,2024-12-31,False
E008593,4,Sales,Project Manager,1441991.96,2024-01-27,2024-12-31,False
E008594,2,Finance,Software Engineer,1161429.31,2023-06-13,2024-12-31,False
E008595,2,Finance,Data Analyst,976205.34,2019-06-08,2024-12-31,False
E008596,2,Finance,Data Scientist,1671790.36,2024-06-01,2024-12-31,False
E008597,6,Operations,HR Specialist,2092930.63,2022-10-11,2024-12-31,False
E008598,2,Finance,Product Manager,2412140.29,2023-08-22,2024-12-31,False
E008599,3,Human Resources,Data Analyst,1438338.64,2012-06-08,2024-12-31,False
E008600,4,Sales,Financial Analyst,1667232.37,2018-12-23,2024-12-31,False
E008601,6,Operations,Business Analyst,1175635.56,2016-05-01,2024-12-31,False
E008602,5,Marketing,HR Specialist,1681766.73,2023-09-22,2024-12-31,False
E008603,4,Sales,Business Analyst,443157.67,2022-07-02,2024-12-31,False
E008604,2,Finance,Sales Executive,1571620.58,2009-10-18,2024-12-31,False
E008605,4,Sales,Data Scientist,251550.71,2020-05-26,2024-12-31,False
E008606,2,Finance,Software Engineer,2011109.93,2006-08-30,2024-12-31,False
E008607,1,Engineering,Marketing Specialist,539304.84,2023-11-10,2024-12-31,False
E008608,4,Sales,Data Scientist,602995.85,2023-03-09,2024-12-31,False
E008609,3,Human Resources,Operations Analyst,521780.61,2021-12-21,2024-12-31,False
E008610,2,Finance,HR Specialist,625384.18,2022-11-26,2024-12-31,False
E008611,1,Engineering,HR Specialist,897597.77,2021-10-25,2024-12-31,False
E008612,1,Engineering,Sales Executive,2090808.28,2024-02-20,2024-12-31,False
E008613,5,Marketing,Sales Executive,1026755.46,2020-04-02,2024-12-31,False
E008614,3,Human Resources,Marketing Specialist,626240.11,2020-05-26,2024-12-31,False
E008615,3,Human Resources,Financial Analyst,1793092.95,2024-06-01,2024-12-31,False
E008616,3,Human Resources,Operations Analyst,1964513.12,2024-04-15,2024-12-31,False
E008617,5,Marketing,HR Specialist,2078913.31,2024-06-01,2024-12-31,False
E008618,2,Finance,Software Engineer,1288968.18,2018-03-03,2024-12-31,False
E008619,3,Human Resources,Data Scientist,620703.47,2022-04-29,2024-12-31,False
E008620,1,Engineering,Senior Software Engineer,479076.81,2016-12-31,2024-12-31,False
E008621,3,Human Resources,Financial Analyst,1604446.72,2020-04-10,2024-12-31,False
E008622,4,Sales,Marketing Specialist,377041.16,2002-10-23,2024-12-31,False
E008623,5,Marketing,Software Engineer,920890.99,2018-02-10,2024-12-31,False
E008624,4,Sales,Financial Analyst,2026628.12,2024-06-01,2024-12-31,False
E008625,3,Human Resources,Business Analyst,1275188.99,2023-07-12,2024-12-31,False
E008626,2,Finance,Project Manager,607225.11,2020-07-16,2024-12-31,False
E008627,3,Human Resources,Project Manager,1994297.0,2014-01-13,2024-12-31,False
E008628,4,Sales,Business Analyst,1191328.5,2023-04-06,2024-12-31,False
E008629,1,Engineering,Sales Executive,663962.41,2010-01-21,2024-12-31,False
E008630,6,Operations,Operations Analyst,970282.12,2024-06-01,2024-12-31,False
E008631,5,Marketing,Data Analyst,1674644.24,2022-12-25,2024-12-31,False
E008632,1,Engineering,Operations Analyst,1893634.56,2013-05-05,2024-12-31,False
E008633,6,Operations,Sales Executive,1789899.75,2009-08-18,2024-12-31,False
E008634,5,Marketing,Sales Executive,517702.9,2019-05-16,2024-12-31,False
E008635,4,Sales,Software Engineer,569072.99,2024-06-01,2024-12-31,False
E008636,5,Marketing,Financial Analyst,1365484.3,2022-09-04,2024-12-31,False
E008637,3,Human Resources,Software Engineer,2152827.27,2020-04-30,2024-12-31,False
E008638,2,Finance,Data Analyst,1830451.05,2017-11-02,2024-12-31,False
E008639,3,Human Resources,Marketing Specialist,501898.57,2024-06-01,2024-12-31,False
E008640,3,Human Resources,Data Scientist,2106050.81,2018-08-12,2024-12-31,False
E008641,1,Engineering,Data Analyst,1926077.09,2013-11-02,2024-12-31,False
E008642,1,Engineering,Data Analyst,680429.04,2022-06-11,2024-12-31,False
E008643,1,Engineering,Product Manager,2104717.48,2019-05-05,2024-12-31,False
E008644,3,Human Resources,HR Specialist,902974.51,2012-03-18,2024-12-31,False
E008645,3,Human Resources,Marketing Specialist,387847.62,2016-10-14,2024-12-31,False
E008646,2,Finance,Software Engineer,1107084.31,2006-01-09,2024-12-31,False
E008647,4,Sales,Marketing Specialist,954515.69,2017-12-11,2024-12-31,False
E008648,4,Sales,Marketing Specialist,971216.19,2015-12-20,2024-12-31,False
E008649,6,Operations,Operations Analyst,804696.27,2023-10-13,2024-12-31,False
E008650,2,Finance,Product Manager,1582390.51,2017-09-25,2024-12-31,False
E008651,2,Finance,Project Manager,1214589.19,2024-06-01,2024-12-31,False
E008652,4,Sales,Senior Software Engineer,2102882.67,2023-03-27,2024-12-31,False
E008653,6,Operations,Business Analyst,1964640.86,2023-11-20,2024-12-31,False
E008654,3,Human Resources,Business Analyst,1576486.96,2023-11-21,2024-12-31,False
E008655,1,Engineering,Financial Analyst,1716768.16,2020-05-03,2024-12-31,False
E008656,3,Human Resources,Product Manager,1120306.4,2024-06-01,2024-12-31,False
E008657,3,Human Resources,Sales Executive,1826639.02,2024-01-04,2024-12-31,False
E008658,4,Sales,Senior Software Engineer,540311.15,2011-07-11,2024-12-31,False
E008659,2,Finance,Sales Executive,1200709.65,2018-12-27,2024-12-31,False
E008660,5,Marketing,Software Engineer,898555.9,2024-02-21,2024-12-31,False
E008661,2,Finance,Operations Analyst,1268447.83,2015-12-10,2024-12-31,False
E008662,6,Operations,Financial Analyst,486417.55,2021-07-17,2024-12-31,False
E008663,6,Operations,Data Scientist,850715.24,2022-12-03,2024-12-31,False
E008664,5,Marketing,Data Scientist,1378066.2,2023-11-12,2024-12-31,False
E008665,2,Finance,Financial Analyst,1593791.86,2011-01-21,2024-12-31,False
E008666,1,Engineering,Business Analyst,1399932.55,2023-12-20,2024-12-31,False
E008667,4,Sales,Data Analyst,1983944.57,2024-01-14,2024-12-31,False
E008668,6,Operations,Sales Executive,600794.74,2024-06-01,2024-12-31,False
E008669,5,Marketing,Sales Executive,1292462.7,2022-01-20,2024-12-31,False
E008670,1,Engineering,HR Specialist,971899.32,2024-06-01,2024-12-31,False
E008671,5,Marketing,Business Analyst,1994721.15,2023-08-31,2024-12-31,False
E008672,3,Human Resources,Sales Executive,1508321.09,2016-10-13,2024-12-31,False
E008673,5,Marketing,Business Analyst,1710383.97,2023-07-19,2024-12-31,False
E008674,2,Finance,Data Analyst,2112549.9,2023-10-14,2024-12-31,False
E008675,1,Engineering,Senior Software Engineer,684305.82,2021-04-15,2024-12-31,False
E008676,1,Engineering,Operations Analyst,1525237.04,2024-02-18,2024-12-31,False
E008677,6,Operations,Operations Analyst,805435.01,2016-07-11,2024-12-31,False
E008678,5,Marketing,Software Engineer,822143.25,2023-12-04,2024-12-31,False
E008679,2,Finance,Senior Software Engineer,1607378.51,2017-12-07,2024-12-31,False
E008680,4,Sales,Marketing Specialist,1281942.08,2024-06-01,2024-12-31,False
E008681,5,Marketing,Software Engineer,1658902.34,2019-07-29,2024-12-31,False
E008682,4,Sales,Operations Analyst,1048475.81,2015-02-25,2024-12-31,False
E008683,1,Engineering,Marketing Specialist,1284273.97,2023-10-05,2024-12-31,False
E008684,1,Engineering,Senior Software Engineer,1762277.75,2024-06-01,2024-12-31,False
E008685,5,Marketing,HR Specialist,794075.5,2024-05-05,2024-12-31,False
E008686,1,Engineering,Financial Analyst,1291243.61,2024-04-28,2024-12-31,False
E008687,4,Sales,Senior Software Engineer,835457.58,2018-11-11,2024-12-31,False
E008688,3,Human Resources,Financial Analyst,2217349.9,2023-11-07,2024-12-31,False
E008689,5,Marketing,Software Engineer,1346904.8,2019-09-27,2024-12-31,False
E008690,6,Operations,Marketing Specialist,2003222.21,2021-12-09,2024-12-31,False
E008691,3,Human Resources,Project Manager,478788.57,2010-10-02,2024-12-31,False
E008692,5,Marketing,Product Manager,646359.48,2003-07-19,2024-12-31,False
E008693,5,Marketing,Marketing Specialist,1809528.86,2023-10-10,2024-12-31,False
E008694,6,Operations,Sales Executive,2343936.34,2024-06-01,2024-12-31,False
E008695,1,Engineering,Data Analyst,746635.59,2023-03-11,2024-12-31,False
E008696,4,Sales,Business Analyst,2004338.14,2024-03-03,2024-12-31,False
E008697,6,Operations,Product Manager,653558.74,2018-11-03,2024-12-31,False
E008698,5,Marketing,Data Analyst,1406139.67,2024-06-01,2024-12-31,False
E008699,5,Marketing,Software Engineer,2054892.17,2023-08-19,2024-12-31,False
E008700,3,Human Resources,Sales Executive,289786.85,2018-10-25,2024-12-31,False
E008701,4,Sales,Product Manager,1991807.41,2023-11-23,2024-12-31,False
E008702,1,Engineering,Business Analyst,738622.03,2024-06-01,2024-12-31,False
E008703,6,Operations,HR Specialist,1195482.56,2023-05-07,2024-12-31,False
E008704,3,Human Resources,HR Specialist,2150348.51,2024-06-01,2024-12-31,False
E008705,2,Finance,Financial Analyst,1738326.4,2020-10-29,2024-12-31,False
E008706,5,Marketing,Data Scientist,769493.41,2008-07-12,2024-12-31,False
E008707,6,Operations,Business Analyst,797568.4,2020-06-20,2024-12-31,False
E008708,1,Engineering,Senior Software Engineer,1967870.89,2021-12-17,2024-12-31,False
E008709,6,Operations,Software Engineer,1873934.61,2019-12-23,2024-12-31,False
E008710,4,Sales,Data Scientist,2008327.28,2024-06-01,2024-12-31,False
E008711,3,Human Resources,Sales Executive,723950.92,2023-06-14,2024-12-31,False
E008712,4,Sales,HR Specialist,591842.25,2014-11-09,2024-12-31,False
E008713,5,Marketing,Operations Analyst,1815354.37,2024-06-01,2024-12-31,False
E008714,6,Operations,Senior Software Engineer,1855364.51,2020-04-27,2024-12-31,False
E008715,5,Marketing,HR Specialist,1088223.18,2013-10-05,2024-12-31,False
E008716,2,Finance,Financial Analyst,528209.28,2008-06-15,2024-12-31,False
E008717,6,Operations,Marketing Specialist,1869898.78,2011-08-21,2024-12-31,False
E008718,5,Marketing,Project Manager,1310056.7,2024-06-01,2024-12-31,False
E008719,1,Engineering,Sales Executive,1572684.04,2021-10-23,2024-12-31,False
E008720,4,Sales,HR Specialist,1730033.64,2023-06-02,2024-12-31,False
E008721,4,Sales,Data Analyst,1942493.87,2024-03-09,2024-12-31,False
E008722,3,Human Resources,Software Engineer,651674.36,2024-06-01,2024-12-31,False
E008723,2,Finance,Marketing Specialist,1162209.68,2024-06-01,2024-12-31,False
E008724,2,Finance,HR Specialist,464131.32,2022-09-28,2024-12-31,False
E008725,1,Engineering,Data Analyst,1829369.78,2018-01-25,2024-12-31,False
E008726,6,Operations,Sales Executive,1488058.37,2024-06-01,2024-12-31,False
E008727,5,Marketing,Product Manager,1122394.5,2023-08-11,2024-12-31,False
E008728,1,Engineering,HR Specialist,1839453.08,2020-02-03,2024-12-31,False
E008729,2,Finance,Operations Analyst,2130823.38,2021-12-07,2024-12-31,False
E008730,2,Finance,Data Analyst,1860101.64,2022-07-11,2024-12-31,False
E008731,5,Marketing,Data Analyst,574887.31,2018-12-30,2024-12-31,False
E008732,6,Operations,Product Manager,783308.45,2021-01-28,2024-12-31,False
E008733,4,Sales,HR Specialist,1539062.9,2024-01-13,2024-12-31,False
E008734,3,Human Resources,Data Scientist,1443884.72,2021-07-14,2024-12-31,False
E008735,6,Operations,Operations Analyst,1307289.09,2022-05-29,2024-12-31,False
E008736,6,Operations,Operations Analyst,1349743.89,2013-01-12,2024-12-31,False
E008737,5,Marketing,Project Manager,1071980.98,2024-06-01,2024-12-31,False
E008738,6,Operations,Project Manager,1480449.66,2023-04-24,2024-12-31,False
E008739,2,Finance,Financial Analyst,1867473.15,2024-06-01,2024-12-31,False
E008740,4,Sales,Financial Analyst,2108593.71,2024-06-01,2024-12-31,False
E008741,1,Engineering,Product Manager,761708.87,2023-11-21,2024-12-31,False
E008742,4,Sales,Project Manager,790998.33,2013-11-08,2024-12-31,False
E008743,3,Human Resources,Business Analyst,1975620.8,2022-11-06,2024-12-31,False
E008744,3,Human Resources,Senior Software Engineer,1488605.34,2016-10-13,2024-12-31,False
E008745,2,Finance,Data Scientist,278884.96,2023-12-28,2024-12-31,False
E008746,5,Marketing,Sales Executive,562885.4,2023-07-31,2024-12-31,False
E008747,6,Operations,Operations Analyst,525421.0,2024-02-02,2024-12-31,False
E008748,1,Engineering,Project Manager,960481.16,2022-04-18,2024-12-31,False
E008749,4,Sales,Data Analyst,1161444.09,2023-02-09,2024-12-31,False
E008750,1,Engineering,Software Engineer,1438066.61,2024-06-01,2024-12-31,False
E008751,3,Human Resources,Senior Software Engineer,856330.77,2024-06-01,2024-12-31,False
E008752,1,Engineering,Data Scientist,780018.49,2024-02-12,2024-12-31,False
E008753,5,Marketing,Financial Analyst,718939.68,2021-06-05,2024-12-31,False
E008754,2,Finance,Senior Software Engineer,1780102.66,2013-05-16,2024-12-31,False
E008755,1,Engineering,Business Analyst,2233275.45,2024-03-25,2024-12-31,False
E008756,1,Engineering,Financial Analyst,1496002.62,2019-05-09,2024-12-31,False
E008757,2,Finance,Operations Analyst,1768608.89,2023-10-12,2024-12-31,False
E008758,5,Marketing,HR Specialist,241990.35,2023-01-29,2024-12-31,False
E008759,6,Operations,HR Specialist,2295545.6,2016-12-06,2024-12-31,False
E008760,2,Finance,Sales Executive,366051.07,2013-02-28,2024-12-31,False
E008761,5,Marketing,Marketing Specialist,1097723.25,2012-12-20,2024-12-31,False
E008762,1,Engineering,Operations Analyst,624920.81,2020-09-12,2024-12-31,False
E008763,3,Human Resources,Data Analyst,499469.16,2010-08-15,2024-12-31,False
E008764,5,Marketing,Financial Analyst,676285.86,2024-06-01,2024-12-31,False
E008765,1,Engineering,Sales Executive,1183806.13,2024-06-01,2024-12-31,False
E008766,2,Finance,Product Manager,508902.61,2016-11-13,2024-12-31,False
E008767,6,Operations,HR Specialist,1758697.34,2020-05-30,2024-12-31,False
E008768,5,Marketing,Data Analyst,2023872.7,2021-10-27,2024-12-31,False
E008769,2,Finance,Sales Executive,2079179.25,2023-12-23,2024-12-31,False
E008770,6,Operations,Software Engineer,1228142.22,2024-06-01,2024-12-31,False
E008771,1,Engineering,Marketing Specialist,774633.71,2023-04-05,2024-12-31,False
E008772,3,Human Resources,Sales Executive,1941748.57,2023-04-11,2024-12-31,False
E008773,3,Human Resources,Data Analyst,270629.19,2023-05-16,2024-12-31,False
E008774,3,Human Resources,Operations Analyst,1482728.47,2020-11-09,2024-12-31,False
E008775,2,Finance,Senior Software Engineer,1569362.52,2023-01-14,2024-12-31,False
E008776,1,Engineering,Data Analyst,1836151.22,2021-11-03,2024-12-31,False
E008777,3,Human Resources,Business Analyst,1744868.14,2023-10-06,2024-12-31,False
E008778,4,Sales,Project Manager,1551539.02,2016-04-19,2024-12-31,False
E008779,2,Finance,Marketing Specialist,1484777.87,2002-04-28,2024-12-31,False
E008780,6,Operations,Business Analyst,1934327.4,2020-05-02,2024-12-31,False
E008781,4,Sales,Product Manager,2207225.39,2023-08-08,2024-12-31,False
E008782,6,Operations,Data Scientist,2261325.29,2018-10-24,2024-12-31,False
E008783,1,Engineering,Marketing Specialist,1949844.5,2022-12-28,2024-12-31,False
E008784,1,Engineering,Financial Analyst,409944.25,2024-06-01,2024-12-31,False
E008785,3,Human Resources,Operations Analyst,2233455.13,2021-07-07,2024-12-31,False
E008786,6,Operations,Marketing Specialist,359234.72,2004-03-11,2024-12-31,False
E008787,5,Marketing,Senior Software Engineer,841534.96,2024-06-01,2024-12-31,False
E008788,5,Marketing,Software Engineer,1917986.93,2016-03-29,2024-12-31,False
E008789,4,Sales,HR Specialist,1114902.52,2018-11-01,2024-12-31,False
E008790,6,Operations,Marketing Specialist,930595.46,2013-08-03,2024-12-31,False
E008791,1,Engineering,Product Manager,1791931.96,2021-09-01,2024-12-31,False
E008792,3,Human Resources,Senior Software Engineer,254433.4,2024-01-10,2024-12-31,False
E008793,4,Sales,HR Specialist,2192150.23,2024-01-17,2024-12-31,False
E008794,6,Operations,Product Manager,1966342.84,2020-12-17,2024-12-31,False
E008795,1,Engineering,Marketing Specialist,1917688.36,2024-01-17,2024-12-31,False
E008796,2,Finance,Data Analyst,402757.69,2024-06-01,2024-12-31,False
E008797,4,Sales,Project Manager,2116658.68,2024-06-01,2024-12-31,False
E008798,6,Operations,Data Scientist,1961402.81,2022-03-11,2024-12-31,False
E008799,6,Operations,Financial Analyst,1447698.95,2022-11-21,2024-12-31,False
E008800,4,Sales,Senior Software Engineer,396214.58,2023-06-07,2024-12-31,False
E008801,1,Engineering,Sales Executive,1558934.79,2023-03-22,2024-12-31,False
E008802,2,Finance,Operations Analyst,2260067.8,2023-09-23,2024-12-31,False
E008803,4,Sales,Software Engineer,361891.15,2023-02-02,2024-12-31,False
E008804,5,Marketing,Senior Software Engineer,328595.88,2024-04-25,2024-12-31,False
E008805,5,Marketing,Software Engineer,1570428.9,2018-12-18,2024-12-31,False
E008806,1,Engineering,Data Scientist,597759.38,2020-06-29,2024-12-31,False
E008807,4,Sales,Senior Software Engineer,1394507.8,2019-10-19,2024-12-31,False
E008808,3,Human Resources,Business Analyst,1601151.17,2024-06-01,2024-12-31,False
E008809,2,Finance,Sales Executive,1399354.54,2023-11-03,2024-12-31,False
E008810,6,Operations,Marketing Specialist,620857.05,2018-08-27,2024-12-31,False
E008811,2,Finance,Senior Software Engineer,1743006.5,2020-01-21,2024-12-31,False
E008812,1,Engineering,Operations Analyst,1785548.91,2011-11-25,2024-12-31,False
E008813,1,Engineering,HR Specialist,1129564.0,2023-03-28,2024-12-31,False
E008814,3,Human Resources,Marketing Specialist,868501.45,2021-09-10,2024-12-31,False
E008815,1,Engineering,Sales Executive,839248.07,2024-06-01,2024-12-31,False
E008816,2,Finance,Software Engineer,1758566.6,2021-06-20,2024-12-31,False
E008817,6,Operations,Marketing Specialist,285931.72,2022-03-25,2024-12-31,False
E008818,3,Human Resources,Senior Software Engineer,1959006.02,2022-11-30,2024-12-31,False
E008819,6,Operations,Data Analyst,1888912.03,2023-11-28,2024-12-31,False
E008820,4,Sales,Sales Executive,2064478.96,2024-06-01,2024-12-31,False
E008821,1,Engineering,Operations Analyst,882998.26,2023-03-29,2024-12-31,False
E008822,2,Finance,Data Analyst,854888.46,2018-07-24,2024-12-31,False
E008823,3,Human Resources,Financial Analyst,1522695.55,2022-06-10,2024-12-31,False
E008824,5,Marketing,Sales Executive,724453.25,2017-03-16,2024-12-31,False
E008825,2,Finance,Project Manager,1808869.49,2024-06-01,2024-12-31,False
E008826,5,Marketing,Product Manager,985645.33,2024-02-11,2024-12-31,False
E008827,2,Finance,Senior Software Engineer,482589.96,2024-01-24,2024-12-31,False
E008828,1,Engineering,Data Scientist,1188626.22,2024-06-01,2024-12-31,False
E008829,6,Operations,HR Specialist,1517366.63,2023-05-27,2024-12-31,False
E008830,2,Finance,Financial Analyst,1117353.52,2015-06-04,2024-12-31,False
E008831,3,Human Resources,Product Manager,1849215.44,2016-06-25,2024-12-31,False
E008832,1,Engineering,Project Manager,1745903.53,2023-03-06,2024-12-31,False
E008833,3,Human Resources,Project Manager,382229.59,2019-07-10,2024-12-31,False
E008834,2,Finance,Product Manager,1810656.53,2014-04-15,2024-12-31,False
E008835,1,Engineering,Senior Software Engineer,1640666.46,2023-01-25,2024-12-31,False
E008836,3,Human Resources,Data Analyst,2086580.57,2014-09-20,2024-12-31,False
E008837,1,Engineering,Financial Analyst,1670696.45,2023-11-10,2024-12-31,False
E008838,3,Human Resources,Sales Executive,1114921.48,2000-06-22,2024-12-31,False
E008839,4,Sales,Project Manager,880337.96,2023-02-03,2024-12-31,False
E008840,6,Operations,HR Specialist,2107705.24,2024-04-20,2024-12-31,False
E008841,6,Operations,Sales Executive,1685492.55,2021-01-29,2024-12-31,False
E008842,6,Operations,Software Engineer,911955.68,2013-12-11,2024-12-31,False
E008843,6,Operations,Sales Executive,858740.7,2020-12-03,2024-12-31,False
E008844,2,Finance,Operations Analyst,1704794.1,2020-11-30,2024-12-31,False
E008845,1,Engineering,Data Scientist,1453010.58,2018-04-11,2024-12-31,False
E008846,4,Sales,Operations Analyst,1474137.27,2020-07-23,2024-12-31,False
E008847,4,Sales,Project Manager,726321.08,2010-02-04,2024-12-31,False
E008848,3,Human Resources,Project Manager,850187.48,2024-06-01,2024-12-31,False
E008849,1,Engineering,Project Manager,836735.61,2022-06-10,2024-12-31,False
E008850,5,Marketing,Senior Software Engineer,1298474.55,2017-10-24,2024-12-31,False
E008851,5,Marketing,Senior Software Engineer,759071.96,2022-01-25,2024-12-31,False
E008852,6,Operations,HR Specialist,1123202.66,2010-11-22,2024-12-31,False
E008853,6,Operations,Data Analyst,1624551.34,2014-11-15,2024-12-31,False
E008854,1,Engineering,Data Scientist,591792.24,2024-06-01,2024-12-31,False
E008855,6,Operations,Data Analyst,1848820.95,2024-06-01,2024-12-31,False
E008856,3,Human Resources,Financial Analyst,957141.55,2024-06-01,2024-12-31,False
E008857,2,Finance,Data Scientist,1896249.27,2024-01-10,2024-12-31,False
E008858,6,Operations,Operations Analyst,1215908.59,2020-11-19,2024-12-31,False
E008859,5,Marketing,Business Analyst,1892407.21,2022-05-10,2024-12-31,False
E008860,2,Finance,Business Analyst,559920.08,2010-02-25,2024-12-31,False
E008861,6,Operations,HR Specialist,1245150.25,2021-08-17,2024-12-31,False
E008862,2,Finance,Data Scientist,1277405.34,2020-05-27,2024-12-31,False
E008863,3,Human Resources,Marketing Specialist,2203687.43,2024-05-25,2024-12-31,False
E008864,2,Finance,Sales Executive,621297.14,2023-10-07,2024-12-31,False
E008865,3,Human Resources,Sales Executive,391308.38,2012-01-15,2024-12-31,False
E008866,1,Engineering,Operations Analyst,559035.11,2022-04-19,2024-12-31,False
E008867,3,Human Resources,HR Specialist,672789.25,2013-05-11,2024-12-31,False
E008868,1,Engineering,Data Analyst,712849.05,2017-12-26,2024-12-31,False
E008869,3,Human Resources,Operations Analyst,1119680.22,2023-07-04,2024-12-31,False
E008870,4,Sales,Software Engineer,1038303.5,2012-10-07,2024-12-31,False
E008871,2,Finance,Data Scientist,765529.0,2021-07-26,2024-12-31,False
E008872,5,Marketing,Financial Analyst,1016747.33,2019-03-14,2024-12-31,False
E008873,6,Operations,HR Specialist,364443.32,2017-07-07,2024-12-31,False
E008874,1,Engineering,Sales Executive,1412513.84,2024-01-29,2024-12-31,False
E008875,2,Finance,Operations Analyst,1118866.81,2010-05-11,2024-12-31,False
E008876,3,Human Resources,Software Engineer,2044032.68,2023-07-23,2024-12-31,False
E008877,5,Marketing,Data Scientist,1031593.47,2023-12-22,2024-12-31,False
E008878,4,Sales,Project Manager,1436888.81,2010-12-16,2024-12-31,False
E008879,2,Finance,Sales Executive,1971702.02,2022-09-09,2024-12-31,False
E008880,3,Human Resources,Operations Analyst,315577.47,2017-01-19,2024-12-31,False
E008881,2,Finance,Data Analyst,1867161.0,2013-06-05,2024-12-31,False
E008882,3,Human Resources,Operations Analyst,2229358.95,2024-02-23,2024-12-31,False
E008883,1,Engineering,Sales Executive,1802461.94,2023-11-10,2024-12-31,False
E008884,1,Engineering,Data Scientist,1957986.29,2022-12-15,2024-12-31,False
E008885,1,Engineering,Senior Software Engineer,925551.71,2023-09-19,2024-12-31,False
E008886,3,Human Resources,Sales Executive,458146.77,2018-10-25,2024-12-31,False
E008887,6,Operations,Software Engineer,700143.13,2024-06-01,2024-12-31,False
E008888,5,Marketing,HR Specialist,1589272.74,2023-12-26,2024-12-31,False
E008889,5,Marketing,HR Specialist,1375759.38,2011-05-25,2024-12-31,False
E008890,5,Marketing,Financial Analyst,880366.11,2020-10-06,2024-12-31,False
E008891,4,Sales,Business Analyst,709159.61,2021-08-18,2024-12-31,False
E008892,5,Marketing,Senior Software Engineer,2033392.13,2023-06-12,2024-12-31,False
E008893,4,Sales,Project Manager,769808.65,2024-01-19,2024-12-31,False
E008894,5,Marketing,Product Manager,1414032.44,2022-10-09,2024-12-31,False
E008895,1,Engineering,Data Analyst,341335.42,2020-07-23,2024-12-31,False
E008896,3,Human Resources,Data Analyst,1446116.43,2023-04-28,2024-12-31,False
E008897,4,Sales,HR Specialist,1990623.49,2016-08-02,2024-12-31,False
E008898,6,Operations,Business Analyst,1715576.09,2024-04-18,2024-12-31,False
E008899,2,Finance,Software Engineer,1795482.3,2024-06-01,2024-12-31,False
E008900,5,Marketing,Marketing Specialist,1593676.98,2013-01-24,2024-12-31,False
E008901,5,Marketing,Business Analyst,1530902.63,2023-05-01,2024-12-31,False
E008902,4,Sales,Data Scientist,1410631.5,2021-05-22,2024-12-31,False
E008903,4,Sales,Operations Analyst,1411916.81,2022-10-13,2024-12-31,False
E008904,5,Marketing,Financial Analyst,1496922.64,2024-04-19,2024-12-31,False
E008905,6,Operations,Product Manager,259411.72,2024-06-01,2024-12-31,False
E008906,5,Marketing,Data Scientist,1430310.0,2017-01-05,2024-12-31,False
E008907,3,Human Resources,Financial Analyst,917685.46,2022-02-09,2024-12-31,False
E008908,6,Operations,Software Engineer,1849635.81,2018-09-16,2024-12-31,False
E008909,4,Sales,Operations Analyst,2213158.36,2022-03-28,2024-12-31,False
E008910,1,Engineering,HR Specialist,870783.15,2016-06-13,2024-12-31,False
E008911,4,Sales,Project Manager,986378.31,2020-08-20,2024-12-31,False
E008912,1,Engineering,Operations Analyst,403761.76,2022-12-29,2024-12-31,False
E008913,5,Marketing,HR Specialist,1675837.35,2018-01-09,2024-12-31,False
E008914,3,Human Resources,Software Engineer,1572251.18,2024-01-07,2024-12-31,False
E008915,6,Operations,Business Analyst,644113.63,2023-11-02,2024-12-31,False
E008916,6,Operations,Project Manager,1950785.16,2023-05-28,2024-12-31,False
E008917,5,Marketing,Software Engineer,1332811.8,2022-07-09,2024-12-31,False
E008918,1,Engineering,HR Specialist,1919552.71,2024-06-01,2024-12-31,False
E008919,3,Human Resources,Business Analyst,268264.98,2023-10-04,2024-12-31,False
E008920,2,Finance,Sales Executive,2112502.87,2018-03-13,2024-12-31,False
E008921,1,Engineering,Data Analyst,557087.47,2017-05-12,2024-12-31,False
E008922,2,Finance,Operations Analyst,1087010.06,2023-12-26,2024-12-31,False
E008923,5,Marketing,Financial Analyst,1340819.08,2023-10-17,2024-12-31,False
E008924,2,Finance,Data Analyst,2119984.25,2014-12-14,2024-12-31,False
E008925,3,Human Resources,Software Engineer,1029332.46,2024-04-04,2024-12-31,False
E008926,1,Engineering,Operations Analyst,773657.17,2012-09-16,2024-12-31,False
E008927,4,Sales,HR Specialist,1108640.71,2023-12-30,2024-12-31,False
E008928,5,Marketing,Data Scientist,1338540.26,2007-02-23,2024-12-31,False
E008929,4,Sales,Financial Analyst,1395379.0,2021-04-30,2024-12-31,False
E008930,2,Finance,Software Engineer,1248023.9,2014-01-31,2024-12-31,False
E008931,4,Sales,Project Manager,1389698.0,2023-09-20,2024-12-31,False
E008932,3,Human Resources,Financial Analyst,1657551.79,2015-11-26,2024-12-31,False
E008933,2,Finance,HR Specialist,1999112.12,2020-10-06,2024-12-31,False
E008934,4,Sales,Marketing Specialist,1437564.59,2012-04-01,2024-12-31,False
E008935,3,Human Resources,HR Specialist,955899.99,2023-09-03,2024-12-31,False
E008936,4,Sales,Operations Analyst,1937331.12,2023-03-16,2024-12-31,False
E008937,4,Sales,Business Analyst,1712131.71,2024-03-30,2024-12-31,False
E008938,6,Operations,Product Manager,1405861.12,2021-11-13,2024-12-31,False
E008939,1,Engineering,Marketing Specialist,375885.73,2019-12-01,2024-12-31,False
E008940,5,Marketing,HR Specialist,1395715.61,2023-10-03,2024-12-31,False
E008941,5,Marketing,HR Specialist,2009292.76,2024-05-19,2024-12-31,False
E008942,4,Sales,Marketing Specialist,351099.45,2020-02-12,2024-12-31,False
E008943,1,Engineering,Data Scientist,496174.98,2023-08-23,2024-12-31,False
E008944,2,Finance,Operations Analyst,1105767.72,2023-08-14,2024-12-31,False
E008945,6,Operations,Data Analyst,1924960.1,2024-03-23,2024-12-31,False
E008946,6,Operations,Project Manager,1958714.12,2022-08-15,2024-12-31,False
E008947,4,Sales,Marketing Specialist,944144.87,2011-05-22,2024-12-31,False
E008948,6,Operations,Sales Executive,1436188.96,2018-02-26,2024-12-31,False
E008949,5,Marketing,Sales Executive,1341448.28,2014-12-24,2024-12-31,False
E008950,2,Finance,Financial Analyst,283853.37,2022-08-06,2024-12-31,False
E008951,3,Human Resources,HR Specialist,1857542.07,2019-10-07,2024-12-31,False
E008952,2,Finance,Sales Executive,1480315.76,2012-11-06,2024-12-31,False
E008953,4,Sales,Business Analyst,1280980.64,2024-06-01,2024-12-31,False
E008954,6,Operations,Data Scientist,979872.26,2019-06-08,2024-12-31,False
E008955,2,Finance,Sales Executive,2209523.18,2022-12-22,2024-12-31,False
E008956,2,Finance,Product Manager,626303.59,2020-03-04,2024-12-31,False
E008957,1,Engineering,Business Analyst,1963725.83,2013-09-06,2024-12-31,False
E008958,4,Sales,Senior Software Engineer,452629.39,2014-08-23,2024-12-31,False
E008959,2,Finance,Financial Analyst,1669676.32,2024-06-01,2024-12-31,False
E008960,5,Marketing,Operations Analyst,2095337.07,2024-06-01,2024-12-31,False
E008961,1,Engineering,Data Scientist,1919620.31,2022-11-04,2024-12-31,False
E008962,5,Marketing,Senior Software Engineer,1244577.87,2020-07-06,2024-12-31,False
E008963,5,Marketing,HR Specialist,560751.4,2024-02-09,2024-12-31,False
E008964,2,Finance,Operations Analyst,556348.5,2023-03-19,2024-12-31,False
E008965,6,Operations,Data Analyst,1162527.01,2019-01-10,2024-12-31,False
E008966,3,Human Resources,Financial Analyst,581262.79,2022-03-27,2024-12-31,False
E008967,3,Human Resources,Product Manager,774850.58,2006-08-14,2024-12-31,False
E008968,2,Finance,Sales Executive,1393125.48,2023-01-21,2024-12-31,False
E008969,6,Operations,Data Analyst,387627.97,2019-11-22,2024-12-31,False
E008970,5,Marketing,Business Analyst,2078671.37,2022-10-22,2024-12-31,False
E008971,4,Sales,HR Specialist,604687.19,2024-06-01,2024-12-31,False
E008972,4,Sales,Senior Software Engineer,1807291.75,2004-03-12,2024-12-31,False
E008973,2,Finance,HR Specialist,1856208.59,2018-12-16,2024-12-31,False
E008974,5,Marketing,Business Analyst,1333298.92,2024-06-01,2024-12-31,False
E008975,1,Engineering,Business Analyst,689929.04,2024-01-10,2024-12-31,False
E008976,5,Marketing,Sales Executive,2088459.14,2023-11-28,2024-12-31,False
E008977,6,Operations,HR Specialist,543411.89,2024-06-01,2024-12-31,False
E008978,6,Operations,Marketing Specialist,557145.54,2021-12-06,2024-12-31,False
E008979,5,Marketing,Data Analyst,1146764.84,2024-06-01,2024-12-31,False
E008980,3,Human Resources,Data Analyst,1896534.51,2012-02-27,2024-12-31,False
E008981,1,Engineering,Data Analyst,778755.84,2024-05-13,2024-12-31,False
E008982,3,Human Resources,Senior Software Engineer,1955379.98,2024-03-20,2024-12-31,False
E008983,1,Engineering,Project Manager,1405946.05,2024-03-11,2024-12-31,False
E008984,1,Engineering,Senior Software Engineer,1888663.44,2020-05-17,2024-12-31,False
E008985,6,Operations,Software Engineer,449341.88,2020-04-06,2024-12-31,False
E008986,5,Marketing,Marketing Specialist,793614.75,2016-01-16,2024-12-31,False
E008987,4,Sales,Senior Software Engineer,2130330.63,2024-05-09,2024-12-31,False
E008988,2,Finance,Product Manager,1025363.35,2008-04-09,2024-12-31,False
E008989,2,Finance,Data Analyst,1337183.6,2024-06-01,2024-12-31,False
E008990,3,Human Resources,Operations Analyst,1411859.52,2023-08-21,2024-12-31,False
E008991,4,Sales,Business Analyst,1391293.25,2022-06-19,2024-12-31,False
E008992,4,Sales,Senior Software Engineer,1563562.71,2024-03-02,2024-12-31,False
E008993,5,Marketing,Product Manager,453766.2,2023-09-24,2024-12-31,False
E008994,3,Human Resources,Senior Software Engineer,2108399.65,2017-02-18,2024-12-31,False
E008995,4,Sales,Sales Executive,502599.19,2012-07-10,2024-12-31,False
E008996,3,Human Resources,Project Manager,1811078.17,2021-02-12,2024-12-31,False
E008997,1,Engineering,Business Analyst,1182736.35,2017-01-20,2024-12-31,False
E008998,1,Engineering,Operations Analyst,1876481.25,2016-06-16,2024-12-31,False
E008999,5,Marketing,Project Manager,402709.24,2018-03-23,2024-12-31,False
E009000,5,Marketing,Product Manager,1872671.22,2020-02-21,2024-12-31,False
E009001,6,Operations,Business Analyst,665596.49,2015-01-15,2024-12-31,False
E009002,2,Finance,Business Analyst,854254.3,2006-02-11,2024-12-31,False
E009003,3,Human Resources,Marketing Specialist,953540.76,2014-01-15,2024-12-31,False
E009004,1,Engineering,Operations Analyst,1120006.07,2024-02-15,2024-12-31,False
E009005,1,Engineering,Software Engineer,475887.98,2021-10-27,2024-12-31,False
E009006,1,Engineering,Software Engineer,1879482.63,2005-04-05,2024-12-31,False
E009007,4,Sales,Senior Software Engineer,2045405.71,2012-01-31,2024-12-31,False
E009008,2,Finance,Business Analyst,786091.47,2018-04-17,2024-12-31,False
E009009,3,Human Resources,Business Analyst,1018194.29,2024-05-30,2024-12-31,False
E009010,1,Engineering,Product Manager,603615.54,2023-12-06,2024-12-31,False
E009011,1,Engineering,Operations Analyst,1431303.89,2024-01-18,2024-12-31,False
E009012,6,Operations,Business Analyst,1446458.06,2017-01-06,2024-12-31,False
E009013,3,Human Resources,Financial Analyst,1855599.89,2020-06-24,2024-12-31,False
E009014,6,Operations,Senior Software Engineer,835158.39,2015-11-03,2024-12-31,False
E009015,5,Marketing,Product Manager,495502.2,2023-01-18,2024-12-31,False
E009016,4,Sales,Sales Executive,623976.47,2023-07-24,2024-12-31,False
E009017,2,Finance,Sales Executive,1388371.79,2021-03-25,2024-12-31,False
E009018,4,Sales,Senior Software Engineer,1140974.0,2020-06-07,2024-12-31,False
E009019,4,Sales,Business Analyst,644329.38,2023-11-28,2024-12-31,False
E009020,2,Finance,Business Analyst,692343.81,2024-05-08,2024-12-31,False
E009021,4,Sales,Software Engineer,576512.74,2019-05-07,2024-12-31,False
E009022,2,Finance,Data Scientist,1856773.85,2011-07-02,2024-12-31,False
E009023,1,Engineering,Project Manager,1447889.06,2022-07-20,2024-12-31,False
E009024,5,Marketing,Operations Analyst,1922556.6,2017-09-15,2024-12-31,False
E009025,5,Marketing,Data Analyst,1998970.07,2023-10-15,2024-12-31,False
E009026,2,Finance,Business Analyst,2053652.58,2024-06-01,2024-12-31,False
E009027,4,Sales,Senior Software Engineer,756145.57,2024-06-01,2024-12-31,False
E009028,1,Engineering,Senior Software Engineer,1037706.27,2023-10-01,2024-12-31,False
E009029,4,Sales,Operations Analyst,1587756.23,2023-02-13,2024-12-31,False
E009030,2,Finance,Data Scientist,548378.11,2019-06-25,2024-12-31,False
E009031,4,Sales,Product Manager,1947386.57,2022-12-17,2024-12-31,False
E009032,1,Engineering,Business Analyst,1314185.05,2023-01-17,2024-12-31,False
E009033,2,Finance,Business Analyst,2009406.16,2019-12-04,2024-12-31,False
E009034,5,Marketing,Sales Executive,1547189.89,2001-06-29,2024-12-31,False
E009035,5,Marketing,Operations Analyst,396358.21,2013-08-29,2024-12-31,False
E009036,1,Engineering,Software Engineer,637088.99,2013-06-13,2024-12-31,False
E009037,3,Human Resources,Financial Analyst,1218361.83,2024-06-01,2024-12-31,False
E009038,5,Marketing,Product Manager,1404349.05,2018-04-05,2024-12-31,False
E009039,5,Marketing,Sales Executive,1066813.18,2019-01-02,2024-12-31,False
E009040,6,Operations,Data Analyst,534012.64,2017-06-26,2024-12-31,False
E009041,1,Engineering,Sales Executive,589537.16,2023-05-14,2024-12-31,False
E009042,1,Engineering,Operations Analyst,2175349.93,2012-10-09,2024-12-31,False
E009043,4,Sales,Data Scientist,2197303.09,2010-01-09,2024-12-31,False
E009044,3,Human Resources,Business Analyst,1483801.11,2022-09-28,2024-12-31,False
E009045,5,Marketing,Operations Analyst,462916.54,2015-09-01,2024-12-31,False
E009046,5,Marketing,Operations Analyst,455344.85,2008-03-18,2024-12-31,False
E009047,1,Engineering,HR Specialist,1855339.97,2015-03-04,2024-12-31,False
E009048,2,Finance,HR Specialist,624782.13,2020-02-23,2024-12-31,False
E009049,3,Human Resources,Data Analyst,1018711.76,2017-01-05,2024-12-31,False
E009050,3,Human Resources,Software Engineer,1553911.63,2021-07-24,2024-12-31,False
E009051,3,Human Resources,Data Analyst,1769591.47,2008-10-13,2024-12-31,False
E009052,2,Finance,Sales Executive,1918813.16,2024-02-26,2024-12-31,False
E009053,1,Engineering,Financial Analyst,1896825.59,2018-07-06,2024-12-31,False
E009054,1,Engineering,Sales Executive,1586210.57,2023-03-08,2024-12-31,False
E009055,5,Marketing,Product Manager,1110879.31,2021-05-24,2024-12-31,False
E009056,4,Sales,HR Specialist,1169948.53,2013-08-01,2024-12-31,False
E009057,5,Marketing,Operations Analyst,1441061.02,2023-02-11,2024-12-31,False
E009058,5,Marketing,Data Analyst,636778.32,2023-03-11,2024-12-31,False
E009059,5,Marketing,Operations Analyst,1013845.12,2021-09-17,2024-12-31,False
E009060,5,Marketing,Data Scientist,1696388.26,2006-09-14,2024-12-31,False
E009061,6,Operations,Data Scientist,1790244.55,2012-05-27,2024-12-31,False
E009062,1,Engineering,Sales Executive,1135460.37,2023-02-09,2024-12-31,False
E009063,3,Human Resources,Marketing Specialist,947615.92,2012-01-16,2024-12-31,False
E009064,6,Operations,Data Analyst,1973456.49,2015-10-03,2024-12-31,False
E009065,4,Sales,Software Engineer,1184133.44,2018-03-08,2024-12-31,False
E009066,6,Operations,Project Manager,385917.1,2017-06-28,2024-12-31,False
E009067,3,Human Resources,Data Scientist,1769345.12,2013-04-23,2024-12-31,False
E009068,4,Sales,Marketing Specialist,1587233.91,2009-07-08,2024-12-31,False
E009069,2,Finance,Financial Analyst,1946199.04,2023-11-15,2024-12-31,False
E009070,1,Engineering,Data Scientist,1522992.62,2010-09-01,2024-12-31,False
E009071,6,Operations,Operations Analyst,1561624.21,2023-09-05,2024-12-31,False
E009072,6,Operations,Product Manager,285403.47,2023-04-03,2024-12-31,False
E009073,1,Engineering,Marketing Specialist,1680050.59,2023-08-13,2024-12-31,False
E009074,3,Human Resources,Software Engineer,1497699.64,2019-01-23,2024-12-31,False
E009075,6,Operations,Software Engineer,1150126.34,2018-08-12,2024-12-31,False
E009076,4,Sales,Project Manager,1093298.33,2020-11-13,2024-12-31,False
E009077,4,Sales,Financial Analyst,534053.6,2023-03-13,2024-12-31,False
E009078,3,Human Resources,Sales Executive,1002673.61,2021-08-05,2024-12-31,False
E009079,3,Human Resources,Product Manager,1054318.25,2017-12-05,2024-12-31,False
E009080,1,Engineering,Senior Software Engineer,416019.97,2017-06-19,2024-12-31,False
E009081,5,Marketing,Sales Executive,1590697.27,2024-06-01,2024-12-31,False
E009082,5,Marketing,Data Scientist,1887296.48,2023-02-08,2024-12-31,False
E009083,2,Finance,Data Scientist,1867552.03,2014-08-18,2024-12-31,False
E009084,3,Human Resources,Financial Analyst,1599157.7,2021-06-10,2024-12-31,False
E009085,6,Operations,Project Manager,1079351.07,2022-10-23,2024-12-31,False
E009086,6,Operations,Marketing Specialist,732110.22,2021-05-11,2024-12-31,False
E009087,4,Sales,Product Manager,2215206.35,2017-06-16,2024-12-31,False
E009088,6,Operations,Financial Analyst,1543160.59,2021-12-17,2024-12-31,False
E009089,3,Human Resources,HR Specialist,843265.8,2024-04-22,2024-12-31,False
E009090,4,Sales,HR Specialist,1666240.38,2010-05-23,2024-12-31,False
E009091,3,Human Resources,Data Scientist,570851.06,2015-08-30,2024-12-31,False
E009092,6,Operations,Business Analyst,577022.65,2023-04-18,2024-12-31,False
E009093,3,Human Resources,Project Manager,1543677.32,2021-09-10,2024-12-31,False
E009094,6,Operations,HR Specialist,2174871.13,2013-09-12,2024-12-31,False
E009095,1,Engineering,Business Analyst,1643661.16,2011-12-11,2024-12-31,False
E009096,6,Operations,Product Manager,1153593.43,2022-10-04,2024-12-31,False
E009097,2,Finance,Software Engineer,1366079.6,2020-05-05,2024-12-31,False
E009098,2,Finance,Data Analyst,1167770.16,2021-06-14,2024-12-31,False
E009099,6,Operations,Marketing Specialist,1375115.06,2024-02-14,2024-12-31,False
E009100,5,Marketing,Software Engineer,1356442.58,2023-11-13,2024-12-31,False
E009101,5,Marketing,Senior Software Engineer,460122.5,2019-07-19,2024-12-31,False
E009102,6,Operations,Project Manager,591394.72,2024-06-01,2024-12-31,False
E009103,1,Engineering,Senior Software Engineer,1168085.24,2012-10-14,2024-12-31,False
E009104,4,Sales,Data Scientist,591302.15,2022-05-28,2024-12-31,False
E009105,3,Human Resources,Data Analyst,1860120.19,2024-06-01,2024-12-31,False
E009106,1,Engineering,Project Manager,1379087.92,2024-06-01,2024-12-31,False
E009107,6,Operations,Business Analyst,2225669.9,2021-05-18,2024-12-31,False
E009108,1,Engineering,Software Engineer,1057028.87,2012-02-15,2024-12-31,False
E009109,4,Sales,Project Manager,1858789.97,2023-01-31,2024-12-31,False
E009110,4,Sales,Senior Software Engineer,1192091.26,2023-09-16,2024-12-31,False
E009111,3,Human Resources,Business Analyst,829739.03,2020-03-29,2024-12-31,False
E009112,5,Marketing,Sales Executive,1769478.87,2021-02-23,2024-12-31,False
E009113,4,Sales,Software Engineer,1325511.27,2022-09-11,2024-12-31,False
E009114,5,Marketing,Data Scientist,732408.07,2021-06-30,2024-12-31,False
E009115,4,Sales,Financial Analyst,851189.04,2022-01-05,2024-12-31,False
E009116,5,Marketing,Financial Analyst,1034225.46,2017-12-03,2024-12-31,False
E009117,4,Sales,Financial Analyst,1124631.82,2020-02-10,2024-12-31,False
E009118,4,Sales,Product Manager,1118018.1,2023-08-20,2024-12-31,False
E009119,2,Finance,Product Manager,1753601.1,2022-05-31,2024-12-31,False
E009120,4,Sales,Operations Analyst,1920386.37,2022-05-03,2024-12-31,False
E009121,5,Marketing,Software Engineer,686275.8,2020-04-24,2024-12-31,False
E009122,3,Human Resources,Business Analyst,368149.37,2021-06-24,2024-12-31,False
E009123,1,Engineering,Financial Analyst,2194278.75,2019-03-21,2024-12-31,False
E009124,4,Sales,Senior Software Engineer,2084645.14,2021-06-20,2024-12-31,False
E009125,6,Operations,Sales Executive,322297.84,2024-01-23,2024-12-31,False
E009126,6,Operations,Financial Analyst,556235.93,2024-06-01,2024-12-31,False
E009127,6,Operations,Business Analyst,1017040.73,2021-05-15,2024-12-31,False
E009128,6,Operations,Data Analyst,882310.59,2018-10-17,2024-12-31,False
E009129,5,Marketing,Business Analyst,1548969.1,2018-06-13,2024-12-31,False
E009130,5,Marketing,Operations Analyst,517871.35,2021-05-17,2024-12-31,False
E009131,4,Sales,Product Manager,2175153.24,2018-07-13,2024-12-31,False
E009132,4,Sales,Software Engineer,1789178.24,2024-05-01,2024-12-31,False
E009133,6,Operations,Product Manager,1211787.86,2023-10-04,2024-12-31,False
E009134,1,Engineering,Project Manager,1157925.72,2019-12-07,2024-12-31,False
E009135,4,Sales,Business Analyst,324210.51,2023-07-28,2024-12-31,False
E009136,6,Operations,Project Manager,769717.11,2023-12-27,2024-12-31,False
E009137,3,Human Resources,Project Manager,1009383.8,2016-05-18,2024-12-31,False
E009138,4,Sales,Project Manager,272171.13,2017-11-15,2024-12-31,False
E009139,3,Human Resources,Data Scientist,1307195.46,2024-06-01,2024-12-31,False
E009140,2,Finance,Marketing Specialist,1233283.13,2023-07-15,2024-12-31,False
E009141,4,Sales,Software Engineer,1055696.22,2024-06-01,2024-12-31,False
E009142,6,Operations,Operations Analyst,1327614.75,2018-03-12,2024-12-31,False
E009143,5,Marketing,Data Scientist,702139.43,2017-04-14,2024-12-31,False
E009144,2,Finance,Marketing Specialist,906962.34,2020-02-18,2024-12-31,False
E009145,2,Finance,Project Manager,290395.95,2018-09-10,2024-12-31,False
E009146,4,Sales,Marketing Specialist,1362698.0,2018-09-16,2024-12-31,False
E009147,1,Engineering,Sales Executive,1138147.24,2005-09-06,2024-12-31,False
E009148,5,Marketing,Operations Analyst,1166231.23,2018-03-11,2024-12-31,False
E009149,3,Human Resources,Product Manager,1809186.58,2018-09-01,2024-12-31,False
E009150,4,Sales,Financial Analyst,2121621.61,2015-04-25,2024-12-31,False
E009151,1,Engineering,Data Analyst,1463009.45,2022-09-13,2024-12-31,False
E009152,6,Operations,Financial Analyst,1577385.4,2015-06-13,2024-12-31,False
E009153,6,Operations,Software Engineer,977893.72,2022-08-15,2024-12-31,False
E009154,1,Engineering,Marketing Specialist,1468672.79,2024-02-15,2024-12-31,False
E009155,6,Operations,Data Analyst,1214231.4,2019-02-21,2024-12-31,False
E009156,4,Sales,Financial Analyst,576435.29,2024-03-30,2024-12-31,False
E009157,4,Sales,Product Manager,1496763.07,2023-06-15,2024-12-31,False
E009158,2,Finance,Software Engineer,1959808.04,2013-06-12,2024-12-31,False
E009159,1,Engineering,Sales Executive,1116927.95,2024-06-01,2024-12-31,False
E009160,6,Operations,Marketing Specialist,1753935.78,2022-07-27,2024-12-31,False
E009161,3,Human Resources,Project Manager,1994988.5,2006-05-08,2024-12-31,False
E009162,5,Marketing,Marketing Specialist,278776.04,2024-04-02,2024-12-31,False
E009163,6,Operations,Software Engineer,1035873.57,2023-05-31,2024-12-31,False
E009164,6,Operations,Business Analyst,1356013.68,2009-11-11,2024-12-31,False
E009165,4,Sales,Operations Analyst,685609.74,2022-11-25,2024-12-31,False
E009166,4,Sales,Software Engineer,1058070.99,2024-03-29,2024-12-31,False
E009167,5,Marketing,Senior Software Engineer,619319.4,2021-12-30,2024-12-31,False
E009168,1,Engineering,Project Manager,702685.52,2017-11-08,2024-12-31,False
E009169,5,Marketing,HR Specialist,303011.72,2018-12-22,2024-12-31,False
E009170,6,Operations,HR Specialist,2042934.68,2014-09-30,2024-12-31,False
E009171,2,Finance,Financial Analyst,1098529.03,2023-05-14,2024-12-31,False
E009172,3,Human Resources,Sales Executive,2115429.04,2022-01-29,2024-12-31,False
E009173,2,Finance,Business Analyst,1185461.71,2019-03-20,2024-12-31,False
E009174,5,Marketing,Data Scientist,2147901.22,2024-05-20,2024-12-31,False
E009175,4,Sales,Project Manager,593838.37,2021-01-20,2024-12-31,False
E009176,6,Operations,Operations Analyst,1757237.38,2014-08-09,2024-12-31,False
E009177,4,Sales,Sales Executive,1753990.25,2020-07-14,2024-12-31,False
E009178,4,Sales,Data Scientist,1392057.91,2021-10-29,2024-12-31,False
E009179,3,Human Resources,Operations Analyst,2189964.63,2023-10-15,2024-12-31,False
E009180,4,Sales,Software Engineer,1540402.37,2020-07-06,2024-12-31,False
E009181,4,Sales,Data Scientist,1451756.49,2012-10-03,2024-12-31,False
E009182,1,Engineering,Operations Analyst,1793394.91,2021-08-05,2024-12-31,False
E009183,4,Sales,Business Analyst,1072223.83,2017-01-22,2024-12-31,False
E009184,4,Sales,Project Manager,562399.52,2019-05-22,2024-12-31,False
E009185,5,Marketing,Operations Analyst,744046.17,2015-07-02,2024-12-31,False
E009186,1,Engineering,Project Manager,457647.54,2023-09-25,2024-12-31,False
E009187,4,Sales,Operations Analyst,2115270.61,2018-12-28,2024-12-31,False
E009188,2,Finance,Data Analyst,790306.7,2024-06-01,2024-12-31,False
E009189,2,Finance,Data Analyst,600164.77,2020-07-03,2024-12-31,False
E009190,1,Engineering,Software Engineer,1127786.79,2023-12-12,2024-12-31,False
E009191,3,Human Resources,Project Manager,1651933.63,2020-04-14,2024-12-31,False
E009192,4,Sales,Project Manager,676449.28,2021-06-23,2024-12-31,False
E009193,2,Finance,Senior Software Engineer,1894505.17,2024-02-12,2024-12-31,False
E009194,3,Human Resources,Marketing Specialist,472063.85,2023-07-14,2024-12-31,False
E009195,6,Operations,Software Engineer,316025.88,2008-02-14,2024-12-31,False
E009196,3,Human Resources,HR Specialist,2112144.09,2023-01-24,2024-12-31,False
E009197,3,Human Resources,HR Specialist,1772292.31,2024-06-01,2024-12-31,False
E009198,3,Human Resources,Sales Executive,1462397.87,2016-10-14,2024-12-31,False
E009199,2,Finance,Financial Analyst,470154.86,2002-10-05,2024-12-31,False
E009200,5,Marketing,Data Scientist,1982609.16,2024-06-01,2024-12-31,False
E009201,1,Engineering,Data Analyst,462333.56,2022-08-04,2024-12-31,False
E009202,6,Operations,Senior Software Engineer,1911842.24,2024-06-01,2024-12-31,False
E009203,3,Human Resources,Marketing Specialist,563412.9,2024-06-01,2024-12-31,False
E009204,1,Engineering,Project Manager,274364.58,2023-06-05,2024-12-31,False
E009205,6,Operations,Business Analyst,1295170.42,2022-08-05,2024-12-31,False
E009206,5,Marketing,Financial Analyst,406225.06,2023-10-26,2024-12-31,False
E009207,6,Operations,Data Scientist,1672842.17,2019-08-14,2024-12-31,False
E009208,2,Finance,Product Manager,2131348.66,2023-02-10,2024-12-31,False
E009209,2,Finance,Data Analyst,1255716.14,2021-11-20,2024-12-31,False
E009210,1,Engineering,Project Manager,1193526.56,2007-07-27,2024-12-31,False
E009211,6,Operations,Software Engineer,1555928.12,2021-05-19,2024-12-31,False
E009212,5,Marketing,Business Analyst,1062091.96,2023-11-09,2024-12-31,False
E009213,2,Finance,Business Analyst,1007393.13,2009-03-14,2024-12-31,False
E009214,4,Sales,Data Analyst,2038541.87,2024-06-01,2024-12-31,False
E009215,2,Finance,Data Analyst,1087480.06,2023-08-28,2024-12-31,False
E009216,1,Engineering,HR Specialist,749327.99,2003-07-10,2024-12-31,False
E009217,3,Human Resources,HR Specialist,377797.53,2021-02-06,2024-12-31,False
E009218,1,Engineering,Marketing Specialist,499522.63,2013-07-21,2024-12-31,False
E009219,5,Marketing,Product Manager,1012598.8,2024-06-01,2024-12-31,False
E009220,5,Marketing,Financial Analyst,451939.78,2022-12-27,2024-12-31,False
E009221,2,Finance,Business Analyst,1399873.17,2023-01-31,2024-12-31,False
E009222,3,Human Resources,Marketing Specialist,1601914.22,2024-06-01,2024-12-31,False
E009223,1,Engineering,Senior Software Engineer,2236283.81,2023-08-29,2024-12-31,False
E009224,2,Finance,Data Analyst,1250138.94,2019-10-04,2024-12-31,False
E009225,2,Finance,Data Scientist,1742082.32,2023-10-11,2024-12-31,False
E009226,3,Human Resources,Financial Analyst,399736.89,2023-10-02,2024-12-31,False
E009227,1,Engineering,Product Manager,1934543.99,2017-01-08,2024-12-31,False
E009228,1,Engineering,HR Specialist,523679.4,2021-04-30,2024-12-31,False
E009229,3,Human Resources,Business Analyst,1228747.53,2024-06-01,2024-12-31,False
E009230,4,Sales,Business Analyst,921389.99,2024-06-01,2024-12-31,False
E009231,6,Operations,Data Analyst,976331.32,2021-11-17,2024-12-31,False
E009232,2,Finance,Project Manager,623903.3,2024-06-01,2024-12-31,False
E009233,2,Finance,Business Analyst,1138954.03,2016-10-17,2024-12-31,False
E009234,6,Operations,Sales Executive,1044081.32,2015-02-13,2024-12-31,False
E009235,2,Finance,Marketing Specialist,1409494.87,2022-06-09,2024-12-31,False
E009236,2,Finance,Data Scientist,904043.18,2023-12-07,2024-12-31,False
E009237,4,Sales,Business Analyst,859043.4,2018-08-03,2024-12-31,False
E009238,1,Engineering,Senior Software Engineer,1699827.54,2023-06-01,2024-12-31,False
E009239,4,Sales,HR Specialist,344214.93,2018-08-22,2024-12-31,False
E009240,2,Finance,Data Scientist,1070245.39,2020-03-06,2024-12-31,False
E009241,3,Human Resources,Data Analyst,322499.56,2016-08-06,2024-12-31,False
E009242,4,Sales,Operations Analyst,2243168.38,2020-10-30,2024-12-31,False
E009243,4,Sales,Product Manager,2091457.47,2024-03-06,2024-12-31,False
E009244,6,Operations,Financial Analyst,1991484.12,2023-05-01,2024-12-31,False
E009245,4,Sales,Financial Analyst,2367873.82,2013-08-21,2024-12-31,False
E009246,3,Human Resources,Project Manager,785561.16,2024-02-08,2024-12-31,False
E009247,1,Engineering,Operations Analyst,1211092.48,2022-02-12,2024-12-31,False
E009248,2,Finance,Financial Analyst,871499.76,2024-06-01,2024-12-31,False
E009249,2,Finance,Product Manager,2299330.14,2024-02-20,2024-12-31,False
E009250,4,Sales,Sales Executive,1423932.2,2017-03-27,2024-12-31,False
E009251,2,Finance,Product Manager,1120684.06,2021-02-20,2024-12-31,False
E009252,5,Marketing,Project Manager,423674.75,2024-01-28,2024-12-31,False
E009253,5,Marketing,Product Manager,2122424.08,2015-07-25,2024-12-31,False
E009254,2,Finance,Data Analyst,814969.82,2022-08-05,2024-12-31,False
E009255,4,Sales,Financial Analyst,390848.64,2024-02-22,2024-12-31,False
E009256,2,Finance,Senior Software Engineer,1405353.14,2024-06-01,2024-12-31,False
E009257,2,Finance,Marketing Specialist,763172.66,2024-06-01,2024-12-31,False
E009258,5,Marketing,Sales Executive,1875909.36,2023-11-15,2024-12-31,False
E009259,4,Sales,Project Manager,696488.86,2020-08-02,2024-12-31,False
E009260,4,Sales,Sales Executive,1637796.1,2018-01-29,2024-12-31,False
E009261,6,Operations,Business Analyst,884560.9,2019-04-13,2024-12-31,False
E009262,6,Operations,Business Analyst,887746.86,2018-06-04,2024-12-31,False
E009263,2,Finance,Business Analyst,1563230.76,2014-07-25,2024-12-31,False
E009264,2,Finance,Project Manager,2174332.74,2020-12-30,2024-12-31,False
E009265,4,Sales,Operations Analyst,1331414.59,2019-07-11,2024-12-31,False
E009266,6,Operations,Data Analyst,2002648.47,2024-04-21,2024-12-31,False
E009267,5,Marketing,HR Specialist,1905389.14,2024-01-22,2024-12-31,False
E009268,2,Finance,Product Manager,1097511.26,2016-08-29,2024-12-31,False
E009269,6,Operations,Senior Software Engineer,712813.26,2019-04-26,2024-12-31,False
E009270,1,Engineering,Business Analyst,1339371.25,2017-08-31,2024-12-31,False
E009271,4,Sales,HR Specialist,1004589.18,2016-01-30,2024-12-31,False
E009272,3,Human Resources,Data Analyst,1527470.96,2024-05-05,2024-12-31,False
E009273,2,Finance,Product Manager,760607.68,2015-06-04,2024-12-31,False
E009274,6,Operations,Project Manager,1152654.12,2024-05-10,2024-12-31,False
E009275,2,Finance,HR Specialist,812601.96,2006-08-05,2024-12-31,False
E009276,4,Sales,HR Specialist,1182088.04,2023-03-18,2024-12-31,False
E009277,2,Finance,Senior Software Engineer,1607389.23,2017-06-25,2024-12-31,False
E009278,6,Operations,Data Scientist,743250.06,2013-01-12,2024-12-31,False
E009279,2,Finance,Data Analyst,793854.22,2023-01-04,2024-12-31,False
E009280,5,Marketing,Business Analyst,299436.01,2007-02-12,2024-12-31,False
E009281,2,Finance,Data Scientist,1749610.26,2021-07-03,2024-12-31,False
E009282,5,Marketing,HR Specialist,1490667.05,2016-05-30,2024-12-31,False
E009283,2,Finance,Marketing Specialist,2178644.98,2018-05-20,2024-12-31,False
E009284,4,Sales,Product Manager,419667.14,2020-04-08,2024-12-31,False
E009285,1,Engineering,Operations Analyst,689355.94,2024-06-01,2024-12-31,False
E009286,1,Engineering,Financial Analyst,607466.87,2021-08-21,2024-12-31,False
E009287,5,Marketing,Marketing Specialist,325182.87,2010-09-15,2024-12-31,False
E009288,1,Engineering,Operations Analyst,1821823.43,2014-11-24,2024-12-31,False
E009289,1,Engineering,Sales Executive,555302.58,2016-11-02,2024-12-31,False
E009290,3,Human Resources,Marketing Specialist,532814.61,2023-12-21,2024-12-31,False
E009291,4,Sales,Sales Executive,1897716.46,2022-11-04,2024-12-31,False
E009292,1,Engineering,Software Engineer,723472.6,2024-06-01,2024-12-31,False
E009293,5,Marketing,Project Manager,647990.47,2023-04-28,2024-12-31,False
E009294,3,Human Resources,HR Specialist,702438.85,2018-10-18,2024-12-31,False
E009295,1,Engineering,Marketing Specialist,1564517.87,2021-09-18,2024-12-31,False
E009296,3,Human Resources,Financial Analyst,599124.21,2023-07-10,2024-12-31,False
E009297,5,Marketing,Data Scientist,357564.82,2018-04-07,2024-12-31,False
E009298,6,Operations,Business Analyst,2144397.0,2023-12-03,2024-12-31,False
E009299,3,Human Resources,Data Analyst,1585422.17,2022-09-11,2024-12-31,False
E009300,4,Sales,Project Manager,2134751.03,2024-06-01,2024-12-31,False
E009301,1,Engineering,Business Analyst,1487765.61,2021-09-12,2024-12-31,False
E009302,3,Human Resources,Financial Analyst,654496.06,2023-11-19,2024-12-31,False
E009303,2,Finance,Project Manager,2040443.39,2023-07-05,2024-12-31,False
E009304,2,Finance,Sales Executive,556568.91,2007-11-01,2024-12-31,False
E009305,5,Marketing,Project Manager,908170.7,2018-05-24,2024-12-31,False
E009306,5,Marketing,Sales Executive,1778004.56,2023-07-26,2024-12-31,False
E009307,2,Finance,HR Specialist,531507.03,2020-08-24,2024-12-31,False
E009308,4,Sales,Business Analyst,2015565.52,2024-06-01,2024-12-31,False
E009309,5,Marketing,Software Engineer,1431084.38,2024-03-10,2024-12-31,False
E009310,2,Finance,Business Analyst,457664.51,2024-04-29,2024-12-31,False
E009311,5,Marketing,Senior Software Engineer,1481966.77,2022-04-14,2024-12-31,False
E009312,4,Sales,HR Specialist,2262259.72,2023-06-14,2024-12-31,False
E009313,1,Engineering,Financial Analyst,1181934.57,2024-06-01,2024-12-31,False
E009314,4,Sales,Financial Analyst,1241311.07,2023-06-02,2024-12-31,False
E009315,5,Marketing,Senior Software Engineer,744355.82,2010-10-19,2024-12-31,False
E009316,5,Marketing,Software Engineer,2171186.24,2024-02-25,2024-12-31,False
E009317,4,Sales,Sales Executive,2252049.82,2016-03-14,2024-12-31,False
E009318,5,Marketing,HR Specialist,1016833.13,2020-11-19,2024-12-31,False
E009319,6,Operations,Operations Analyst,1105516.48,2018-01-20,2024-12-31,False
E009320,1,Engineering,Product Manager,1082800.37,2023-09-28,2024-12-31,False
E009321,2,Finance,Business Analyst,1502827.63,2023-08-20,2024-12-31,False
E009322,3,Human Resources,HR Specialist,413729.86,2020-08-14,2024-12-31,False
E009323,3,Human Resources,Product Manager,1375311.66,2017-05-02,2024-12-31,False
E009324,4,Sales,Project Manager,2162689.5,2012-05-13,2024-12-31,False
E009325,6,Operations,Sales Executive,1916627.43,2023-11-03,2024-12-31,False
E009326,1,Engineering,Data Analyst,1168731.45,2022-11-12,2024-12-31,False
E009327,6,Operations,Operations Analyst,2170871.93,2011-09-25,2024-12-31,False
E009328,2,Finance,Operations Analyst,1825482.31,2023-08-04,2024-12-31,False
E009329,2,Finance,Software Engineer,1523864.49,2008-03-30,2024-12-31,False
E009330,3,Human Resources,Data Scientist,1372415.99,2012-04-15,2024-12-31,False
E009331,5,Marketing,Marketing Specialist,2059256.53,2024-01-17,2024-12-31,False
E009332,6,Operations,Product Manager,255103.91,2015-01-22,2024-12-31,False
E009333,5,Marketing,Business Analyst,1898664.8,2011-02-27,2024-12-31,False
E009334,6,Operations,Business Analyst,1269559.68,2005-02-10,2024-12-31,False
E009335,4,Sales,Operations Analyst,595822.04,2016-10-17,2024-12-31,False
E009336,1,Engineering,Marketing Specialist,2190430.78,2023-04-04,2024-12-31,False
E009337,1,Engineering,HR Specialist,574521.15,2017-02-01,2024-12-31,False
E009338,2,Finance,Senior Software Engineer,1577322.03,2020-07-12,2024-12-31,False
E009339,5,Marketing,Business Analyst,559252.9,2021-03-06,2024-12-31,False
E009340,2,Finance,Financial Analyst,659484.67,2018-02-27,2024-12-31,False
E009341,4,Sales,Software Engineer,350432.19,2024-06-01,2024-12-31,False
E009342,1,Engineering,Senior Software Engineer,1911042.38,2013-08-11,2024-12-31,False
E009343,1,Engineering,Software Engineer,2075546.57,2002-09-25,2024-12-31,False
E009344,1,Engineering,HR Specialist,369577.82,2002-03-23,2024-12-31,False
E009345,5,Marketing,Financial Analyst,2229469.83,2001-02-08,2024-12-31,False
E009346,1,Engineering,Sales Executive,1372878.11,2019-09-24,2024-12-31,False
E009347,6,Operations,Operations Analyst,367098.11,2012-05-22,2024-12-31,False
E009348,3,Human Resources,Data Scientist,1156255.43,2023-12-05,2024-12-31,False
E009349,6,Operations,Software Engineer,1810862.84,2021-10-18,2024-12-31,False
E009350,2,Finance,Sales Executive,857766.7,2022-10-03,2024-12-31,False
E009351,5,Marketing,Sales Executive,1148119.92,2019-05-21,2024-12-31,False
E009352,4,Sales,HR Specialist,1578521.92,2020-10-19,2024-12-31,False
E009353,4,Sales,Sales Executive,2072199.48,2019-03-16,2024-12-31,False
E009354,4,Sales,Sales Executive,1268073.01,2017-09-12,2024-12-31,False
E009355,4,Sales,Software Engineer,383919.88,2022-10-23,2024-12-31,False
E009356,2,Finance,Marketing Specialist,1664550.02,2022-02-23,2024-12-31,False
E009357,2,Finance,Financial Analyst,2259944.31,2013-08-26,2024-12-31,False
E009358,1,Engineering,Data Analyst,471988.29,2024-04-17,2024-12-31,False
E009359,2,Finance,Data Analyst,1345668.57,2023-04-17,2024-12-31,False
E009360,2,Finance,Data Analyst,571615.18,2018-01-11,2024-12-31,False
E009361,1,Engineering,Financial Analyst,1674040.51,2024-05-10,2024-12-31,False
E009362,4,Sales,Sales Executive,1263483.64,2024-03-23,2024-12-31,False
E009363,3,Human Resources,Senior Software Engineer,1054158.95,2018-10-21,2024-12-31,False
E009364,2,Finance,Operations Analyst,1810582.45,2023-09-22,2024-12-31,False
E009365,4,Sales,HR Specialist,2231694.93,2020-06-15,2024-12-31,False
E009366,3,Human Resources,Data Scientist,1872658.25,2024-06-01,2024-12-31,False
E009367,6,Operations,Business Analyst,1554931.37,2024-04-05,2024-12-31,False
E009368,2,Finance,Operations Analyst,1733760.15,2019-02-24,2024-12-31,False
E009369,1,Engineering,Data Analyst,941180.86,2022-07-24,2024-12-31,False
E009370,5,Marketing,Data Analyst,2168207.83,2022-05-22,2024-12-31,False
E009371,4,Sales,Data Scientist,660613.13,2008-02-16,2024-12-31,False
E009372,4,Sales,Software Engineer,2018233.79,2024-02-07,2024-12-31,False
E009373,4,Sales,Project Manager,533586.42,2016-04-13,2024-12-31,False
E009374,6,Operations,Operations Analyst,2168565.5,2019-07-09,2024-12-31,False
E009375,2,Finance,Financial Analyst,763149.7,2003-01-03,2024-12-31,False
E009376,5,Marketing,Product Manager,1343912.44,2018-02-01,2024-12-31,False
E009377,6,Operations,Project Manager,1280329.92,2021-09-03,2024-12-31,False
E009378,3,Human Resources,Project Manager,651797.07,2005-05-21,2024-12-31,False
E009379,1,Engineering,Software Engineer,368072.1,2021-06-24,2024-12-31,False
E009380,4,Sales,Business Analyst,2170346.02,2024-06-01,2024-12-31,False
E009381,5,Marketing,Software Engineer,1935579.78,2015-10-03,2024-12-31,False
E009382,6,Operations,Business Analyst,1937334.0,2016-08-16,2024-12-31,False
E009383,5,Marketing,Senior Software Engineer,1269614.8,2020-04-15,2024-12-31,False
E009384,2,Finance,Operations Analyst,682711.51,2021-01-21,2024-12-31,False
E009385,3,Human Resources,Sales Executive,1314256.88,2019-09-26,2024-12-31,False
E009386,4,Sales,Financial Analyst,2217354.67,2021-11-17,2024-12-31,False
E009387,1,Engineering,Business Analyst,940753.38,2022-12-03,2024-12-31,False
E009388,3,Human Resources,Software Engineer,642261.92,2024-06-01,2024-12-31,False
E009389,5,Marketing,Sales Executive,2181200.19,2015-11-20,2024-12-31,False
E009390,5,Marketing,Marketing Specialist,898514.42,2021-06-09,2024-12-31,False
E009391,3,Human Resources,Business Analyst,2151439.62,2022-02-15,2024-12-31,False
E009392,3,Human Resources,Sales Executive,638046.54,2021-02-18,2024-12-31,False
E009393,1,Engineering,HR Specialist,1966032.59,2023-09-12,2024-12-31,False
E009394,2,Finance,Data Analyst,1580186.31,2010-08-25,2024-12-31,False
E009395,6,Operations,Marketing Specialist,349585.74,2024-03-30,2024-12-31,False
E009396,5,Marketing,Business Analyst,2307335.72,2004-12-14,2024-12-31,False
E009397,5,Marketing,Data Analyst,1064652.19,2021-12-01,2024-12-31,False
E009398,2,Finance,Project Manager,1546891.54,2021-04-14,2024-12-31,False
E009399,3,Human Resources,Operations Analyst,1216069.44,2009-02-06,2024-12-31,False
E009400,4,Sales,Business Analyst,1310299.34,2019-03-08,2024-12-31,False
E009401,6,Operations,HR Specialist,1326423.83,2018-03-23,2024-12-31,False
E009402,6,Operations,Data Analyst,1235683.34,2017-02-09,2024-12-31,False
E009403,1,Engineering,Project Manager,854337.4,2024-06-01,2024-12-31,False
E009404,1,Engineering,Project Manager,1281295.47,2016-11-12,2024-12-31,False
E009405,5,Marketing,Marketing Specialist,939055.97,2011-11-11,2024-12-31,False
E009406,1,Engineering,Software Engineer,1980384.94,2024-04-12,2024-12-31,False
E009407,3,Human Resources,Senior Software Engineer,299064.96,2023-12-12,2024-12-31,False
E009408,6,Operations,HR Specialist,725451.15,2024-05-20,2024-12-31,False
E009409,2,Finance,Senior Software Engineer,1292333.99,2023-12-03,2024-12-31,False
E009410,1,Engineering,HR Specialist,1843110.79,2023-12-23,2024-12-31,False
E009411,4,Sales,Product Manager,833418.36,2023-12-06,2024-12-31,False
E009412,3,Human Resources,Marketing Specialist,528210.24,2022-07-29,2024-12-31,False
E009413,2,Finance,Financial Analyst,1888371.23,2021-05-15,2024-12-31,False
E009414,3,Human Resources,Sales Executive,2185340.42,2012-03-27,2024-12-31,False
E009415,4,Sales,Product Manager,1804800.42,2021-04-12,2024-12-31,False
E009416,6,Operations,Senior Software Engineer,984270.67,2016-02-18,2024-12-31,False
E009417,1,Engineering,Business Analyst,1862510.35,2022-05-19,2024-12-31,False
E009418,6,Operations,Financial Analyst,2186229.6,2023-06-14,2024-12-31,False
E009419,4,Sales,Financial Analyst,799628.83,2019-01-22,2024-12-31,False
E009420,2,Finance,Data Scientist,2126684.17,2014-08-13,2024-12-31,False
E009421,5,Marketing,Marketing Specialist,1024004.07,2022-08-14,2024-12-31,False
E009422,6,Operations,Product Manager,916751.18,2018-03-03,2024-12-31,False
E009423,5,Marketing,Sales Executive,344607.4,2012-03-21,2024-12-31,False
E009424,2,Finance,Marketing Specialist,2116620.29,2023-02-15,2024-12-31,False
E009425,2,Finance,Operations Analyst,1900422.6,2021-02-09,2024-12-31,False
E009426,4,Sales,Software Engineer,1197043.93,2019-08-20,2024-12-31,False
E009427,5,Marketing,Sales Executive,1370860.52,2019-12-13,2024-12-31,False
E009428,6,Operations,Operations Analyst,2049976.38,2024-02-20,2024-12-31,False
E009429,3,Human Resources,Project Manager,701259.84,2010-12-30,2024-12-31,False
E009430,3,Human Resources,Financial Analyst,1111371.51,2023-08-10,2024-12-31,False
E009431,2,Finance,Marketing Specialist,856893.03,2024-06-01,2024-12-31,False
E009432,4,Sales,HR Specialist,1189161.02,2010-04-28,2024-12-31,False
E009433,5,Marketing,Sales Executive,2082222.91,2023-04-24,2024-12-31,False
E009434,1,Engineering,HR Specialist,1259324.22,2006-09-27,2024-12-31,False
E009435,5,Marketing,Financial Analyst,1957422.3,2023-11-29,2024-12-31,False
E009436,6,Operations,Senior Software Engineer,467076.37,2002-08-08,2024-12-31,False
E009437,1,Engineering,Data Analyst,975705.34,2017-05-11,2024-12-31,False
E009438,4,Sales,Software Engineer,652207.64,2011-05-03,2024-12-31,False
E009439,1,Engineering,Data Scientist,651439.25,2017-10-16,2024-12-31,False
E009440,6,Operations,Data Scientist,1276351.43,2020-06-05,2024-12-31,False
E009441,3,Human Resources,Business Analyst,1348698.23,2005-04-16,2024-12-31,False
E009442,1,Engineering,Data Analyst,1588689.63,2017-07-08,2024-12-31,False
E009443,5,Marketing,Data Scientist,1020526.84,2018-07-12,2024-12-31,False
E009444,6,Operations,Project Manager,1861849.63,2023-01-27,2024-12-31,False
E009445,4,Sales,Operations Analyst,835068.78,2020-07-24,2024-12-31,False
E009446,4,Sales,Operations Analyst,274491.54,2016-04-01,2024-12-31,False
E009447,5,Marketing,Data Scientist,1591104.9,2018-11-05,2024-12-31,False
E009448,4,Sales,Business Analyst,1668914.05,2002-02-05,2024-12-31,False
E009449,5,Marketing,Product Manager,2175881.66,2018-06-07,2024-12-31,False
E009450,5,Marketing,Operations Analyst,1771755.16,2024-06-01,2024-12-31,False
E009451,3,Human Resources,Operations Analyst,656651.22,2014-07-11,2024-12-31,False
E009452,4,Sales,Software Engineer,1023867.74,2015-08-30,2024-12-31,False
E009453,3,Human Resources,Marketing Specialist,936927.75,2023-12-28,2024-12-31,False
E009454,3,Human Resources,HR Specialist,794532.51,2024-06-01,2024-12-31,False
E009455,5,Marketing,Data Scientist,485361.33,2017-02-12,2024-12-31,False
E009456,6,Operations,Financial Analyst,789444.87,2021-06-29,2024-12-31,False
E009457,5,Marketing,Data Scientist,2212405.74,2021-08-31,2024-12-31,False
E009458,1,Engineering,Product Manager,1266829.79,2024-05-25,2024-12-31,False
E009459,6,Operations,Sales Executive,1648250.59,2023-04-25,2024-12-31,False
E009460,1,Engineering,Data Analyst,821280.94,2019-05-23,2024-12-31,False
E009461,4,Sales,Senior Software Engineer,873357.1,2019-06-13,2024-12-31,False
E009462,6,Operations,Business Analyst,461819.72,2005-11-18,2024-12-31,False
E009463,1,Engineering,Project Manager,1125941.88,2023-03-17,2024-12-31,False
E009464,3,Human Resources,Business Analyst,1818518.28,2019-09-09,2024-12-31,False
E009465,4,Sales,Data Scientist,358552.17,2023-07-13,2024-12-31,False
E009466,1,Engineering,Data Analyst,1770593.33,2013-09-30,2024-12-31,False
E009467,5,Marketing,Sales Executive,1653481.6,2018-04-15,2024-12-31,False
E009468,4,Sales,HR Specialist,1287389.43,2021-11-06,2024-12-31,False
E009469,3,Human Resources,Operations Analyst,1271553.73,2014-03-02,2024-12-31,False
E009470,3,Human Resources,Financial Analyst,615630.13,2024-03-05,2024-12-31,False
E009471,4,Sales,Sales Executive,1779531.39,2010-09-05,2024-12-31,False
E009472,2,Finance,Operations Analyst,1583651.93,2024-06-01,2024-12-31,False
E009473,5,Marketing,HR Specialist,1908469.34,2016-06-18,2024-12-31,False
E009474,6,Operations,Senior Software Engineer,751980.62,2021-03-24,2024-12-31,False
E009475,6,Operations,Project Manager,1977935.92,2021-01-28,2024-12-31,False
E009476,1,Engineering,Sales Executive,456192.68,2023-07-30,2024-12-31,False
E009477,6,Operations,Software Engineer,737196.32,2022-05-12,2024-12-31,False
E009478,1,Engineering,Marketing Specialist,570649.49,2020-08-13,2024-12-31,False
E009479,3,Human Resources,Sales Executive,1372818.68,2021-08-12,2024-12-31,False
E009480,5,Marketing,Data Analyst,1758452.36,2023-10-07,2024-12-31,False
E009481,4,Sales,Sales Executive,1809077.64,2014-10-07,2024-12-31,False
E009482,5,Marketing,Product Manager,267002.21,2016-06-02,2024-12-31,False
E009483,3,Human Resources,Data Analyst,995206.78,2024-06-01,2024-12-31,False
E009484,6,Operations,Product Manager,349809.48,2024-06-01,2024-12-31,False
E009485,4,Sales,Project Manager,874172.36,2024-06-01,2024-12-31,False
E009486,3,Human Resources,Business Analyst,1088688.86,2011-08-13,2024-12-31,False
E009487,6,Operations,Business Analyst,2141474.04,2023-04-20,2024-12-31,False
E009488,4,Sales,Financial Analyst,1325333.41,2020-02-12,2024-12-31,False
E009489,2,Finance,Marketing Specialist,345684.15,2024-06-01,2024-12-31,False
E009490,6,Operations,Data Analyst,364796.49,2024-06-01,2024-12-31,False
E009491,2,Finance,Sales Executive,1046382.07,2013-01-31,2024-12-31,False
E009492,5,Marketing,HR Specialist,1228999.03,2023-10-03,2024-12-31,False
E009493,1,Engineering,Data Scientist,1652450.04,2016-12-22,2024-12-31,False
E009494,6,Operations,Software Engineer,1813231.97,2013-11-24,2024-12-31,False
E009495,5,Marketing,Data Scientist,1718440.31,2024-06-01,2024-12-31,False
E009496,4,Sales,Sales Executive,1079911.96,2023-01-24,2024-12-31,False
E009497,6,Operations,Sales Executive,622624.64,2023-12-19,2024-12-31,False
E009498,3,Human Resources,Software Engineer,2146308.79,2018-12-23,2024-12-31,False
E009499,2,Finance,Software Engineer,546625.61,2020-08-14,2024-12-31,False
E009500,3,Human Resources,Marketing Specialist,1768675.08,2024-06-01,2024-12-31,False
E009501,1,Engineering,Marketing Specialist,2225286.5,2013-01-07,2024-12-31,False
E009502,4,Sales,Sales Executive,1000381.44,2023-06-09,2024-12-31,False
E009503,1,Engineering,Senior Software Engineer,1389573.66,2020-07-08,2024-12-31,False
E009504,1,Engineering,Marketing Specialist,1299873.5,2019-10-26,2024-12-31,False
E009505,6,Operations,Sales Executive,780634.11,2013-05-15,2024-12-31,False
E009506,3,Human Resources,Data Analyst,1630471.04,2024-06-01,2024-12-31,False
E009507,4,Sales,Software Engineer,993184.82,2018-07-04,2024-12-31,False
E009508,4,Sales,Senior Software Engineer,1775875.14,2022-03-24,2024-12-31,False
E009509,1,Engineering,Senior Software Engineer,2063566.25,2023-12-20,2024-12-31,False
E009510,3,Human Resources,Data Analyst,1035227.67,2014-01-21,2024-12-31,False
E009511,3,Human Resources,Data Analyst,1815672.25,2020-12-14,2024-12-31,False
E009512,5,Marketing,Software Engineer,1721403.54,2024-06-01,2024-12-31,False
E009513,1,Engineering,Marketing Specialist,1048276.17,2024-01-08,2024-12-31,False
E009514,4,Sales,Project Manager,2042469.89,2016-06-24,2024-12-31,False
E009515,3,Human Resources,Project Manager,1992427.09,2022-12-05,2024-12-31,False
E009516,6,Operations,Product Manager,1969707.16,2019-03-09,2024-12-31,False
E009517,6,Operations,Marketing Specialist,1976453.59,2022-07-26,2024-12-31,False
E009518,3,Human Resources,HR Specialist,845934.47,2024-03-03,2024-12-31,False
E009519,3,Human Resources,Business Analyst,431780.38,2022-01-31,2024-12-31,False
E009520,4,Sales,Marketing Specialist,1467139.2,2014-03-12,2024-12-31,False
E009521,4,Sales,Business Analyst,2309859.19,2004-07-03,2024-12-31,False
E009522,1,Engineering,Data Analyst,591982.54,2009-05-11,2024-12-31,False
E009523,6,Operations,Operations Analyst,373832.46,2013-12-18,2024-12-31,False
E009524,4,Sales,Operations Analyst,1078713.16,2024-06-01,2024-12-31,False
E009525,6,Operations,HR Specialist,1717733.5,2021-06-14,2024-12-31,False
E009526,2,Finance,Business Analyst,2122358.71,2022-12-16,2024-12-31,False
E009527,5,Marketing,Product Manager,1553304.83,2016-07-23,2024-12-31,False
E009528,4,Sales,Software Engineer,2322351.82,2024-06-01,2024-12-31,False
E009529,4,Sales,Data Analyst,2228691.3,2004-03-07,2024-12-31,False
E009530,6,Operations,Software Engineer,761912.6,2020-11-24,2024-12-31,False
E009531,3,Human Resources,Marketing Specialist,362329.72,2018-06-02,2024-12-31,False
E009532,1,Engineering,Operations Analyst,616555.69,2014-01-14,2024-12-31,False
E009533,5,Marketing,Business Analyst,1840086.34,2024-06-01,2024-12-31,False
E009534,6,Operations,Sales Executive,1327116.38,2020-09-24,2024-12-31,False
E009535,3,Human Resources,HR Specialist,2004673.36,2024-04-26,2024-12-31,False
E009536,2,Finance,Project Manager,635746.55,2023-10-22,2024-12-31,False
E009537,2,Finance,Senior Software Engineer,1389209.12,2024-06-01,2024-12-31,False
E009538,1,Engineering,Data Analyst,1750484.32,2012-01-06,2024-12-31,False
E009539,4,Sales,Business Analyst,1476308.46,2021-11-01,2024-12-31,False
E009540,2,Finance,Financial Analyst,1556260.72,2024-01-01,2024-12-31,False
E009541,2,Finance,Project Manager,2138827.85,2023-09-27,2024-12-31,False
E009542,4,Sales,Senior Software Engineer,1946996.77,2020-04-14,2024-12-31,False
E009543,3,Human Resources,Project Manager,1057666.76,2013-04-12,2024-12-31,False
E009544,1,Engineering,Operations Analyst,746394.53,2024-06-01,2024-12-31,False
E009545,4,Sales,HR Specialist,1909965.32,2022-02-03,2024-12-31,False
E009546,4,Sales,Senior Software Engineer,530400.77,2023-08-18,2024-12-31,False
E009547,2,Finance,Data Scientist,1058915.84,2013-10-03,2024-12-31,False
E009548,3,Human Resources,Project Manager,2035318.91,2022-11-07,2024-12-31,False
E009549,5,Marketing,Financial Analyst,1069521.25,2008-11-16,2024-12-31,False
E009550,3,Human Resources,Business Analyst,408832.74,2023-12-04,2024-12-31,False
E009551,1,Engineering,Business Analyst,1808784.07,2024-06-01,2024-12-31,False
E009552,1,Engineering,Project Manager,328909.02,2024-06-01,2024-12-31,False
E009553,4,Sales,Operations Analyst,876369.95,2015-11-07,2024-12-31,False
E009554,2,Finance,Business Analyst,1342245.35,2017-11-24,2024-12-31,False
E009555,3,Human Resources,HR Specialist,2181105.37,2023-11-16,2024-12-31,False
E009556,2,Finance,Financial Analyst,2045639.12,2018-06-24,2024-12-31,False
E009557,2,Finance,Product Manager,2025144.2,2024-03-10,2024-12-31,False
E009558,2,Finance,Data Analyst,1756944.4,2023-09-24,2024-12-31,False
E009559,4,Sales,Financial Analyst,1175413.09,2024-06-01,2024-12-31,False
E009560,4,Sales,HR Specialist,1847960.16,2022-12-15,2024-12-31,False
E009561,6,Operations,Data Scientist,599833.04,2019-09-07,2024-12-31,False
E009562,4,Sales,Senior Software Engineer,1420715.6,2023-10-06,2024-12-31,False
E009563,2,Finance,Financial Analyst,387915.23,2012-11-04,2024-12-31,False
E009564,6,Operations,Product Manager,1209926.38,2013-03-01,2024-12-31,False
E009565,5,Marketing,Operations Analyst,2146832.43,2024-05-21,2024-12-31,False
E009566,1,Engineering,Project Manager,817647.96,2023-12-30,2024-12-31,False
E009567,5,Marketing,Financial Analyst,1877136.89,2021-12-11,2024-12-31,False
E009568,2,Finance,HR Specialist,1208544.24,2023-07-11,2024-12-31,False
E009569,6,Operations,Marketing Specialist,547772.0,2018-08-28,2024-12-31,False
E009570,2,Finance,Business Analyst,1569127.76,2015-04-26,2024-12-31,False
E009571,6,Operations,Data Scientist,1300236.63,2017-10-10,2024-12-31,False
E009572,5,Marketing,Software Engineer,2232895.73,2018-02-12,2024-12-31,False
E009573,2,Finance,Data Scientist,1873966.91,2018-06-18,2024-12-31,False
E009574,2,Finance,Business Analyst,1743306.82,2023-10-20,2024-12-31,False
E009575,3,Human Resources,Data Scientist,1827515.73,2023-05-17,2024-12-31,False
E009576,4,Sales,Data Scientist,1836001.21,2013-10-24,2024-12-31,False
E009577,6,Operations,Business Analyst,2104737.58,2014-06-20,2024-12-31,False
E009578,3,Human Resources,Data Scientist,1244396.13,2021-07-11,2024-12-31,False
E009579,2,Finance,Data Analyst,869055.0,2016-12-19,2024-12-31,False
E009580,5,Marketing,Data Scientist,1306015.04,2016-11-09,2024-12-31,False
E009581,3,Human Resources,Sales Executive,1300969.69,2024-02-24,2024-12-31,False
E009582,2,Finance,Marketing Specialist,2059499.74,2023-10-20,2024-12-31,False
E009583,1,Engineering,Product Manager,2117761.94,2023-06-18,2024-12-31,False
E009584,6,Operations,HR Specialist,1421271.14,2020-06-07,2024-12-31,False
E009585,6,Operations,HR Specialist,1519589.17,2022-04-09,2024-12-31,False
E009586,6,Operations,Data Scientist,367168.49,2021-01-15,2024-12-31,False
E009587,5,Marketing,Marketing Specialist,2087612.62,2021-02-28,2024-12-31,False
E009588,6,Operations,Data Scientist,1507584.1,2023-09-28,2024-12-31,False
E009589,2,Finance,Product Manager,287922.9,2024-04-26,2024-12-31,False
E009590,1,Engineering,Data Analyst,1205956.56,2021-02-14,2024-12-31,False
E009591,6,Operations,Financial Analyst,1699021.92,2023-12-29,2024-12-31,False
E009592,6,Operations,Marketing Specialist,1109677.47,2021-12-11,2024-12-31,False
E009593,3,Human Resources,Senior Software Engineer,885234.11,2019-10-10,2024-12-31,False
E009594,2,Finance,Operations Analyst,734432.89,2020-03-28,2024-12-31,False
E009595,3,Human Resources,Software Engineer,851813.01,1999-04-24,2024-12-31,False
E009596,2,Finance,Marketing Specialist,670986.7,2023-08-30,2024-12-31,False
E009597,1,Engineering,Project Manager,1660996.87,2018-03-06,2024-12-31,False
E009598,3,Human Resources,Business Analyst,1479407.93,2024-06-01,2024-12-31,False
E009599,1,Engineering,Software Engineer,953838.27,2018-02-16,2024-12-31,False
E009600,5,Marketing,HR Specialist,1018594.23,2022-06-10,2024-12-31,False
E009601,4,Sales,Business Analyst,1895850.51,2016-05-29,2024-12-31,False
E009602,4,Sales,Project Manager,2034658.36,2024-06-01,2024-12-31,False
E009603,1,Engineering,Business Analyst,1781204.84,2024-01-03,2024-12-31,False
E009604,2,Finance,Senior Software Engineer,1490360.03,2020-06-03,2024-12-31,False
E009605,2,Finance,Product Manager,520948.58,2024-02-07,2024-12-31,False
E009606,2,Finance,Project Manager,1883054.29,2022-04-10,2024-12-31,False
E009607,2,Finance,Software Engineer,1123431.59,2020-02-06,2024-12-31,False
E009608,1,Engineering,HR Specialist,688651.66,2020-04-11,2024-12-31,False
E009609,4,Sales,Business Analyst,1024693.12,2018-05-03,2024-12-31,False
E009610,6,Operations,HR Specialist,2020344.89,2020-12-25,2024-12-31,False
E009611,5,Marketing,Financial Analyst,1824147.25,2004-07-29,2024-12-31,False
E009612,2,Finance,Business Analyst,2130675.39,2023-08-28,2024-12-31,False
E009613,1,Engineering,Project Manager,2058763.05,2019-08-15,2024-12-31,False
E009614,6,Operations,Senior Software Engineer,2133785.77,2015-01-25,2024-12-31,False
E009615,2,Finance,Senior Software Engineer,1305718.75,2015-12-15,2024-12-31,False
E009616,4,Sales,HR Specialist,377874.34,2014-11-22,2024-12-31,False
E009617,5,Marketing,Business Analyst,829950.47,2024-05-05,2024-12-31,False
E009618,3,Human Resources,Project Manager,1205770.6,2015-07-15,2024-12-31,False
E009619,1,Engineering,Data Scientist,359576.85,2023-10-08,2024-12-31,False
E009620,5,Marketing,Software Engineer,2029849.42,2013-04-27,2024-12-31,False
E009621,2,Finance,HR Specialist,1220238.62,2022-10-22,2024-12-31,False
E009622,5,Marketing,Senior Software Engineer,1876023.6,2021-10-01,2024-12-31,False
E009623,1,Engineering,Operations Analyst,1906880.53,2023-05-06,2024-12-31,False
E009624,1,Engineering,Product Manager,483171.44,2023-09-10,2024-12-31,False
E009625,2,Finance,Data Analyst,1751700.52,2024-05-07,2024-12-31,False
E009626,4,Sales,Product Manager,588682.58,2021-11-24,2024-12-31,False
E009627,2,Finance,Financial Analyst,427509.31,2024-06-01,2024-12-31,False
E009628,1,Engineering,Marketing Specialist,647787.84,2019-07-17,2024-12-31,False
E009629,2,Finance,Product Manager,308067.94,2024-01-20,2024-12-31,False
E009630,2,Finance,Senior Software Engineer,2185050.71,2024-02-24,2024-12-31,False
E009631,4,Sales,Business Analyst,853715.92,2019-12-28,2024-12-31,False
E009632,1,Engineering,Business Analyst,494452.93,2021-07-05,2024-12-31,False
E009633,3,Human Resources,Sales Executive,488927.96,2024-06-01,2024-12-31,False
E009634,5,Marketing,Marketing Specialist,394273.57,2019-02-02,2024-12-31,False
E009635,3,Human Resources,Data Scientist,397528.61,2016-09-28,2024-12-31,False
E009636,4,Sales,Business Analyst,1384161.14,2020-03-15,2024-12-31,False
E009637,3,Human Resources,Product Manager,1516350.72,2023-02-19,2024-12-31,False
E009638,6,Operations,Project Manager,832589.78,2021-04-07,2024-12-31,False
E009639,2,Finance,Data Analyst,1292147.75,2019-10-17,2024-12-31,False
E009640,6,Operations,Financial Analyst,1472489.75,2018-12-14,2024-12-31,False
E009641,5,Marketing,Senior Software Engineer,1436947.01,2023-11-12,2024-12-31,False
E009642,3,Human Resources,Operations Analyst,1655339.55,2021-08-07,2024-12-31,False
E009643,5,Marketing,HR Specialist,1129734.01,2020-10-03,2024-12-31,False
E009644,1,Engineering,Sales Executive,1687725.77,2014-03-17,2024-12-31,False
E009645,3,Human Resources,Senior Software Engineer,1001225.36,2015-07-10,2024-12-31,False
E009646,5,Marketing,Software Engineer,632259.98,2023-04-06,2024-12-31,False
E009647,5,Marketing,Data Analyst,1638209.34,2023-10-02,2024-12-31,False
E009648,3,Human Resources,Sales Executive,271681.58,2018-03-13,2024-12-31,False
E009649,3,Human Resources,Operations Analyst,1537086.5,2020-10-13,2024-12-31,False
E009650,6,Operations,Business Analyst,1555294.45,2016-11-20,2024-12-31,False
E009651,5,Marketing,Financial Analyst,468534.28,2014-10-16,2024-12-31,False
E009652,5,Marketing,Senior Software Engineer,1749677.86,2022-09-04,2024-12-31,False
E009653,1,Engineering,HR Specialist,1889947.24,2023-04-21,2024-12-31,False
E009654,5,Marketing,Software Engineer,1147610.4,2015-08-01,2024-12-31,False
E009655,3,Human Resources,Operations Analyst,921506.3,2016-12-14,2024-12-31,False
E009656,3,Human Resources,Financial Analyst,1237501.44,2019-02-01,2024-12-31,False
E009657,2,Finance,Data Scientist,1487156.09,2024-01-02,2024-12-31,False
E009658,1,Engineering,Senior Software Engineer,1857770.83,2024-05-21,2024-12-31,False
E009659,2,Finance,Data Scientist,1108737.66,2024-04-24,2024-12-31,False
E009660,1,Engineering,Data Scientist,667213.79,2023-06-05,2024-12-31,False
E009661,1,Engineering,Senior Software Engineer,1196151.99,2022-08-01,2024-12-31,False
E009662,2,Finance,Project Manager,1653647.03,2017-07-15,2024-12-31,False
E009663,1,Engineering,Senior Software Engineer,1821183.75,2024-05-09,2024-12-31,False
E009664,6,Operations,Operations Analyst,708191.13,2020-08-27,2024-12-31,False
E009665,2,Finance,Sales Executive,1069456.7,2018-01-13,2024-12-31,False
E009666,6,Operations,Sales Executive,668160.58,2020-05-24,2024-12-31,False
E009667,4,Sales,Data Analyst,938628.6,2023-06-17,2024-12-31,False
E009668,2,Finance,Software Engineer,645596.57,2006-06-20,2024-12-31,False
E009669,4,Sales,Senior Software Engineer,1259312.15,2019-11-10,2024-12-31,False
E009670,2,Finance,Software Engineer,2153552.71,2021-01-13,2024-12-31,False
E009671,3,Human Resources,Operations Analyst,2241831.41,2012-05-08,2024-12-31,False
E009672,6,Operations,Data Scientist,319589.64,2019-05-13,2024-12-31,False
E009673,2,Finance,Project Manager,2030302.78,2016-03-04,2024-12-31,False
E009674,3,Human Resources,Data Scientist,1585270.96,2020-11-23,2024-12-31,False
E009675,5,Marketing,Business Analyst,1993109.87,2022-08-21,2024-12-31,False
E009676,1,Engineering,Product Manager,1220348.97,2022-12-31,2024-12-31,False
E009677,4,Sales,Financial Analyst,526219.76,2017-06-16,2024-12-31,False
E009678,3,Human Resources,Business Analyst,1375851.5,2018-01-21,2024-12-31,False
E009679,3,Human Resources,Data Analyst,1694447.28,2024-06-01,2024-12-31,False
E009680,2,Finance,Data Analyst,990887.31,2023-07-18,2024-12-31,False
E009681,6,Operations,Business Analyst,765818.4,2006-07-29,2024-12-31,False
E009682,4,Sales,Data Scientist,1649846.94,2024-06-01,2024-12-31,False
E009683,4,Sales,Marketing Specialist,1927521.46,2024-04-16,2024-12-31,False
E009684,5,Marketing,Data Analyst,580006.29,2023-01-24,2024-12-31,False
E009685,4,Sales,HR Specialist,1520765.68,2005-08-26,2024-12-31,False
E009686,1,Engineering,Product Manager,689995.0,2010-03-06,2024-12-31,False
E009687,1,Engineering,Project Manager,729059.81,2021-09-20,2024-12-31,False
E009688,4,Sales,Marketing Specialist,1090837.09,2022-03-14,2024-12-31,False
E009689,2,Finance,Marketing Specialist,1129656.46,2022-07-15,2024-12-31,False
E009690,6,Operations,Project Manager,266573.53,2023-02-07,2024-12-31,False
E009691,5,Marketing,Data Scientist,650237.31,2023-03-02,2024-12-31,False
E009692,3,Human Resources,Software Engineer,1422508.02,2023-12-20,2024-12-31,False
E009693,4,Sales,Senior Software Engineer,1321854.74,2024-05-10,2024-12-31,False
E009694,4,Sales,Software Engineer,1057916.89,2003-10-19,2024-12-31,False
E009695,3,Human Resources,Business Analyst,614261.18,2023-07-18,2024-12-31,False
E009696,2,Finance,Sales Executive,1665469.41,2011-11-22,2024-12-31,False
E009697,1,Engineering,Senior Software Engineer,566344.72,2023-11-09,2024-12-31,False
E009698,2,Finance,Sales Executive,1767739.67,2004-03-27,2024-12-31,False
E009699,4,Sales,Project Manager,641343.46,2019-07-05,2024-12-31,False
E009700,6,Operations,Data Scientist,1663440.05,2021-12-08,2024-12-31,False
E009701,1,Engineering,Marketing Specialist,704273.84,2024-06-01,2024-12-31,False
E009702,1,Engineering,Marketing Specialist,2209475.02,2024-06-01,2024-12-31,False
E009703,4,Sales,Senior Software Engineer,832255.65,2024-06-01,2024-12-31,False
E009704,2,Finance,Data Analyst,1683503.48,2020-12-30,2024-12-31,False
E009705,1,Engineering,Marketing Specialist,1124117.74,2012-02-25,2024-12-31,False
E009706,6,Operations,Software Engineer,1511825.41,2019-01-31,2024-12-31,False
E009707,3,Human Resources,Financial Analyst,1930528.08,2015-02-16,2024-12-31,False
E009708,2,Finance,Marketing Specialist,1761341.55,2012-07-03,2024-12-31,False
E009709,1,Engineering,Operations Analyst,674378.84,2017-02-27,2024-12-31,False
E009710,6,Operations,Software Engineer,848427.77,2021-06-04,2024-12-31,False
E009711,4,Sales,Operations Analyst,1488395.58,2021-09-20,2024-12-31,False
E009712,3,Human Resources,Software Engineer,557388.23,2023-07-09,2024-12-31,False
E009713,2,Finance,HR Specialist,385381.14,2023-12-10,2024-12-31,False
E009714,6,Operations,Software Engineer,1107966.64,2023-07-19,2024-12-31,False
E009715,5,Marketing,Financial Analyst,2084459.39,2022-08-11,2024-12-31,False
E009716,4,Sales,Business Analyst,1295946.4,2018-01-09,2024-12-31,False
E009717,5,Marketing,Data Scientist,363451.54,2021-02-17,2024-12-31,False
E009718,5,Marketing,Product Manager,2048358.97,2024-04-04,2024-12-31,False
E009719,5,Marketing,Business Analyst,1657941.6,2005-08-24,2024-12-31,False
E009720,5,Marketing,Data Scientist,1911230.93,2019-09-28,2024-12-31,False
E009721,6,Operations,Financial Analyst,1250106.36,2022-08-09,2024-12-31,False
E009722,2,Finance,Project Manager,1201911.83,2014-08-30,2024-12-31,False
E009723,3,Human Resources,Senior Software Engineer,483302.96,2016-05-07,2024-12-31,False
E009724,2,Finance,Product Manager,1380316.85,2023-01-04,2024-12-31,False
E009725,2,Finance,Sales Executive,321270.3,2024-06-01,2024-12-31,False
E009726,6,Operations,Product Manager,542131.43,2019-10-23,2024-12-31,False
E009727,1,Engineering,Business Analyst,2049963.87,2013-01-27,2024-12-31,False
E009728,1,Engineering,Financial Analyst,783619.84,2010-04-14,2024-12-31,False
E009729,5,Marketing,Marketing Specialist,2308851.73,2006-05-16,2024-12-31,False
E009730,4,Sales,Data Analyst,1789120.57,2015-06-15,2024-12-31,False
E009731,2,Finance,Data Scientist,1008073.36,2021-03-08,2024-12-31,False
E009732,5,Marketing,Business Analyst,1550558.94,2010-08-17,2024-12-31,False
E009733,3,Human Resources,Senior Software Engineer,1870245.36,2019-08-18,2024-12-31,False
E009734,5,Marketing,Operations Analyst,796786.94,1997-12-18,2024-12-31,False
E009735,1,Engineering,Project Manager,1375071.18,2020-12-27,2024-12-31,False
E009736,4,Sales,Marketing Specialist,2249599.51,2020-03-14,2024-12-31,False
E009737,3,Human Resources,Operations Analyst,850730.76,2024-05-06,2024-12-31,False
E009738,5,Marketing,Data Analyst,713953.98,2011-09-29,2024-12-31,False
E009739,1,Engineering,HR Specialist,391984.38,2019-02-04,2024-12-31,False
E009740,6,Operations,Financial Analyst,1386061.08,2023-01-07,2024-12-31,False
E009741,2,Finance,Marketing Specialist,2158569.36,2023-07-08,2024-12-31,False
E009742,3,Human Resources,Data Scientist,1139059.22,2024-04-09,2024-12-31,False
E009743,3,Human Resources,Project Manager,864515.91,2020-01-13,2024-12-31,False
E009744,2,Finance,Sales Executive,1183879.97,2016-05-08,2024-12-31,False
E009745,1,Engineering,Marketing Specialist,648727.54,2017-11-11,2024-12-31,False
E009746,1,Engineering,Data Analyst,1944958.75,2023-09-21,2024-12-31,False
E009747,4,Sales,Senior Software Engineer,548451.69,2018-05-04,2024-12-31,False
E009748,5,Marketing,Marketing Specialist,495571.55,2022-12-01,2024-12-31,False
E009749,1,Engineering,Senior Software Engineer,1402530.45,2019-11-12,2024-12-31,False
E009750,1,Engineering,Product Manager,2135301.41,2023-06-20,2024-12-31,False
E009751,2,Finance,Business Analyst,1986240.44,2018-06-07,2024-12-31,False
E009752,1,Engineering,HR Specialist,1555171.75,2023-08-30,2024-12-31,False
E009753,4,Sales,Marketing Specialist,725970.96,2014-10-31,2024-12-31,False
E009754,5,Marketing,Sales Executive,1642750.33,2012-10-27,2024-12-31,False
E009755,4,Sales,Marketing Specialist,1259164.38,2019-07-22,2024-12-31,False
E009756,3,Human Resources,Product Manager,1796533.96,2023-08-02,2024-12-31,False
E009757,4,Sales,Marketing Specialist,1218024.55,2018-12-08,2024-12-31,False
E009758,2,Finance,Operations Analyst,1643221.68,2022-09-04,2024-12-31,False
E009759,5,Marketing,Product Manager,824458.78,2002-07-21,2024-12-31,False
E009760,5,Marketing,Business Analyst,790459.87,2009-06-12,2024-12-31,False
E009761,3,Human Resources,Project Manager,345325.11,2017-12-15,2024-12-31,False
E009762,3,Human Resources,Operations Analyst,2049526.72,2018-07-28,2024-12-31,False
E009763,4,Sales,Business Analyst,810312.33,2019-11-09,2024-12-31,False
E009764,2,Finance,HR Specialist,1061564.78,2020-09-30,2024-12-31,False
E009765,6,Operations,Marketing Specialist,874081.69,2022-02-07,2024-12-31,False
E009766,1,Engineering,Project Manager,1835396.05,2020-01-25,2024-12-31,False
E009767,6,Operations,HR Specialist,1446771.41,2021-01-16,2024-12-31,False
E009768,3,Human Resources,Project Manager,1047901.66,2013-05-09,2024-12-31,False
E009769,5,Marketing,Business Analyst,1871208.4,2021-09-20,2024-12-31,False
E009770,4,Sales,Financial Analyst,1733633.76,2024-06-01,2024-12-31,False
E009771,3,Human Resources,Marketing Specialist,1457635.82,2024-06-01,2024-12-31,False
E009772,5,Marketing,Operations Analyst,1251940.36,2020-06-09,2024-12-31,False
E009773,1,Engineering,HR Specialist,1158558.68,2023-11-09,2024-12-31,False
E009774,3,Human Resources,Sales Executive,2179031.58,2013-01-08,2024-12-31,False
E009775,5,Marketing,Product Manager,1641177.44,2024-06-01,2024-12-31,False
E009776,1,Engineering,Business Analyst,1233359.27,2021-08-20,2024-12-31,False
E009777,2,Finance,Software Engineer,2139846.53,2024-06-01,2024-12-31,False
E009778,2,Finance,Business Analyst,1929737.67,2020-07-02,2024-12-31,False
E009779,3,Human Resources,Financial Analyst,1032160.55,2021-12-18,2024-12-31,False
E009780,5,Marketing,Marketing Specialist,914656.33,2015-03-25,2024-12-31,False
E009781,3,Human Resources,Financial Analyst,1399341.28,2022-09-04,2024-12-31,False
E009782,5,Marketing,Business Analyst,1996707.78,2019-09-17,2024-12-31,False
E009783,3,Human Resources,Financial Analyst,1234712.25,2015-01-22,2024-12-31,False
E009784,2,Finance,HR Specialist,2036593.46,2019-06-04,2024-12-31,False
E009785,6,Operations,Project Manager,2050716.49,2023-01-26,2024-12-31,False
E009786,1,Engineering,Software Engineer,1460075.11,2015-03-20,2024-12-31,False
E009787,3,Human Resources,Product Manager,1703137.42,2024-06-01,2024-12-31,False
E009788,2,Finance,Product Manager,543629.25,2022-01-21,2024-12-31,False
E009789,1,Engineering,HR Specialist,946818.18,2019-12-08,2024-12-31,False
E009790,1,Engineering,HR Specialist,711798.96,2023-06-08,2024-12-31,False
E009791,4,Sales,Operations Analyst,2236336.64,2020-05-31,2024-12-31,False
E009792,3,Human Resources,Project Manager,432399.23,2022-07-19,2024-12-31,False
E009793,2,Finance,Data Scientist,588846.14,2024-06-01,2024-12-31,False
E009794,5,Marketing,Operations Analyst,1977499.88,2009-02-28,2024-12-31,False
E009795,3,Human Resources,Product Manager,763353.49,2024-05-30,2024-12-31,False
E009796,5,Marketing,Business Analyst,925687.6,2023-11-20,2024-12-31,False
E009797,5,Marketing,Data Scientist,1470831.23,2022-07-16,2024-12-31,False
E009798,1,Engineering,Operations Analyst,1580223.81,2016-11-29,2024-12-31,False
E009799,4,Sales,Data Analyst,1177044.66,2023-09-11,2024-12-31,False
E009800,1,Engineering,Business Analyst,1560903.26,2012-10-06,2024-12-31,False
E009801,6,Operations,Business Analyst,2272322.44,2014-11-06,2024-12-31,False
E009802,4,Sales,Senior Software Engineer,1926556.27,2016-10-03,2024-12-31,False
E009803,1,Engineering,HR Specialist,2043200.13,2011-09-03,2024-12-31,False
E009804,5,Marketing,Financial Analyst,917468.48,2023-11-19,2024-12-31,False
E009805,1,Engineering,Senior Software Engineer,1103518.09,2013-08-04,2024-12-31,False
E009806,3,Human Resources,Business Analyst,2000913.58,2001-06-05,2024-12-31,False
E009807,3,Human Resources,Business Analyst,1288782.38,2024-06-01,2024-12-31,False
E009808,2,Finance,Business Analyst,1172317.27,2022-09-14,2024-12-31,False
E009809,4,Sales,Project Manager,1849443.6,2023-11-28,2024-12-31,False
E009810,4,Sales,Data Scientist,390919.97,2023-04-17,2024-12-31,False
E009811,1,Engineering,Data Analyst,381956.79,2018-11-05,2024-12-31,False
E009812,6,Operations,Product Manager,371788.96,2017-09-09,2024-12-31,False
E009813,4,Sales,Data Analyst,991813.63,2023-06-11,2024-12-31,False
E009814,1,Engineering,Business Analyst,649576.41,2022-12-31,2024-12-31,False
E009815,2,Finance,Marketing Specialist,1239325.73,2021-12-20,2024-12-31,False
E009816,4,Sales,Marketing Specialist,1946776.93,2022-12-03,2024-12-31,False
E009817,3,Human Resources,Product Manager,1459180.6,2018-02-04,2024-12-31,False
E009818,5,Marketing,Marketing Specialist,2305427.22,2024-02-09,2024-12-31,False
E009819,5,Marketing,Financial Analyst,420189.85,2021-03-27,2024-12-31,False
E009820,1,Engineering,Senior Software Engineer,1264862.04,2024-06-01,2024-12-31,False
E009821,4,Sales,HR Specialist,1245177.5,2024-05-08,2024-12-31,False
E009822,6,Operations,Product Manager,1157597.34,2019-01-02,2024-12-31,False
E009823,6,Operations,Operations Analyst,2099629.63,2024-06-01,2024-12-31,False
E009824,2,Finance,Marketing Specialist,1200032.51,2023-01-20,2024-12-31,False
E009825,4,Sales,Operations Analyst,2046716.04,2009-03-13,2024-12-31,False
E009826,4,Sales,Software Engineer,1609218.43,2023-12-17,2024-12-31,False
E009827,4,Sales,Operations Analyst,1251756.09,2024-06-01,2024-12-31,False
E009828,3,Human Resources,Business Analyst,939923.57,2010-02-10,2024-12-31,False
E009829,3,Human Resources,Sales Executive,1702847.3,2016-12-06,2024-12-31,False
E009830,3,Human Resources,Data Analyst,450108.31,2022-05-13,2024-12-31,False
E009831,3,Human Resources,Marketing Specialist,1154612.88,2024-04-06,2024-12-31,False
E009832,5,Marketing,Software Engineer,1597931.38,2018-11-23,2024-12-31,False
E009833,3,Human Resources,Business Analyst,2044946.38,2020-06-27,2024-12-31,False
E009834,1,Engineering,Senior Software Engineer,1570261.66,2023-05-23,2024-12-31,False
E009835,6,Operations,HR Specialist,550653.18,2022-05-11,2024-12-31,False
E009836,3,Human Resources,Product Manager,1114916.0,2022-06-16,2024-12-31,False
E009837,3,Human Resources,Project Manager,1405767.68,2024-04-14,2024-12-31,False
E009838,1,Engineering,Data Scientist,545493.11,2020-07-28,2024-12-31,False
E009839,5,Marketing,Financial Analyst,1427260.68,2023-09-13,2024-12-31,False
E009840,3,Human Resources,Product Manager,2131110.59,2024-06-01,2024-12-31,False
E009841,5,Marketing,Financial Analyst,1126033.6,2020-06-10,2024-12-31,False
E009842,2,Finance,Data Scientist,310652.83,2018-04-06,2024-12-31,False
E009843,6,Operations,HR Specialist,1940107.16,2022-06-20,2024-12-31,False
E009844,3,Human Resources,HR Specialist,315438.4,2021-07-17,2024-12-31,False
E009845,3,Human Resources,Senior Software Engineer,1868947.63,2022-12-18,2024-12-31,False
E009846,5,Marketing,Operations Analyst,326988.3,2016-09-19,2024-12-31,False
E009847,6,Operations,Marketing Specialist,916092.51,2024-06-01,2024-12-31,False
E009848,4,Sales,Senior Software Engineer,964776.0,2022-01-01,2024-12-31,False
E009849,3,Human Resources,Senior Software Engineer,1058925.27,2023-04-01,2024-12-31,False
E009850,2,Finance,Data Analyst,1318401.13,2017-10-22,2024-12-31,False
E009851,3,Human Resources,Data Analyst,1970135.51,2024-02-09,2024-12-31,False
E009852,2,Finance,Senior Software Engineer,1134184.52,2013-05-11,2024-12-31,False
E009853,2,Finance,Financial Analyst,817435.19,2021-03-19,2024-12-31,False
E009854,2,Finance,Sales Executive,2121050.96,2012-07-02,2024-12-31,False
E009855,2,Finance,Data Analyst,1222493.61,2018-03-22,2024-12-31,False
E009856,6,Operations,Product Manager,240041.38,2021-08-05,2024-12-31,False
E009857,2,Finance,Operations Analyst,1942316.71,2023-01-14,2024-12-31,False
E009858,4,Sales,Sales Executive,2201329.53,2019-09-02,2024-12-31,False
E009859,5,Marketing,Operations Analyst,2082857.35,2023-06-09,2024-12-31,False
E009860,4,Sales,Marketing Specialist,1016223.64,2019-04-02,2024-12-31,False
E009861,3,Human Resources,Product Manager,1166713.02,2013-05-27,2024-12-31,False
E009862,2,Finance,Senior Software Engineer,758514.91,2021-04-05,2024-12-31,False
E009863,2,Finance,Financial Analyst,346753.64,2009-01-07,2024-12-31,False
E009864,4,Sales,Software Engineer,2030026.15,2018-01-10,2024-12-31,False
E009865,5,Marketing,Data Analyst,2229505.7,2019-01-10,2024-12-31,False
E009866,6,Operations,Sales Executive,788165.11,2024-03-22,2024-12-31,False
E009867,5,Marketing,Financial Analyst,755423.8,2024-06-01,2024-12-31,False
E009868,5,Marketing,Product Manager,765556.2,2011-04-06,2024-12-31,False
E009869,6,Operations,Marketing Specialist,440057.27,2024-06-01,2024-12-31,False
E009870,1,Engineering,Software Engineer,1912731.37,2015-05-31,2024-12-31,False
E009871,5,Marketing,Operations Analyst,1877592.26,2012-04-06,2024-12-31,False
E009872,2,Finance,Business Analyst,1154318.76,2021-07-10,2024-12-31,False
E009873,5,Marketing,Operations Analyst,288081.46,2023-04-07,2024-12-31,False
E009874,1,Engineering,Software Engineer,1463727.63,2024-01-10,2024-12-31,False
E009875,4,Sales,Financial Analyst,1873159.27,2024-06-01,2024-12-31,False
E009876,2,Finance,Marketing Specialist,848809.16,2015-06-08,2024-12-31,False
E009877,4,Sales,Data Scientist,1934525.0,2024-03-01,2024-12-31,False
E009878,2,Finance,Data Scientist,361466.26,2009-06-26,2024-12-31,False
E009879,5,Marketing,Financial Analyst,1822021.36,2024-06-01,2024-12-31,False
E009880,2,Finance,Senior Software Engineer,1260933.24,2023-09-08,2024-12-31,False
E009881,5,Marketing,Project Manager,1426019.31,2023-11-12,2024-12-31,False
E009882,1,Engineering,Financial Analyst,1707492.14,2024-01-24,2024-12-31,False
E009883,2,Finance,Sales Executive,787672.94,2022-01-13,2024-12-31,False
E009884,5,Marketing,Data Scientist,1837342.94,2014-08-22,2024-12-31,False
E009885,2,Finance,Data Analyst,1785210.23,2023-08-08,2024-12-31,False
E009886,6,Operations,Software Engineer,1573684.02,2015-10-10,2024-12-31,False
E009887,2,Finance,Product Manager,835674.83,2024-06-01,2024-12-31,False
E009888,3,Human Resources,Financial Analyst,766031.51,2020-09-11,2024-12-31,False
E009889,1,Engineering,Marketing Specialist,2013935.66,2018-10-20,2024-12-31,False
E009890,4,Sales,Sales Executive,698511.52,2018-11-14,2024-12-31,False
E009891,2,Finance,Data Scientist,863505.95,2023-11-06,2024-12-31,False
E009892,1,Engineering,Business Analyst,1267995.25,2015-01-26,2024-12-31,False
E009893,2,Finance,Project Manager,356398.42,2022-03-16,2024-12-31,False
E009894,3,Human Resources,Project Manager,333662.21,2014-07-17,2024-12-31,False
E009895,4,Sales,Data Analyst,1647177.0,2023-07-23,2024-12-31,False
E009896,4,Sales,Project Manager,2216594.48,2023-08-07,2024-12-31,False
E009897,4,Sales,Operations Analyst,1233169.68,2019-05-22,2024-12-31,False
E009898,1,Engineering,Product Manager,620759.36,2019-02-02,2024-12-31,False
E009899,1,Engineering,Marketing Specialist,1737299.36,2014-01-04,2024-12-31,False
E009900,3,Human Resources,Project Manager,1121638.27,2009-05-27,2024-12-31,False
E009901,6,Operations,Data Scientist,2375741.95,2022-06-03,2024-12-31,False
E009902,6,Operations,Business Analyst,1682597.94,2023-06-09,2024-12-31,False
E009903,4,Sales,Senior Software Engineer,2259105.15,2022-02-01,2024-12-31,False
E009904,5,Marketing,HR Specialist,803833.33,2014-08-07,2024-12-31,False
E009905,4,Sales,Marketing Specialist,1905528.32,2024-03-18,2024-12-31,False
E009906,3,Human Resources,Financial Analyst,1412449.95,2023-11-26,2024-12-31,False
E009907,5,Marketing,Project Manager,1531311.35,2023-09-01,2024-12-31,False
E009908,5,Marketing,Senior Software Engineer,1190320.26,2003-12-15,2024-12-31,False
E009909,1,Engineering,Product Manager,502738.54,2022-02-28,2024-12-31,False
E009910,2,Finance,Data Scientist,527936.56,2023-12-04,2024-12-31,False
E009911,3,Human Resources,Marketing Specialist,2079295.41,2023-02-22,2024-12-31,False
E009912,1,Engineering,Project Manager,2142354.34,2018-01-25,2024-12-31,False
E009913,4,Sales,Product Manager,1709965.6,2021-05-03,2024-12-31,False
E009914,3,Human Resources,HR Specialist,754318.73,2022-12-13,2024-12-31,False
E009915,6,Operations,Project Manager,1486345.84,2007-08-29,2024-12-31,False
E009916,1,Engineering,Data Scientist,1332755.61,2013-06-10,2024-12-31,False
E009917,6,Operations,HR Specialist,2084927.39,2021-03-01,2024-12-31,False
E009918,5,Marketing,Marketing Specialist,1420351.35,2023-07-01,2024-12-31,False
E009919,6,Operations,Marketing Specialist,717390.87,2022-12-07,2024-12-31,False
E009920,5,Marketing,Sales Executive,1241110.74,2007-11-20,2024-12-31,False
E009921,2,Finance,Software Engineer,1364806.88,2013-07-10,2024-12-31,False
E009922,3,Human Resources,Financial Analyst,1718946.43,2020-01-03,2024-12-31,False
E009923,5,Marketing,Sales Executive,888115.61,2023-10-19,2024-12-31,False
E009924,4,Sales,Software Engineer,1085091.31,2023-07-27,2024-12-31,False
E009925,6,Operations,Data Analyst,2205669.15,2024-06-01,2024-12-31,False
E009926,4,Sales,Financial Analyst,2078738.48,2024-02-07,2024-12-31,False
E009927,6,Operations,Product Manager,2313307.44,2018-11-13,2024-12-31,False
E009928,5,Marketing,Sales Executive,1973470.97,2023-06-04,2024-12-31,False
E009929,5,Marketing,Financial Analyst,364633.75,2020-07-13,2024-12-31,False
E009930,1,Engineering,HR Specialist,1894896.55,2015-05-03,2024-12-31,False
E009931,6,Operations,Software Engineer,1245596.03,2014-01-19,2024-12-31,False
E009932,2,Finance,Software Engineer,984928.77,2002-09-23,2024-12-31,False
E009933,5,Marketing,Sales Executive,456260.86,2017-09-02,2024-12-31,False
E009934,3,Human Resources,Software Engineer,1536660.23,2015-12-10,2024-12-31,False
E009935,5,Marketing,Software Engineer,1365819.35,2021-11-29,2024-12-31,False
E009936,2,Finance,Operations Analyst,2095051.47,2023-07-01,2024-12-31,False
E009937,6,Operations,Sales Executive,1374958.78,2024-06-01,2024-12-31,False
E009938,2,Finance,Marketing Specialist,1048437.2,2023-01-28,2024-12-31,False
E009939,1,Engineering,Software Engineer,1023279.93,2022-09-26,2024-12-31,False
E009940,1,Engineering,Financial Analyst,1699838.72,2021-03-22,2024-12-31,False
E009941,1,Engineering,Financial Analyst,2259828.45,2004-05-09,2024-12-31,False
E009942,2,Finance,Project Manager,890192.78,2023-10-15,2024-12-31,False
E009943,5,Marketing,Senior Software Engineer,1142932.02,2024-06-01,2024-12-31,False
E009944,1,Engineering,Project Manager,1266096.36,2023-10-17,2024-12-31,False
E009945,1,Engineering,Product Manager,837080.87,2009-07-27,2024-12-31,False
E009946,3,Human Resources,Sales Executive,1137459.9,2024-06-01,2024-12-31,False
E009947,5,Marketing,Product Manager,900212.8,2022-07-26,2024-12-31,False
E009948,2,Finance,Senior Software Engineer,1034281.63,2023-01-08,2024-12-31,False
E009949,6,Operations,Project Manager,503212.72,2010-02-15,2024-12-31,False
E009950,3,Human Resources,Financial Analyst,1571909.85,2024-06-01,2024-12-31,False
E009951,5,Marketing,Sales Executive,2105112.12,2010-02-20,2024-12-31,False
E009952,2,Finance,Data Analyst,955390.94,2022-06-30,2024-12-31,False
E009953,3,Human Resources,Financial Analyst,1076276.69,2024-06-01,2024-12-31,False
E009954,3,Human Resources,Operations Analyst,1121458.31,2024-06-01,2024-12-31,False
E009955,5,Marketing,HR Specialist,880306.49,2021-06-18,2024-12-31,False
E009956,1,Engineering,Software Engineer,2086671.45,2023-02-01,2024-12-31,False
E009957,3,Human Resources,Business Analyst,253293.6,2021-11-26,2024-12-31,False
E009958,1,Engineering,Financial Analyst,607125.86,2024-06-01,2024-12-31,False
E009959,3,Human Resources,Senior Software Engineer,475228.42,2022-03-16,2024-12-31,False
E009960,3,Human Resources,Software Engineer,702370.06,2018-09-18,2024-12-31,False
E009961,5,Marketing,Sales Executive,1431424.46,2017-12-31,2024-12-31,False
E009962,5,Marketing,Operations Analyst,1515521.45,2022-06-16,2024-12-31,False
E009963,5,Marketing,Financial Analyst,973107.4,2023-04-08,2024-12-31,False
E009964,3,Human Resources,Product Manager,1611235.94,2020-07-25,2024-12-31,False
E009965,6,Operations,Product Manager,1179179.39,2011-05-05,2024-12-31,False
E009966,2,Finance,Product Manager,2255246.72,2024-06-01,2024-12-31,False
E009967,1,Engineering,Senior Software Engineer,1527095.51,2022-02-08,2024-12-31,False
E009968,2,Finance,Financial Analyst,694584.55,2024-03-04,2024-12-31,False
E009969,1,Engineering,Product Manager,2005815.82,2019-08-25,2024-12-31,False
E009970,3,Human Resources,HR Specialist,364712.84,2012-01-28,2024-12-31,False
E009971,5,Marketing,Sales Executive,871721.39,2011-10-05,2024-12-31,False
E009972,2,Finance,Operations Analyst,2230275.29,2023-11-03,2024-12-31,False
E009973,3,Human Resources,Data Scientist,2128451.56,2015-12-07,2024-12-31,False
E009974,4,Sales,Marketing Specialist,462055.3,2015-05-06,2024-12-31,False
E009975,1,Engineering,Data Analyst,1338466.33,2022-07-31,2024-12-31,False
E009976,2,Finance,Data Scientist,1450235.25,2023-09-03,2024-12-31,False
E009977,3,Human Resources,HR Specialist,2023630.08,2018-06-23,2024-12-31,False
E009978,2,Finance,Project Manager,793035.19,2018-12-05,2024-12-31,False
E009979,3,Human Resources,Product Manager,1447897.45,2021-12-26,2024-12-31,False
E009980,2,Finance,Senior Software Engineer,1043308.2,2024-02-27,2024-12-31,False
E009981,5,Marketing,Marketing Specialist,525650.07,2019-12-27,2024-12-31,False
E009982,2,Finance,Business Analyst,276846.37,2024-03-24,2024-12-31,False
E009983,5,Marketing,Senior Software Engineer,1376981.65,2023-01-09,2024-12-31,False
E009984,4,Sales,Financial Analyst,1867543.02,2021-05-05,2024-12-31,False
E009985,5,Marketing,Financial Analyst,621293.1,2024-06-01,2024-12-31,False
E009986,1,Engineering,Senior Software Engineer,1486093.55,2023-03-27,2024-12-31,False
E009987,3,Human Resources,Product Manager,1050573.69,2016-10-07,2024-12-31,False
E009988,5,Marketing,Business Analyst,1450717.09,2021-10-31,2024-12-31,False
E009989,5,Marketing,Product Manager,1368342.18,2016-08-02,2024-12-31,False
E009990,6,Operations,Sales Executive,1494460.43,2022-01-27,2024-12-31,False
E009991,5,Marketing,Software Engineer,1952016.96,2022-12-05,2024-12-31,False
E009992,1,Engineering,Marketing Specialist,1324996.56,2021-03-28,2024-12-31,False
E009993,4,Sales,Data Analyst,935394.33,2016-01-30,2024-12-31,False
E009994,1,Engineering,Financial Analyst,2121446.51,2007-09-18,2024-12-31,False
E009995,1,Engineering,Business Analyst,2317991.19,2023-12-16,2024-12-31,False
E009996,4,Sales,Business Analyst,512194.42,2017-11-23,2024-12-31,False
E009997,1,Engineering,Marketing Specialist,1273596.69,2021-06-18,2024-12-31,False
E009998,2,Finance,HR Specialist,1890616.01,2018-06-19,2024-12-31,False
E009999,4,Sales,Product Manager,1897989.67,2018-08-13,2024-12-31,False
E010000,2,Finance,Software Engineer,682934.37,2024-06-01,2024-12-31,False
